UNIQUE CODE,STATE,PARLIAMENTARY CONSTITUENCY CODE,PARLIAMENTARY CONSTITUENCY NAME,WINNING PARTY,UNCONTESTED VICTORY,TOTAL ELECTORATE,WINNING MAJORITY,TURNOUT (%),TOTAL BALLOT ISSUED,TOTAL UNRETURNED VOTES,TOTAL REJECTED VOTES,TOTAL VALID VOTES,BN,BN CANDIDATE,BN CANDIDATE SEX,BN CANDIDATE AGE,BN VOTE,BN CANDIDATE LOST DEPOSIT,PR (1),PR (1) CANDIDATE,PR (1) CANDIDATE SEX,PR (1) CANDIDATE AGE,PR (1) VOTE,PR (1) CANDIDATE LOST DEPOSIT,PR (2),PR (2) CANDIDATE,PR (2) CANDIDATE SEX,PR (2) CANDIDATE AGE,PR (2) VOTE,PR (2) CANDIDATE LOST DEPOSIT,OTHER PARTY (1),OTHER PARTY (1) CANDIDATE,OTHER PARTY (1) CANDIDATE SEX,OTHER PARTY (1) CANDIDATE AGE,OTHER PARTY (1) VOTE,OTHER PARTY (1) CANDIDATE LOST DEPOSIT,OTHER PARTY (2),OTHER PARTY (2) CANDIDATE,OTHER PARTY (2) CANDIDATE SEX,OTHER PARTY (2) CANDIDATE AGE,OTHER PARTY (2) VOTE,OTHER PARTY (2) CANDIDATE LOST DEPOSIT,OTHER PARTY (3),OTHER PARTY (3) CANDIDATE,OTHER PARTY (3) CANDIDATE SEX,OTHER PARTY (3) CANDIDATE AGE,OTHER PARTY (3) VOTE,OTHER PARTY (3) CANDIDATE LOST DEPOSIT,INDEPENDENT (1),INDEPDENDENT (1) CANDIDATE,INDEPENDENT (1) CANDIDATE SEX,INDEPENDENT (1) CANDIDATE AGE,INDEPENDENT (1) VOTE,INDEPENDENT (1) CANDIDATE LOST DEPOSIT,INDEPENDENT (2),INDEPDENDENT (2) CANDIDATE,INDEPENDENT (2) CANDIDATE SEX,INDEPENDENT (2) CANDIDATE AGE,INDEPENDENT (2) VOTE,INDEPENDENT (2) CANDIDATE LOST DEPOSIT,INDEPENDENT (3),INDEPDENDENT (3) CANDIDATE,INDEPENDENT (3) CANDIDATE SEX,INDEPENDENT (3) CANDIDATE AGE,INDEPENDENT (3) VOTE,INDEPENDENT (3) CANDIDATE LOST DEPOSIT,INDEPENDENT (4),INDEPENDENT (4) CANDIDATE,INDEPENDENT (4) CANDIDATE SEX,INDEPENDENT (4) CANDIDATE AGE,INDEPENDENT (4) VOTE,INDEPENDENT (4) CANDIDATE LOST DEPOSIT
P.001,PERLIS,P.001,PADANG BESAR,BN - UMNO,,41974,7426,86.11,36142,91,531,35520,UMNO,ZAHIDI BIN ZAINUL ABIDIN,MALE,,21473,,,,,,,,PAS,AZAMHARI BIN MOHAMOOD,MALE,,14047,,,,,,,,,,,,,,,,,,,,,,,,,,,,,,,,,,,,,,,,,,,
P.002,PERLIS,P.002,KANGAR,BN - UMNO,,51207,4037,84.81,43431,115,667,42649,UMNO,IR. SHAHARUDDIN BIN ISMAIL,MALE,,23343,,,,,,,,PAS,HAJI BAHARUDDIN AHMAD,MALE,,19306,,,,,,,,,,,,,,,,,,,,,,,,,,,,,,,,,,,,,,,,,,,
P.003,PERLIS,P.003,ARAU,BN - UMNO,,43876,1371,87.61,38439,127,525,37787,UMNO,SHAHIDAN BIN KASSIM,MALE,,19376,,,,,,,,PAS,DATO’ DR HARON DIN,MALE,,18005,,,,,,,,,,,,,,,,,,,,INDEPENDENT - HIBISCUS,ZAINUDIN BIN YOM,MALE,,406,LOST DEPOSIT,,,,,,,,,,,,,,,,,,
P.004,KEDAH,P.004,LANGKAWI,BN - UMNO,,37536,11861,85.51,32096,219,744,31133,UMNO,DATO’ IR. NAWAWI BIN AHMAD,MALE,,21407,,PKR,DATO’ HJ AHMAD BIN ABDULLAH,MALE,,9546,,,,,,,,,,,,,,,,,,,,,,,,,,INDEPENDENT - CAR,MARINA BINTI HUSSEIN,FEMALE,,180,LOST DEPOSIT,,,,,,,,,,,,,,,,,,
P.005,KEDAH,P.005,JERLUN,BN - UMNO,,52383,3270,87.62,45899,117,730,45052,UMNO,DATO’ OTHMAN BIN HJ AZIZ,MALE,,24161,,,,,,,,PAS,DATO’ DR. ISMAIL BIN SALLEH,MALE,,20891,,,,,,,,,,,,,,,,,,,,,,,,,,,,,,,,,,,,,,,,,,,
P.006,KEDAH,P.006,KUBANG PASU,BN - UMNO,,65550,10444,87.41,57296,238,834,56224,UMNO,MOHD JOHARI BIN BAHARUM,MALE,,33334,,,,,,,,PAS,IR. JAMAL NASIR,MALE,,22890,,,,,,,,,,,,,,,,,,,,,,,,,,,,,,,,,,,,,,,,,,,
P.007,KEDAH,P.007,PADANG TERAP,BN - UMNO,,41960,4442,90.33,37904,104,691,37109,UMNO,DATO’ SERI MAHDZIR BIN KHALID,MALE,,20654,,,,,,,,PAS,USTAZ NASIR BIN HAJI ZAKARIA,MALE,,16212,,,,,,,,,,,,,,,,,,,,INDEPENDENT - AEROPLANE,HAJI MUHAMAD BAZLI,MALE,,243,LOST DEPOSIT,,,,,,,,,,,,,,,,,,
P.008,KEDAH,P.008,POKOK SENA,PR - PAS,,80714,3935,86.14,69524,215,848,68461,UMNO,SHAHLAN BIN ISMAIL,MALE,,32263,,,,,,,,PAS,DATO' MAHFUZ OMAR,MALE,,36198,,,,,,,,,,,,,,,,,,,,,,,,,,,,,,,,,,,,,,,,,,,
P.009,KEDAH,P.009,ALOR STAR,PR - PKR,,69009,1873,83.92,57912,200,1070,56642,MCA,CHOR CHEE HEUNG,MALE,,25491,,PKR,GOOI HSIAO-LEUNG,MALE,,27364,,,,,,,,BERJASA,USTAZ HAJI ABDUL FISOL BIN MOHD ISA,MALE,,3530,LOST DEPOSIT,BERSAMA,JAWAHAR RAJA BIN ABDUL WAHID,MALE,,257,LOST DEPOSIT,,,,,,,,,,,,,,,,,,,,,,,,,,,,,,
P.010,KEDAH,P.010,KUALA KEDAH,PR - PKR,,95328,4947,86.28,82253,248,1212,80793,UMNO,DR.ZAKI ZAMANI BIN ABD RASHID,MALE,,37923,,PKR,DR. AZMAN BIN ISMAIL,MALE,,42870,,,,,,,,,,,,,,,,,,,,,,,,,,,,,,,,,,,,,,,,,,,,,,,,,
P.011,KEDAH,P.011,PENDANG,BN - UMNO,,70135,2638,89.23,62578,127,759,61692,UMNO,DATO’ OTHMAN BIN ABDUL,MALE,,32165,,,,,,,,PAS,MOHAMAD SABU,MALE,,29527,,,,,,,,,,,,,,,,,,,,,,,,,,,,,,,,,,,,,,,,,,,
P.012,KEDAH,P.012,JERAI,BN - UMNO,,74410,1196,87.06,64778,164,952,63662,UMNO,DATO SERI JAMIL KHIR BIN BAHAROM,MALE,,32429,,,,,,,,PAS,MOHD FIRDAUS BIN JAAFAR,MALE,,31233,,,,,,,,,,,,,,,,,,,,,,,,,,,,,,,,,,,,,,,,,,,
P.013,KEDAH,P.013,SIK,BN - UMNO,,46786,2807,89.94,42077,85,631,41361,UMNO,DR MANSOR,MALE,,22084,,,,,,,,PAS,CHE UDA BIN CHE NIK,MALE,,19277,,,,,,,,,,,,,,,,,,,,,,,,,,,,,,,,,,,,,,,,,,,
P.014,KEDAH,P.014,MERBOK,BN - UMNO,,85908,4122,86.74,74520,226,1340,72954,UMNO,DR. ISMAIL BIN DAUT,MALE,,38538,,PKR,NURIN AINA,FEMALE,,34416,,,,,,,,,,,,,,,,,,,,,,,,,,,,,,,,,,,,,,,,,,,,,,,,,
P.015,KEDAH,P.015,SUNGAI PETANI,PR - PKR,,93176,9548,86.96,81024,253,959,79812,UMNO,SYAMSUL ANUAR ISMAIL,MALE,,34646,,PKR,DATO’ JOHARI ABDUL,MALE,,44194,,,,,,,,,,,,,,,,,,,,KITA,SUHAIMI BIN HASHIM,MALE,,200,LOST DEPOSIT,INDEPENDENT - ELEPHANT,ONG WEI SIN,MALE,,772,LOST DEPOSIT,,,,,,,,,,,,,,,,,,
P.016,KEDAH,P.016,BALING,BN - UMNO,,93168,5185,89.20,83109,195,1091,81823,UMNO,DATUK AZEEZ RAHIM,MALE,,43504,,,,,,,,PAS,USTAZ NAJMI HJ AHMAD,MALE,,38319,,,,,,,,,,,,,,,,,,,,,,,,,,,,,,,,,,,,,,,,,,,
P.017,KEDAH,P.017,PADANG SERAI,PR - PKR,,74095,8437,87.16,64584,197,1223,63164,MCA,HENG SEAI KIE,FEMALE,,25714,,PKR,N SURENDRAN,MALE,,34151,,,,,,,,BERJASA,USTAZ HAMIDI BIN ABU HASSAN,MALE,,2630,LOST DEPOSIT,,,,,,,,,,,,,INDEPENDENT - HIBISCUS,GOBALAKRISHNAN A/L NAGAPAN,MALE,,390,LOST DEPOSIT,INDEPENDENT - BIRD,CIKGU OTHMAN BIN WAWI,MALE,,279,LOST DEPOSIT,,,,,,,,,,,,
P.018,KEDAH,P.018,KULIM-BANDAR BAHARU,BN - UMNO,,60910,1871,86.63,52766,234,839,51693,UMNO,DATO’ ABD. AZIZ HAJI SHEIKH FADZIR,MALE,,26782,,PKR,SAIFUDDIN NASUTION BIN ISMAIL,MALE,,24911,,,,,,,,,,,,,,,,,,,,,,,,,,,,,,,,,,,,,,,,,,,,,,,,,
P.019,KELANTAN,P.019,TUMPAT,PR - PAS,,98632,10704,84.11,82962,198,1086,81678,UMNO,HAJI MANSOR,MALE,,35487,,,,,,,,PAS,DATO’ KAMARUDIN BIN JAFFAR,MALE,,46191,,,,,,,,,,,,,,,,,,,,,,,,,,,,,,,,,,,,,,,,,,,
P.020,KELANTAN,P.020,PENGKALAN CHEPA,PR - PAS,,64409,15120,85.37,54985,188,683,54114,UMNO,DATUK DALI,MALE,,19497,,,,,,,,PAS,DR IZANI,MALE,,34617,,,,,,,,,,,,,,,,,,,,,,,,,,,,,,,,,,,,,,,,,,,
P.021,KELANTAN,P.021,KOTA BHARU,PR - PAS,,81268,15970,81.55,66277,193,666,65418,UMNO,FATMI,MALE,,24650,,,,,,,,PAS,DATO’ TAKIYUDDIN,MALE,,40620,,,,,,,,,,,,,,,,,,,,INDEPENDENT - BOOK,MOHD ZAKIMAN BIN ABU BAKAR,MALE,,148,LOST DEPOSIT,,,,,,,,,,,,,,,,,,
P.022,KELANTAN,P.022,PASIR MAS,PR - PAS,,71965,8047,83.61,60168,238,1115,58815,,,,,,,,,,,,,PAS,USTAZ NIK ABDUH,MALE,,33431,,,,,,,,,,,,,,,,,,,,INDEPENDENT - HIBISCUS,DATO’ IBRAHIM ALI,MALE,,25384,,,,,,,,,,,,,,,,,,,
P.023,KELANTAN,P.023,RANTAU PANJANG,PR - PAS,,52903,6362,79.27,41934,130,632,41172,UMNO,CIK GU LI,MALE,,17405,,,,,,,,PAS,KAK LAH,FEMALE,,23767,,,,,,,,,,,,,,,,,,,,,,,,,,,,,,,,,,,,,,,,,,,
P.024,KELANTAN,P.024,KUBANG KERIAN,PR - PAS,,65390,16741,84.28,55108,224,605,54279,UMNO,HJ. ANUAR SAFIAN,MALE,,18769,,,,,,,,PAS,USTAZ BAIHAKI,MALE,,35510,,,,,,,,,,,,,,,,,,,,,,,,,,,,,,,,,,,,,,,,,,,
P.025,KELANTAN,P.025,BACHOK,PR - PAS,,81566,201,88.02,71792,208,947,70637,UMNO,DATO’ AWANG ADEK,MALE,,35218,,,,,,,,PAS,USTAZ MARZUK,MALE,,35419,,,,,,,,,,,,,,,,,,,,,,,,,,,,,,,,,,,,,,,,,,,
P.026,KELANTAN,P.026,KETEREH,BN - UMNO,,62217,974,86.64,53906,180,876,52850,UMNO,TAN SRI ANNUAR MUSA,MALE,,26912,,PKR,HJ. AB. AZIZ,MALE,,25938,,,,,,,,,,,,,,,,,,,,,,,,,,,,,,,,,,,,,,,,,,,,,,,,,
P.027,KELANTAN,P.027,TANAH MERAH,BN - UMNO,,58237,4227,85.87,50009,137,876,48996,UMNO,DATO HJ IKMAL HISHAM,MALE,,26505,,PKR,NIK MAHMOOD,MALE,,22278,,,,,,,,,,,,,,,,,,,,,,,,,,INDEPENDENT - HIBISCUS,FIZAL HARUN,MALE,,213,LOST DEPOSIT,,,,,,,,,,,,,,,,,,
P.028,KELANTAN,P.028,PASIR PUTEH,PR - PAS,,76259,1888,86.85,66232,192,770,65270,UMNO,TUAN MUSTAFFA,MALE,,31691,,,,,,,,PAS,DATO’ DR. NIK MAZIAN,MALE,,33579,,,,,,,,,,,,,,,,,,,,,,,,,,,,,,,,,,,,,,,,,,,
P.029,KELANTAN,P.029,MACHANG,BN - UMNO,,59226,805,86.74,51372,128,729,50515,UMNO,DATUK JAZLAN,MALE,,25660,,PKR,DR WAN ZAWAWI,MALE,,24855,,,,,,,,,,,,,,,,,,,,,,,,,,,,,,,,,,,,,,,,,,,,,,,,,
P.030,KELANTAN,P.030,JELI,BN - UMNO,,43224,5336,87.62,37871,93,424,37354,UMNO,DATO’ PA,MALE,,21345,,,,,,,,PAS,HAJI PENDI,MALE,,16009,,,,,,,,,,,,,,,,,,,,,,,,,,,,,,,,,,,,,,,,,,,
P.031,KELANTAN,P.031,KUALA KRAI,PR - PAS,,63101,2043,86.60,54643,128,720,53795,UMNO,TUAN AZIZ TUAN MAT,MALE,,25876,,,,,,,,PAS,DR HATTA RAMLI,MALE,,27919,,,,,,,,,,,,,,,,,,,,,,,,,,,,,,,,,,,,,,,,,,,
P.032,KELANTAN,P.032,GUA MUSANG,BN - UMNO,,40176,8413,87.36,35097,64,712,34321,UMNO,TENGKU RAZALEIGH HAMZAH,MALE,,21367,,,,,,,,PAS,DATO WAN RAHIM,MALE,,12954,,,,,,,,,,,,,,,,,,,,,,,,,,,,,,,,,,,,,,,,,,,
P.033,TERENGGANU,P.033,BESUT,BN - UMNO,,72566,8342,86.84,63017,254,641,62122,UMNO,DATO’  SERI HJ  IDRIS JUSOH,MALE,,35232,,,,,,,,PAS,USTAZ RIDUAN  MOHD NOR,MALE,,26890,,,,,,,,,,,,,,,,,,,,,,,,,,,,,,,,,,,,,,,,,,,
P.034,TERENGGANU,P.034,SETIU,BN - UMNO,,67280,7943,88.08,59262,124,685,58453,UMNO,CHE MOHAMAD ZULKIFLY BIN JUSOH,MALE,,33198,,,,,,,,PAS,HAJI OMAR SIDEK,MALE,,25255,,,,,,,,,,,,,,,,,,,,,,,,,,,,,,,,,,,,,,,,,,,
P.035,TERENGGANU,P.035,KUALA NERUS,PR - PAS,,76238,610,89.24,68036,152,772,67112,UMNO,DATO’ MOHD NASIR B.  TAN SRI IBRAHIM FIKRI,MALE,,33251,,,,,,,,PAS,UST DR  KHAIRUDDIN  AT-TAKIRI,MALE,,33861,,,,,,,,,,,,,,,,,,,,,,,,,,,,,,,,,,,,,,,,,,,
P.036,TERENGGANU,P.036,KUALA TERENGGANU,PR - PAS,,94406,10785,86.99,82122,224,845,81053,UMNO,MOHD ZUBIR BIN EMBONG,MALE,,35043,,,,,,,,PAS,RAJA KAMARUL,MALE,,45828,,,,,,,,,,,,,,,,,,,,INDEPENDENT - KEY,MAIMUN BINTI YUSUF,FEMALE,,182,LOST DEPOSIT,,,,,,,,,,,,,,,,,,
P.037,TERENGGANU,P.037,MARANG,PR - PAS,,90795,5124,90.13,81829,180,805,80844,UMNO,DATO’ HJ. YAHYA BIN KHATIB MOHAMAD,MALE,,37860,,,,,,,,PAS,DATO’ SERI TUAN GURU HAJI ABDUL HADI AWANG,MALE,,42984,,,,,,,,,,,,,,,,,,,,,,,,,,,,,,,,,,,,,,,,,,,
P.038,TERENGGANU,P.038,HULU TERENGGANU,BN - UMNO,,63543,8213,89.13,56634,144,823,55667,UMNO,DATO’ JAILANI  JOHAR,MALE,,31940,,,,,,,,PAS,USTAZ KAMARUZAMAN BIN ABDULLAH,MALE,,23727,,,,,,,,,,,,,,,,,,,,,,,,,,,,,,,,,,,,,,,,,,,
P.039,TERENGGANU,P.039,DUNGUN,PR - PAS,,78174,3942,87.25,68204,157,909,67138,UMNO,DATUK ROSLI MAT HASSAN,MALE,,31406,,,,,,,,PAS,USTAZ WAN HASSAN,MALE,,35348,,,,,,,,,,,,,,,,,,,,INDEPENDENT - HIBISCUS,MAZLAN BIN HARUN,MALE,,384,LOST DEPOSIT,,,,,,,,,,,,,,,,,,
P.040,TERENGGANU,P.040,KEMAMAN,BN - UMNO,,91942,12306,87.19,80168,197,1227,78744,UMNO,AHMAD SHABERY CHEEK,MALE,,45525,,PKR,KAMARUDIN CHIK,MALE,,33219,,,,,,,,,,,,,,,,,,,,,,,,,,,,,,,,,,,,,,,,,,,,,,,,,
P.041,PULAU PINANG,P.041,KEPALA BATAS,BN - UMNO,,51635,4176,90.52,46740,75,585,46080,UMNO,DATO’ SERI REEZAL MERICAN BIN NAINA MERICAN,MALE,,25128,,,,,,,,PAS,USTAZ AFNAN HAMIMI BIN DATO’ TAIB AZAMUDDEN,MALE,,20952,,,,,,,,,,,,,,,,,,,,,,,,,,,,,,,,,,,,,,,,,,,
P.042,PULAU PINANG,P.042,TASEK GELUGOR,BN - UMNO,,54042,3042,89.04,48121,112,675,47334,UMNO,HJ SHABUDIN BIN YAHAYA,MALE,,24393,,,,,,,,PAS,DATO’ SERI ABDUL RAHMAN MAIDIN,MALE,,21351,,,,,,,,,,,,,,,,,,,,INDEPENDENT - KEY,DATO SERI MOHD SHARIFF BIN OMAR,MALE,,1590,LOST DEPOSIT,,,,,,,,,,,,,,,,,,
P.043,PULAU PINANG,P.043,BAGAN,PR - DAP,,68503,34159,87.28,59792,57,634,59101,MCA,DAVID CHUA TEIK SIANG,MALE,,12307,,DAP,LIM GUAN ENG,MALE,,46466,,,,,,,,PCM,LIM KIM CHU,MALE,,328,LOST DEPOSIT,,,,,,,,,,,,,,,,,,,,,,,,,,,,,,,,,,,,
P.044,PULAU PINANG,P.044,PERMATANG PAUH,PR - PKR,,71699,11721,88.53,63475,143,672,62660,UMNO,DR HAJI MAZLAN ISMAIL,MALE,,25369,,PKR,DATO’ SERI ANWAR IBRAHIM,MALE,,37090,,,,,,,,,,,,,,,,,,,,,,,,,,INDEPENDENT - HIBISCUS,DR. ZAWAWI,MALE,,201,LOST DEPOSIT,,,,,,,,,,,,,,,,,,
P.045,PULAU PINANG,P.045,BUKIT MERTAJAM,PR - DAP,,78996,43063,88.09,69588,185,712,68691,MCA,GUI GUAT LYE,MALE,,12814,,DAP,SIM CHEE KEONG,MALE,,55877,,,,,,,,,,,,,,,,,,,,,,,,,,,,,,,,,,,,,,,,,,,,,,,,,
P.046,PULAU PINANG,P.046,BATU KAWAN,PR - DAP,,57500,25962,87.32,50208,69,723,49416,GERAKAN,N. GOBALAKRISHNAN,MALE,,10674,,DAP,KASTHURIRAANI A/P PATTO,FEMALE,,36636,,,,,,,,PCM,HUAN CHENG GUAN,MALE,,1801,LOST DEPOSIT,,,,,,,,,,,,,INDEPENDENT - HIBISCUS,MOHAN APPAROO,MALE,,305,LOST DEPOSIT,,,,,,,,,,,,,,,,,,
P.047,PULAU PINANG,P.047,NIBONG TEBAL,PR - PKR,,59345,8598,88.63,52599,61,833,51705,UMNO,DATO’ ZAINAL ABIDIN OSMAN,MALE,,21405,,PKR,DATO’ MANSOR OTHMAN,MALE,,30003,,,,,,,,,,,,,,,,,,,,,,,,,,INDEPENDENT - KEY,TENG KOK PHENG,MALE,,297,LOST DEPOSIT,,,,,,,,,,,,,,,,,,
P.048,PULAU PINANG,P.048,BUKIT BENDERA,PR - DAP,,71085,32778,83.17,59118,99,615,58404,GERAKAN,TEH LEONG MENG,MALE,,12813,,DAP,ZAIRIL KHIR JOHARI,MALE,,45591,,,,,,,,,,,,,,,,,,,,,,,,,,,,,,,,,,,,,,,,,,,,,,,,,
P.049,PULAU PINANG,P.049,TANJONG,PR - DAP,,51487,28645,83.33,42903,33,495,42375,GERAKAN,NG SONG KHENG,MALE,,6865,,DAP,NG WEI AIK,MALE,,35510,,,,,,,,,,,,,,,,,,,,,,,,,,,,,,,,,,,,,,,,,,,,,,,,,
P.050,PULAU PINANG,P.050,JELUTONG,PR - DAP,,71247,25750,86.62,61715,274,769,60672,GERAKAN,NG FOOK ON,MALE,,17461,,DAP,OOI CHUAN AUN,MALE,,43211,,,,,,,,,,,,,,,,,,,,,,,,,,,,,,,,,,,,,,,,,,,,,,,,,
P.051,PULAU PINANG,P.051,BUKIT GELUGOR,PR - DAP,,81897,42706,86.31,70683,129,654,69900,MCA,TEH BENG YEAM,MALE,,13597,,DAP,KARPAL SINGH,MALE,,56303,,,,,,,,,,,,,,,,,,,,,,,,,,,,,,,,,,,,,,,,,,,,,,,,,
P.052,PULAU PINANG,P.052,BAYAN BARU,PR - PKR,,79155,19307,86.98,68846,187,850,67809,MCA,TANG HEAP SENG,MALE,,24251,,PKR,SIM TZE TZIN,MALE,,43558,,,,,,,,,,,,,,,,,,,,,,,,,,,,,,,,,,,,,,,,,,,,,,,,,
P.053,PULAU PINANG,P.053,BALIK PULAU,BN - UMNO,,49641,1539,88.18,43773,64,612,43097,UMNO,DATO’ SERI DR. HJ. HILMI BIN HJ. YAHAYA,MALE,,22318,,PKR,HJ. BAKHTIAR WAN CHIK,MALE,,20779,,,,,,,,,,,,,,,,,,,,,,,,,,,,,,,,,,,,,,,,,,,,,,,,,
P.054,PERAK,P.054,GERIK,BN - UMNO,,32725,6216,83.77,27414,306,494,26614,UMNO,DATO HASBULLAH OSMAN,MALE,,16415,,,,,,,,PAS,NORHAYATI BINTI KASIM,FEMALE,,10199,,,,,,,,,,,,,,,,,,,,,,,,,,,,,,,,,,,,,,,,,,,
P.055,PERAK,P.055,LENGGONG,BN - UMNO,,27950,4161,84.92,23736,251,368,23117,UMNO,SHAMSUL ANUAR NASARAH,MALE,,13639,,,,,,,,PAS,HJ RAZMAN BIN ZAKARIA,MALE,,9478,,,,,,,,,,,,,,,,,,,,,,,,,,,,,,,,,,,,,,,,,,,
P.056,PERAK,P.056,LARUT,BN - UMNO,,46577,5296,86.09,40100,171,579,39350,UMNO,DATO HAMZAH ZAINUDIN,MALE,,22184,,,,,,,,PAS,DATO’ FAUZI SA’ARI,MALE,,16888,,,,,,,,,,,,,,,,,,,,INDEPENDENT - HIBISCUS,RAVE,MALE,,278,LOST DEPOSIT,,,,,,,,,,,,,,,,,,
P.057,PERAK,P.057,PARIT BUNTAR,PR - PAS,,51422,8476,86.16,44306,134,618,43554,UMNO,MUA’AMAR GHADAFI JAMAL,MALE,,17539,,,,,,,,PAS,DATO’ DR MUJAHID YUSOF RAWA,MALE,,26015,,,,,,,,,,,,,,,,,,,,,,,,,,,,,,,,,,,,,,,,,,,
P.058,PERAK,P.058,BAGAN SERAI,BN - UMNO,,54792,1140,84.65,46384,71,1096,45217,UMNO,DR NOOR AZMI,MALE,,23014,,PKR,MUHAMMAD NUR MANUTY,MALE,,21874,,,,,,,,,,,,,,,,,,,,,,,,,,INDEPENDENT - TELEPHONE,HJ. ABDUL LATIFF B. DATO’ MAS’UD,MALE,,329,LOST DEPOSIT,,,,,,,,,,,,,,,,,,
P.059,PERAK,P.059,BUKIT GANTANG,PR - PAS,,71257,986,85.63,61018,130,748,60140,UMNO,DATO’ ISMAIL SAFFIAN,MALE,,29577,,,,,,,,PAS,USTAZ IDRIS BIN AHMAD,MALE,,30563,,,,,,,,,,,,,,,,,,,,,,,,,,,,,,,,,,,,,,,,,,,
P.060,PERAK,P.060,TAIPING,PR - DAP,,78148,11745,81.78,63913,164,944,62805,GERAKAN,DATO’ TAN LIAN HOE,FEMALE,,25530,,DAP,NGA KOR MING,MALE,,37275,,,,,,,,,,,,,,,,,,,,,,,,,,,,,,,,,,,,,,,,,,,,,,,,,
P.061,PERAK,P.061,PADANG RENGAS,BN - UMNO,,28518,2230,84.96,24230,40,410,23780,UMNO,DATO SERI MOHAMED NAZRI BIN ABDUL AZIZ,MALE,,13005,,PKR,DR MEOR AHMAD,MALE,,10775,,,,,,,,,,,,,,,,,,,,,,,,,,,,,,,,,,,,,,,,,,,,,,,,,
P.062,PERAK,P.062,SUNGAI SIPUT,PR - PKR,,51596,2793,80.66,41617,45,982,40590,MIC,S.K DEVAMANY,MALE,,18800,,PKR,DR KUMAR,MALE,,21593,,,,,,,,,,,,,,,,,,,,,,,,,,INDEPENDENT - SAMPAN,S.P NAGALINGAM,MALE,,197,LOST DEPOSIT,,,,,,,,,,,,,,,,,,
P.063,PERAK,P.063,TAMBUN,BN - UMNO,,89435,9325,85.29,76275,218,1196,74861,UMNO,DATO’ SERI HAJI HUSNI HANADZLAH,MALE,,42093,,PKR,SITI AISHAH,FEMALE,,32768,,,,,,,,,,,,,,,,,,,,,,,,,,,,,,,,,,,,,,,,,,,,,,,,,
P.064,PERAK,P.064,IPOH TIMOR,PR - DAP,,81818,34000,79.71,65217,211,834,64172,MCA,KATHLEEN WONG MEI YIN,FEMALE,,15086,,DAP,SU KEONG SIONG,MALE,,49086,,,,,,,,,,,,,,,,,,,,,,,,,,,,,,,,,,,,,,,,,,,,,,,,,
P.065,PERAK,P.065,IPOH BARAT,PR - DAP,,77761,29038,81.11,63074,162,875,62037,MCA,DR. CHENG WEI YEE,MALE,,16382,,DAP,M. KULA,MALE,,45420,,,,,,,,,,,,,,,,,,,,,,,,,,INDEPENDENT - HORSE,KALWANT SINGH,MALE,,235,LOST DEPOSIT,,,,,,,,,,,,,,,,,,
P.066,PERAK,P.066,BATU GAJAH,PR - DAP,,87587,38410,80.23,70270,174,966,69130,MCA,LOO THIN TUCK,MALE,,15360,,DAP,V. SIVAKUMAR,MALE,,53770,,,,,,,,,,,,,,,,,,,,,,,,,,,,,,,,,,,,,,,,,,,,,,,,,
P.067,PERAK,P.067,KUALA KANGSAR,BN - UMNO,,33540,1082,84.33,28283,75,407,27801,UMNO,DATO WAN KHAIR-IL ANUAR,MALE,,14218,,,,,,,,PAS,DRS. KHALIL IDHAM LIM,MALE,,13136,,,,,,,,,,,,,,,,,,,,INDEPENDENT - BOOK,KAMILIA IBRAHIM,FEMALE,,447,LOST DEPOSIT,,,,,,,,,,,,,,,,,,
P.068,PERAK,P.068,BERUAS,PR - DAP,,49205,5057,80.45,39586,78,687,38821,GERAKAN,DATO CHANG KO YOUN,MALE,,16882,,DAP,NGEH KOO HAM,MALE,,21939,,,,,,,,,,,,,,,,,,,,,,,,,,,,,,,,,,,,,,,,,,,,,,,,,
P.069,PERAK,P.069,PARIT,BN - UMNO,,33503,4497,85.40,28613,72,532,28009,UMNO,DATO' HAJI MOHD ZAIM,MALE,,16253,,,,,,,,PAS,UST. MUHD ISMI BIN MAT TAIB ,MALE,,11756,,,,,,,,,,,,,,,,,,,,,,,,,,,,,,,,,,,,,,,,,,,
P.070,PERAK,P.070,KAMPAR,PR - DAP,,63619,5400,77.45,49272,126,820,48326,MCA,LEE CHEE LEONG,MALE,,21463,,DAP,KO CHUNG SEN,MALE,,26863,,,,,,,,,,,,,,,,,,,,,,,,,,,,,,,,,,,,,,,,,,,,,,,,,
P.071,PERAK,P.071,GOPENG,PR - PKR,,97092,15309,83.88,81442,179,1456,79807,MCA,TAN CHIN MENG,MALE,,32249,,PKR,DR LEE BOON CHYE,MALE,,47558,,,,,,,,,,,,,,,,,,,,,,,,,,,,,,,,,,,,,,,,,,,,,,,,,
P.072,PERAK,P.072,TAPAH,BN - MIC,,45485,7927,81.25,36957,102,1052,35803,MIC,DATUK M. SARAVANAN,MALE,,20670,,PKR,VASANTHA KUMAR K,MALE,,12743,,,,,,,,BERJASA,USTAZ SHAHARUZZAMAN,MALE,,2053,LOST DEPOSIT,,,,,,,,,,,,,INDEPENDENT - TREE,RIDZUAN,MALE,,337,LOST DEPOSIT,,,,,,,,,,,,,,,,,,
P.073,PERAK,P.073,PASIR SALAK,BN - UMNO,,51498,7386,84.53,43533,161,1008,42364,UMNO,DATO’ HAJI TAJUDDIN BIN ABDUL RAHMAN,MALE,,24875,,PKR,MUSTAFFA KAMIL AYUB,MALE,,17489,,,,,,,,,,,,,,,,,,,,,,,,,,,,,,,,,,,,,,,,,,,,,,,,,
P.074,PERAK,P.074,LUMUT,PR - PKR,,88300,8168,83.53,73756,175,1133,72448,MCA,KONG CHO HA,MALE,,32140,,PKR,LAKSAMANA PERTAMA (B) HJ. IMRAN ABD. HAMID,MALE,,40308,,,,,,,,,,,,,,,,,,,,,,,,,,,,,,,,,,,,,,,,,,,,,,,,,
P.075,PERAK,P.075,BAGAN DATOK,BN - UMNO,,39924,2108,82.83,33069,109,716,32244,UMNO,DATO’ SERI DR. AHMAD ZAHID HAMIDI,MALE,,17176,,PKR,MADHI HAJI HASAN,MALE,,15068,,,,,,,,,,,,,,,,,,,,,,,,,,,,,,,,,,,,,,,,,,,,,,,,,
P.076,PERAK,P.076,TELOK INTAN,PR - DAP,,60483,7313,80.75,48839,190,885,47764,GERAKAN,MAH SIEW KEONG,MALE,,20086,,DAP,SEAH LEONG PENG,MALE,,27399,,,,,,,,,,,,,,,,,,,,,,,,,,INDEPENDENT - KEY,MURAALIE KANAN,MALE,,279,LOST DEPOSIT,,,,,,,,,,,,,,,,,,
P.077,PERAK,P.077,TANJONG MALIM,BN - MCA,,64499,4328,82.79,53399,162,1115,52122,MCA,DATO' SERI ONG KA CHUAN,MALE,,28225,,PKR,TAN YEE KEW,FEMALE,,23897,,,,,,,,,,,,,,,,,,,,,,,,,,,,,,,,,,,,,,,,,,,,,,,,,
P.078,PAHANG,P.078,CAMERON HIGHLANDS,BN - MIC,,27980,462,81.32,22754,6,877,21871,MIC,DATUK SERI G. PALANIVEL ,MALE,64,10506,,DAP,M. MANOGARAN,MALE,54,10044,,,,,,,,BERJASA,MOHD SHOKRI MAHMOOD,MALE,,912,LOST DEPOSIT,,,,,,,,,,,,,INDEPENDENT - PEN,NP KISHO KUMAR,MALE,,101,LOST DEPOSIT,INDEPENDENT - HIBISCUS,ALAGU A/L THANGARAJOO,MALE,,308,LOST DEPOSIT,,,,,,,,,,,,
P.079,PAHANG,P.079,LIPIS,BN - UMNO,,32324,3469,83.92,27126,140,426,26560,UMNO,ABDUL RAHMAN,MALE,,14863,,,,,,,,PAS,MOHD MAHYUDDIN BIN GHAZAL @ RAZALI,MALE,,11394,,,,,,,,,,,,,,,,,,,,INDEPENDENT - BOOK,AISHATON ABU BAKAR,FEMALE,,303,LOST DEPOSIT,,,,,,,,,,,,,,,,,,
P.080,PAHANG,P.080,RAUB,PR - DAP,,54214,2814,83.11,45059,116,927,44016,MCA,DATO’ HOH KHAI MUN,MALE,,20601,,DAP,DATO ARIFF SABRI BIN ABDUL AZIZ,MALE,,23415,,,,,,,,,,,,,,,,,,,,,,,,,,,,,,,,,,,,,,,,,,,,,,,,,
P.081,PAHANG,P.081,JERANTUT,BN - UMNO,,58364,4532,84.98,49600,139,905,48556,UMNO,AHMAD NAZLAN BIN IDRIS,MALE,,26544,,,,,,,,PAS,DR. HAMZAH,MALE,,22012,,,,,,,,,,,,,,,,,,,,,,,,,,,,,,,,,,,,,,,,,,,
P.082,PAHANG,P.082,INDERA MAHKOTA,PR - PKR,,64219,7523,85.23,54737,210,689,53838,UMNO,DATO’ WAN ADNAN BIN WAN MAMAT,MALE,,23061,,PKR,DATO’ FAUZI ABDUL RAHMAN,MALE,,30584,,,,,,,,,,,,,,,,,,,,,,,,,,INDEPENDENT - KEY,RAM PONUSAMY,MALE,,193,LOST DEPOSIT,,,,,,,,,,,,,,,,,,
P.083,PAHANG,P.083,KUANTAN,PR - PKR,,56280,4515,85.04,47858,135,570,47153,UMNO,MOHAMED SUFFIAN BIN AWANG,MALE,,21319,,PKR,FUZIAH BINTI SALLEH,FEMALE,,25834,,,,,,,,,,,,,,,,,,,,,,,,,,,,,,,,,,,,,,,,,,,,,,,,,
P.084,PAHANG,P.084,PAYA BESAR,BN - UMNO,,48067,7715,84.95,40834,140,643,40051,UMNO,ABDUL MANAN BIN ISMAIL,MALE,,23747,,PKR,MURNIE HIDAYAH,FEMALE,,16032,,,,,,,,,,,,,,,,,,,,,,,,,,INDEPENDENT - KEY,HAJI ZAHARI,MALE,,272,LOST DEPOSIT,,,,,,,,,,,,,,,,,,
P.085,PAHANG,P.085,PEKAN,BN - UMNO,,80260,35613,85.30,68464,246,1275,66943,UMNO,MOHD NAJIB TUN ABD RAZAK,MALE,,51278,,PKR,FARIZ MUSA,MALE,,15665,,,,,,,,,,,,,,,,,,,,,,,,,,,,,,,,,,,,,,,,,,,,,,,,,
P.086,PAHANG,P.086,MARAN,BN - UMNO,,38436,6475,85.21,32750,155,572,32023,UMNO,DATO’ HAJI ISMAIL BIN ABD MUTTALIB,MALE,,19249,,,,,,,,PAS,USTAZ MUJIBUR RAHMAN,MALE,,12774,,,,,,,,,,,,,,,,,,,,,,,,,,,,,,,,,,,,,,,,,,,
P.087,PAHANG,P.087,KUALA KRAU,BN - UMNO,,43003,6205,87.58,37663,115,603,36945,UMNO,DATO’ HAJI ISMAIL BIN HAJI MOHAMED SAID,MALE,,21575,,,,,,,,PAS,USTAZ SHAHRIL AZMAN BIN ABDUL HALIM AL-HAFIZ,MALE,,15370,,,,,,,,,,,,,,,,,,,,,,,,,,,,,,,,,,,,,,,,,,,
P.088,PAHANG,P.088,TEMERLOH,PR - PAS,,66105,1070,85.61,56595,154,977,55464,UMNO,DATO’ SAIFUDDIN ABDULLAH,MALE,,27197,,,,,,,,PAS,USTAZ NASRUDIN TANTAWI,MALE,,28267,,,,,,,,,,,,,,,,,,,,,,,,,,,,,,,,,,,,,,,,,,,
P.089,PAHANG,P.089,BENTONG,BN - MCA,,62266,379,84.52,52628,125,988,51515,MCA,LIOW TIONG LAI,MALE,,25947,,DAP,WONG TACK,MALE,,25568,,,,,,,,,,,,,,,,,,,,,,,,,,,,,,,,,,,,,,,,,,,,,,,,,
P.090,PAHANG,P.090,BERA,BN - UMNO,,50997,2143,84.21,42944,114,965,41865,UMNO,ISMAIL SABRI BIN YAAKOB,MALE,,21669,,PKR,ZAKARIA BIN ABDUL HAMID,MALE,,19526,,,,,,,,,,,,,,,,,,,,,,,,,,INDEPENDENT - CHAIR,MOHD WALI AHMAD,MALE,,670,LOST DEPOSIT,,,,,,,,,,,,,,,,,,
P.091,PAHANG,P.091,ROMPIN,BN - UMNO,,53596,15114,85.85,46014,165,883,44966,UMNO,DATO’ SRI DR. HAJI JAMALUDIN BIN DATO’ JARJIS,MALE,,30040,,,,,,,,PAS,USTAZAH NURIDAH,FEMALE,,14926,,,,,,,,,,,,,,,,,,,,,,,,,,,,,,,,,,,,,,,,,,,
P.092,SELANGOR,P.092,SABAK BERNAM,BN - UMNO,,37318,1890,85.37,31859,153,576,31130,UMNO,MOHD FASIAH BIN MOHD FAKEH,MALE,,16510,,PKR,DR ABDUL AZIZ BARI,MALE,,14620,,,,,,,,,,,,,,,,,,,,,,,,,,,,,,,,,,,,,,,,,,,,,,,,,
P.093,SELANGOR,P.093,SUNGAI BESAR,BN - UMNO,,42837,399,88.26,37810,129,690,36991,UMNO,NORIAH BINTI KASNON,FEMALE,,18695,,,,,,,,PAS,CIKGU SALLEH HUSIN,MALE,,18296,,,,,,,,,,,,,,,,,,,,,,,,,,,,,,,,,,,,,,,,,,,
P.094,SELANGOR,P.094,HULU SELANGOR,BN - MIC,,85697,3414,87.65,75113,166,1451,73496,MIC,P.KAMALANATHAN,MALE,,37403,,PKR,KHALID JAAFAR,MALE,,33989,,,,,,,,,,,,,,,,,,,,,,,,,,INDEPENDENT - HIBISCUS,DATO’ SRI DR. SANTHARA KUMAR,MALE,,999,LOST DEPOSIT,INDEPENDENT - TREE,RADZALI MOKHTAR,MALE,,1105,LOST DEPOSIT,,,,,,,,,,,,
P.095,SELANGOR,P.095,TANJONG KARANG,BN - UMNO,,42333,4394,89.22,37768,92,634,37042,UMNO,DATUK SERI NOH BIN OMAR,MALE,,20548,,,,,,,,PAS,CIKGU RASHDI,MALE,,16154,,,,,,,,,,,,,,,,,,,,INDEPENDENT - HIBISCUS,HERMAN TINO,MALE,,340,LOST DEPOSIT,,,,,,,,,,,,,,,,,,
P.096,SELANGOR,P.096,KUALA SELANGOR,BN - UMNO,,62298,460,89.24,55592,118,934,54540,UMNO,IRMOHIZAM BIN IBRAHIM,MALE,,27500,,,,,,,,PAS,DR HJ DZULKEFLY AHMAD,MALE,,27040,,,,,,,,,,,,,,,,,,,,,,,,,,,,,,,,,,,,,,,,,,,
P.097,SELANGOR,P.097,SELAYANG,PR - PKR,,105895,17958,87.38,92528,213,1435,90880,MCA,DATO DONALD LIM SIANG CHAI,MALE,,34385,,PKR,WILLIAM LEONG JEE KEEN,MALE,,52343,,,,,,,,BERJASA,USTAZ HAJI MOHD HAZIZI,MALE,,4152,LOST DEPOSIT,,,,,,,,,,,,,,,,,,,,,,,,,,,,,,,,,,,,
P.098,SELANGOR,P.098,GOMBAK,PR - PKR,,123290,4734,86.90,107140,393,1353,105394,UMNO,DATUK DR RAHMAN ISMAIL,MALE,,50093,,PKR,AZMIN ALI,MALE,,54827,,,,,,,,,,,,,,,,,,,,,,,,,,INDEPENDENT - CLOCK,DATO’ PADUKA SAID NAZAR,MALE,,474,LOST DEPOSIT,,,,,,,,,,,,,,,,,,
P.099,SELANGOR,P.099,AMPANG,PR - PKR,,83135,13278,86.09,71574,176,738,70660,UMNO,DATUK DR. ROZAIDAH TALIB,FEMALE,,28691,,PKR,ZURAIDA KAMARUDDIN,FEMALE,,41969,,,,,,,,,,,,,,,,,,,,,,,,,,,,,,,,,,,,,,,,,,,,,,,,,
P.100,SELANGOR,P.100,PANDAN,PR - PKR,,83857,26729,87.32,73228,153,1023,72052,MCA,LIM CHIN YEE,MALE,,21454,,PKR,RAFIZI RAMLI,MALE,,48183,,,,,,,,,,,,,,,,,,,,,,,,,,INDEPENDENT - ELEPHANT,ALLAN TAN,MALE,,2415,LOST DEPOSIT,,,,,,,,,,,,,,,,,,
P.101,SELANGOR,P.101,HULU LANGAT,PR - PAS,,127347,17267,88.62,112856,534,1335,110987,UMNO,ADZHALIZA BINTI MOHD NOR,FEMALE,,46860,,,,,,,,PAS,DR. CHE ROSLI BIN CHE MAT,MALE,,64127,,,,,,,,,,,,,,,,,,,,,,,,,,,,,,,,,,,,,,,,,,,
P.102,SELANGOR,P.102,SERDANG,PR - DAP,,133139,42206,88.88,118339,291,1778,116270,MCA,YAP PIAN HON,MALE,,37032,,DAP,DR ONG KIAN MING,MALE,,79238,,,,,,,,,,,,,,,,,,,,,,,,,,,,,,,,,,,,,,,,,,,,,,,,,
P.103,SELANGOR,P.103,PUCHONG,PR - DAP,,107010,32802,88.34,94529,194,1261,93074,GERAKAN,A. KOHILAN PILLAY,MALE,,30136,,DAP,GOBIND SINGH DEO,MALE,,62938,,,,,,,,,,,,,,,,,,,,,,,,,,,,,,,,,,,,,,,,,,,,,,,,,
P.104,SELANGOR,P.104,KELANA JAYA,PR - PKR,,101236,28827,85.44,86497,210,1171,85116,MCA,LOH SENG KOK,MALE,,27963,,PKR,WONG CHEN,MALE,,56790,,,,,,,,,,,,,,,,,,,,,,,,,,INDEPENDENT - ELEPHANT,TOH SIN WAH,MALE,,363,LOST DEPOSIT,,,,,,,,,,,,,,,,,,
P.105,SELANGOR,P.105,PETALING JAYA SELATAN,PR - PKR,,79558,19216,82.11,65323,138,830,64355,MCA,SHEAH KOK FAH,MALE,,21846,,PKR,HEE LOY SIAN,MALE,,41062,,,,,,,,,,,,,,,,,,,,,,,,,,INDEPENDENT - KEY,IBRAHIM KHATIB,MALE,,1447,LOST DEPOSIT,,,,,,,,,,,,,,,,,,
P.106,SELANGOR,P.106,PETALING JAYA UTARA,PR - DAP,,85401,44672,82.82,70727,113,472,70142,MCA,CHEW HOONG LING,FEMALE,,12735,,DAP,TONY PUA KIAM WEE,MALE,,57407,,,,,,,,,,,,,,,,,,,,,,,,,,,,,,,,,,,,,,,,,,,,,,,,,
P.107,SELANGOR,P.107,SUBANG,PR - PKR,,128543,26719,87.86,112937,319,1669,110949,MIC,A. PRAKASH RAO,MALE,,39549,,PKR,R. SIVARASA,MALE,,66268,,,,,,,,BERJASA,USTAZ MOHAMAD,MALE,,4454,LOST DEPOSIT,,,,,,,,,,,,,INDEPENDENT - PEN,NAZARUDDIN,MALE,,460,LOST DEPOSIT,INDEPENDENT - AEROPLANE,EDROS,MALE,,218,LOST DEPOSIT,,,,,,,,,,,,
P.108,SELANGOR,P.108,SHAH ALAM,PR - PAS,,99957,10939,88.17,88128,186,863,87079,BN DIRECT,ZULKIFLI BIN NOORDIN,MALE,,38070,,,,,,,,PAS,KHALID BIN ABD SAMAD,MALE,,49009,,,,,,,,,,,,,,,,,,,,,,,,,,,,,,,,,,,,,,,,,,,
P.109,SELANGOR,P.109,KAPAR,PR - PKR,,144159,23790,88.11,127023,314,2379,124330,MIC,SAKTHIVELL,MALE,,46059,,PKR,MANIVANAN GOWIN,MALE,,69849,,,,,,,,BERJASA,USTAZ HAJI MOHD PATHAN HUSSIN,MALE,,6289,LOST DEPOSIT,,,,,,,,,,,,,INDEPENDENT - HIBISCUS,HAMZAH JAWA MERU,MALE,,1067,LOST DEPOSIT,INDEPENDENT - PEN,MOHD NAZRI BIN ABDUL AZIZ,MALE,,835,LOST DEPOSIT,INDEPENDENT - TREE,PALAYA,MALE,,231,LOST DEPOSIT,,,,,,
P.110,SELANGOR,P.110,KLANG,PR - DAP,,97073,24685,86.76,84219,124,1342,82753,MCA,TEH KIM POO,MALE,,29034,,DAP,CHARLES SANTIAGO,MALE,,53719,,,,,,,,,,,,,,,,,,,,,,,,,,,,,,,,,,,,,,,,,,,,,,,,,
P.111,SELANGOR,P.111,KOTA RAJA,PR - PAS,,105909,29395,87.56,92729,166,1102,91461,MIC,DATUK. S. MURUGESAN,MALE,,29711,,,,,,,,PAS,DR MARIAH MAHMUD,FEMALE,,59106,,,,,,,,,,,,,,,,,,,,INDEPENDENT - HIBISCUS,AZMAN BIN IDRUS,MALE,,280,LOST DEPOSIT,INDEPENDENT - PEN,P. UTHAYAKUMAR,MALE,,2364,LOST DEPOSIT,,,,,,,,,,,,
P.112,SELANGOR,P.112,KUALA LANGAT,PR - PKR,,88474,5358,88.98,78726,169,1523,77034,UMNO,KAPTEN SHARUDDIN BIN OMAR (B),MALE,,35625,,PKR,ABDULLAH SANI BIN ABDUL HAMID,MALE,,40983,,,,,,,,,,,,,,,,,,,,,,,,,,INDEPENDENT - BIRD,KOTTAPPAN,MALE,,426,LOST DEPOSIT,,,,,,,,,,,,,,,,,,
P.113,SELANGOR,P.113,SEPANG,PR - PAS,,84362,1142,89.06,75135,174,1226,73735,UMNO,DATO’ SRI Ir. MOHD ZIN MOHAMED,MALE,,35658,,,,,,,,PAS,MOHAMED HANIPA MAIDIN,MALE,,36800,,,,,,,,,,,,,,,,,,,,INDEPENDENT - KEY,HANAPIAH MOHAMAD,MALE,,315,LOST DEPOSIT,INDEPENDENT - HIBISCUS,DATO’ HJ SUHAIMI MOHD GHAZALI,MALE,,962,LOST DEPOSIT,,,,,,,,,,,,
P.114,WILAYAH PERSEKUTUAN KUALA LUMPUR,P.114,KEPONG,PR - DAP,,68035,40307,86.11,58585,73,388,58124,PPP,CHANDRAKUMANAN,MALE,,7530,,DAP,TAN SENG GIAW,MALE,,47837,,,,,,,,,,,,,,,,,,,,,,,,,,INDEPENDENT - FISH,YEE POH PING,MALE,,2757,LOST DEPOSIT,,,,,,,,,,,,,,,,,,
P.115,WILAYAH PERSEKUTUAN KUALA LUMPUR,P.115,BATU,PR - PKR,,85402,13284,84.48,72147,159,606,71382,GERAKAN,DOMINIC LAU HOE CHAI,MALE,,28388,,PKR,TIAN CHUA,MALE,,41672,,,,,,,,BERJASA,BRIG GEN (B) HASHIM KARIM,MALE,,949,LOST DEPOSIT,,,,,,,,,,,,,INDEPENDENT - KEY,ATAN BIN JASIN,MALE,,164,LOST DEPOSIT,INDEPENDENT - BOOK,NAZARIAH BINTI ABBAS,FEMALE,,209,LOST DEPOSIT,,,,,,,,,,,,
P.116,WILAYAH PERSEKUTUAN KUALA LUMPUR,P.116,WANGSA MAJU,PR - PKR,,67775,5511,86.01,58291,145,375,57771,UMNO,DATO’ SHAFEI ABDULLAH,MALE,,26130,,PKR,DR. TAN KEE KWONG,MALE,,31641,,,,,,,,,,,,,,,,,,,,,,,,,,,,,,,,,,,,,,,,,,,,,,,,,
P.117,WILAYAH PERSEKUTUAN KUALA LUMPUR,P.117,SEGAMBUT,PR - DAP,,75631,19199,84.86,64184,132,485,63567,GERAKAN,JAYANTHI DEVI BALAGURU,FEMALE,,22184,,DAP,LIM LIP ENG,MALE,,41383,,,,,,,,,,,,,,,,,,,,,,,,,,,,,,,,,,,,,,,,,,,,,,,,,
P.118,WILAYAH PERSEKUTUAN KUALA LUMPUR,P.118,SETIAWANGSA,BN - UMNO,,62309,1390,84.92,52910,180,502,52228,UMNO,DATO’ AHMAD FAUZI ZAHARI,MALE,,26809,,PKR,IBRAHIM BIN YAACOB,MALE,,25419,,,,,,,,,,,,,,,,,,,,,,,,,,,,,,,,,,,,,,,,,,,,,,,,,
P.119,WILAYAH PERSEKUTUAN KUALA LUMPUR,P.119,TITIWANGSA,BN - UMNO,,55282,866,82.54,45631,118,311,45202,UMNO,JOHARI BIN ABDUL GHANI,MALE,,23034,,,,,,,,PAS,AHMAD ZAMRI ASA'AD KHUZAMI,MALE,,22168,,,,,,,,,,,,,,,,,,,,,,,,,,,,,,,,,,,,,,,,,,,
P.120,WILAYAH PERSEKUTUAN KUALA LUMPUR,P.120,BUKIT BINTANG,PR - DAP,,55721,19399,75.06,41824,52,355,41417,MCA,FRANKIE GAN JOON ZIN,MALE,,11009,,DAP,FONG KUI LUN,MALE,,30408,,,,,,,,,,,,,,,,,,,,,,,,,,,,,,,,,,,,,,,,,,,,,,,,,
P.121,WILAYAH PERSEKUTUAN KUALA LUMPUR,P.121,LEMBAH PANTAI,PR - PKR,,72396,1847,84.33,61048,193,519,60336,UMNO,RAJA NONG CHIK,MALE,,29161,,PKR,NURUL IZZAH ANWAR,FEMALE,,31008,,,,,,,,,,,,,,,,,,,,,,,,,,INDEPENDENT - KEY,RUSLI BIN BABA,MALE,,167,LOST DEPOSIT,,,,,,,,,,,,,,,,,,
P.122,WILAYAH PERSEKUTUAN KUALA LUMPUR,P.122,SEPUTEH,PR - DAP,,85976,51552,83.58,71859,109,302,71448,MCA,NICOLE WONG SIAW TING,FEMALE,,9948,,DAP,TERESA KOK,FEMALE,,61500,,,,,,,,,,,,,,,,,,,,,,,,,,,,,,,,,,,,,,,,,,,,,,,,,
P.123,WILAYAH PERSEKUTUAN KUALA LUMPUR,P.123,CHERAS,PR - DAP,,72551,37409,82.00,59492,88,315,59089,MCA,STEVE TEOH CHEE HOOI,MALE,,10840,,DAP,TAN KOK WAI,MALE,,48249,,,,,,,,,,,,,,,,,,,,,,,,,,,,,,,,,,,,,,,,,,,,,,,,,
P.124,WILAYAH PERSEKUTUAN KUALA LUMPUR,P.124,BANDAR TUN RAZAK,PR - PKR,,90993,11832,85.89,78157,10,861,77286,MCA,TAN KOK ENG,MALE,,32235,,PKR,TAN SRI DATO’ SERI ABD KHALID IBRAHIM,MALE,,44067,,,,,,,,,,,,,,,,,,,,,,,,,,INDEPENDENT - SAMPAN,SUKERI  SAMAT,MALE,,793,LOST DEPOSIT,INDEPENDENT - HIBISCUS,MOKHTAR,MALE,,191,LOST DEPOSIT,,,,,,,,,,,,
P.125,WILAYAH PERSEKUTUAN PUTRAJAYA,P.125,PUTRAJAYA,BN - UMNO,,15791,5541,91.60,14465,47,73,14345,UMNO,TENGKU ADNAN BIN TENGKU MANSOR,MALE,,9943,,,,,,,,PAS,DATO HUSAM MUSA,MALE,,4402,,,,,,,,,,,,,,,,,,,,,,,,,,,,,,,,,,,,,,,,,,,
P.126,NEGERI SEMBILAN,P.126,JELEBU,BN - UMNO,,44937,7101,84.61,38020,137,756,37127,UMNO,HAJI ZAINUDIN BIN HAJI ISMAIL,MALE,,22114,,,,,,,,PAS,AIMAN ATHIRAH AL JUNDI,FEMALE,,15013,,,,,,,,,,,,,,,,,,,,,,,,,,,,,,,,,,,,,,,,,,,
P.127,NEGERI SEMBILAN,P.127,JEMPOL,BN - UMNO,,65213,8629,84.12,54858,157,1082,53619,UMNO,TAN SRI MOHD ISA BIN ABDUL SAMAD,MALE,,31124,,,,,,,,PAS,AISHAH,FEMALE,,22495,,,,,,,,,,,,,,,,,,,,,,,,,,,,,,,,,,,,,,,,,,,
P.128,NEGERI SEMBILAN,P.128,SEREMBAN,PR - DAP,,102305,12553,85.64,87617,258,1486,85873,MCA,DR. YEOW CHAI THIAM,MALE,,33075,,DAP,LOKE SIEW FOOK,MALE,,45628,,,,,,,,BERJASA,USTAZ HAJI ABDUL HALIM BIN ABDULLAH,MALE,,6866,LOST DEPOSIT,,,,,,,,,,,,,INDEPENDENT - MOTORCYCLE,BUJANG BIN ABU,MALE,,83,LOST DEPOSIT,INDEPENDENT - KEY,JOHN FERNANDEZ,MALE,,221,LOST DEPOSIT,,,,,,,,,,,,
P.129,NEGERI SEMBILAN,P.129,KUALA PILAH,BN - UMNO,,47671,9661,84.52,40291,144,794,39353,UMNO,DATO’ HASAN BIN MALEK,MALE,,24507,,PKR,MOHD NAZREE BIN MOHD YUNUS,MALE,,14846,,,,,,,,,,,,,,,,,,,,,,,,,,,,,,,,,,,,,,,,,,,,,,,,,
P.130,NEGERI SEMBILAN,P.130,RASAH,PR - DAP,,88403,24101,85.81,75860,209,1208,74443,MCA,TEO ENG KIAN,MALE,,25171,,DAP,TEO KOK SEONG,MALE,,49272,,,,,,,,,,,,,,,,,,,,,,,,,,,,,,,,,,,,,,,,,,,,,,,,,
P.131,NEGERI SEMBILAN,P.131,REMBAU,BN - UMNO,,79661,18357,87.30,69548,257,1217,68074,UMNO,KHAIRY JAMALUDDIN ABU BAKAR,MALE,,43053,,PKR,HJ RADZALI  A. GHANI,MALE,,24696,,,,,,,,,,,,,,,,,,,,,,,,,,INDEPENDENT - BIRD,ABDUL AZIZ BIN HASSAN,MALE,,325,LOST DEPOSIT,,,,,,,,,,,,,,,,,,
P.132,NEGERI SEMBILAN,P.132,TELOK KEMANG,PR - PKR,,70524,1579,85.05,59984,129,1344,58511,MIC,DATO VS. MOGAN,MALE,,28269,,PKR,KAMARUL BAHARIN ABBAS,MALE,,29848,,,,,,,,,,,,,,,,,,,,,,,,,,INDEPENDENT - HIBISCUS,DATO’ A.K. KUMARAVEL,MALE,,394,LOST DEPOSIT,,,,,,,,,,,,,,,,,,
P.133,NEGERI SEMBILAN,P.133,TAMPIN,BN - UMNO,,57268,11162,85.21,48799,139,1042,47618,UMNO,SHAZIMAN BIN ABU MANSOR,MALE,,29390,,,,,,,,PAS,ABDUL RAZAKEK,MALE,,18228,,,,,,,,,,,,,,,,,,,,,,,,,,,,,,,,,,,,,,,,,,,
P.134,MELAKA,P.134,MASJID TANAH,BN - UMNO,,45952,16200,86.67,39827,85,566,39176,UMNO,MAS ERMIEYATI BINTI SAMSUDIN,FEMALE,,27688,,,,,,,,PAS,NASAIE ISMAIL,MALE,,11488,,,,,,,,,,,,,,,,,,,,,,,,,,,,,,,,,,,,,,,,,,,
P.135,MELAKA,P.135,ALOR GAJAH,BN - MCA,,63591,11597,86.70,55131,103,1437,53591,MCA,KOH NAI KWONG,MALE,,32594,,DAP,DAMIAN (BABA) YEO,MALE,,20997,,,,,,,,,,,,,,,,,,,,,,,,,,,,,,,,,,,,,,,,,,,,,,,,,
P.136,MELAKA,P.136,TANGGA BATU,BN - UMNO,,73282,15633,87.92,64426,138,985,63303,UMNO,DATUK DR ABU BAKAR MOHAMAD DIAH,MALE,,39468,,PKR,RAHIM BIN ALI,MALE,,23835,,,,,,,,,,,,,,,,,,,,,,,,,,,,,,,,,,,,,,,,,,,,,,,,,
P.137,MELAKA,P.137,BUKIT KATIL,PR - PKR,,99438,5733,88.77,88271,188,1102,86981,UMNO,DATUK SERI MOHD ALI BIN MOHD RUSTAM,MALE,,40624,,PKR,SHAMSUL ISKANDAR MOHD AKIN,MALE,,46357,,,,,,,,,,,,,,,,,,,,,,,,,,,,,,,,,,,,,,,,,,,,,,,,,
P.138,MELAKA,P.138,KOTA MELAKA,PR - DAP,,92322,20746,86.28,79651,187,1168,78296,MCA,DR YEE KOK WAH,MALE,,28775,,DAP,SIM TONG HIM,MALE,,49521,,,,,,,,,,,,,,,,,,,,,,,,,,,,,,,,,,,,,,,,,,,,,,,,,
P.139,MELAKA,P.139,JASIN,BN - UMNO,,64455,11763,88.21,56856,146,1001,55709,UMNO,AHMAD BIN HAMZAH,MALE,,33736,,PKR,IR. HAJI RAHMAT BIN HJ. YUSOF,MALE,,21973,,,,,,,,,,,,,,,,,,,,,,,,,,,,,,,,,,,,,,,,,,,,,,,,,
P.140,JOHOR,P.140,SEGAMAT,BN - MIC,,47009,1217,84.87,39895,88,950,38857,MIC,DR. S. SUBRAMANIAM,MALE,,20037,,PKR,DATO CHUA JUI MENG,MALE,,18820,,,,,,,,,,,,,,,,,,,,,,,,,,,,,,,,,,,,,,,,,,,,,,,,,
P.141,JOHOR,P.141,SEKIJANG,BN - UMNO,,43066,3007,87.12,37519,71,587,36861,UMNO,ANUAR BIN ABD. MANAP,MALE,,19934,,PKR,JULAILEY JEMADI,MALE,,16927,,,,,,,,,,,,,,,,,,,,,,,,,,,,,,,,,,,,,,,,,,,,,,,,,
P.142,JOHOR,P.142,LABIS,BN - MCA,,37714,353,84.92,32027,49,689,31289,MCA,CHUA TEE YONG,MALE,,15821,,DAP,DR. S. RAMAKRISHNAN,MALE,,15468,,,,,,,,,,,,,,,,,,,,,,,,,,,,,,,,,,,,,,,,,,,,,,,,,
P.143,JOHOR,P.143,PAGOH,BN - UMNO,,46793,12842,86.79,40613,91,816,39706,UMNO,TAN SRI MUHYIDDIN  YASSIN,MALE,,26274,,,,,,,,PAS,USTAZ MOHD ROZALI BIN JAMIL AL-HAFIZ,MALE,,13432,,,,,,,,,,,,,,,,,,,,,,,,,,,,,,,,,,,,,,,,,,,
P.144,JOHOR,P.144,LEDANG,BN - UMNO,,69316,1967,87.11,60382,34,1077,59271,UMNO,HAMIM BIN SAMURI,MALE,,30619,,PKR,HASSAN BIN ABDUL KARIM,MALE,,28652,,,,,,,,,,,,,,,,,,,,,,,,,,,,,,,,,,,,,,,,,,,,,,,,,
P.145,JOHOR,P.145,BAKRI,PR - DAP,,67202,5067,86.98,58453,183,1101,57169,MCA,LEE CHING YONG,MALE,,26051,,DAP,ER TECK HWA,MALE,,31118,,,,,,,,,,,,,,,,,,,,,,,,,,,,,,,,,,,,,,,,,,,,,,,,,
P.146,JOHOR,P.146,MUAR,BN - UMNO,,48208,1646,85.03,40992,100,804,40088,UMNO,DATO’ RAZALI  IBRAHIM,MALE,,20867,,PKR,NOR HIZWAN AHMAD,MALE,,19221,,,,,,,,,,,,,,,,,,,,,,,,,,,,,,,,,,,,,,,,,,,,,,,,,
P.147,JOHOR,P.147,PARIT SULONG,BN - UMNO,,56896,11753,87.62,49855,140,952,48763,UMNO,DATO’ NORAINI AHMAD,FEMALE,,30258,,,,,,,,PAS,HJ. KHAIRUDDIN A. RAHIM,MALE,,18505,,,,,,,,,,,,,,,,,,,,,,,,,,,,,,,,,,,,,,,,,,,
P.148,JOHOR,P.148,AYER HITAM,BN - MCA,,42913,7310,88.18,37841,94,967,36780,MCA,WEE KA SIONG,MALE,,22045,,,,,,,,PAS,HU PANG CHAW,MALE,,14735,,,,,,,,,,,,,,,,,,,,,,,,,,,,,,,,,,,,,,,,,,,
P.149,JOHOR,P.149,SRI GADING,BN - UMNO,,44816,5761,89.03,39899,81,673,39145,UMNO,DATUK AZIZ KAPRAWI,MALE,,22453,,PKR,MOHD KHUZZAN BIN ABU BAKAR,MALE,,16692,,,,,,,,,,,,,,,,,,,,,,,,,,,,,,,,,,,,,,,,,,,,,,,,,
P.150,JOHOR,P.150,BATU PAHAT,PR - PKR,,88272,1524,87.46,77202,155,1445,75602,UMNO,MOHD PUAD BIN ZARKASHI,MALE,,37039,,PKR,MOHD IDRIS BIN JUSI,MALE,,38563,,,,,,,,,,,,,,,,,,,,,,,,,,,,,,,,,,,,,,,,,,,,,,,,,
P.151,JOHOR,P.151,SIMPANG RENGGAM,BN - GERAKAN,,40143,5706,86.58,34754,84,868,33802,GERAKAN,LIANG TECK MENG,MALE,,19754,,,,,,,,PAS,SUHAIZAN BIN KAIAT,MALE,,14048,,,,,,,,,,,,,,,,,,,,,,,,,,,,,,,,,,,,,,,,,,,
P.152,JOHOR,P.152,KLUANG,PR - DAP,,86732,7359,86.78,75262,181,1292,73789,MCA,HOU KOK CHUNG,MALE,,33215,,DAP,LIEW CHIN TONG,MALE,,40574,,,,,,,,,,,,,,,,,,,,,,,,,,,,,,,,,,,,,,,,,,,,,,,,,
P.153,JOHOR,P.153,SEMBRONG,BN - UMNO,,41588,10631,86.35,35910,50,809,35051,UMNO,DATO’ SERI HISHAMMUDDIN BIN TUN HUSSEIN,MALE,,22841,,PKR,ONN BIN ABU BAKAR,MALE,,12210,,,,,,,,,,,,,,,,,,,,,,,,,,,,,,,,,,,,,,,,,,,,,,,,,
P.154,JOHOR,P.154,MERSING,BN - UMNO,,44497,15747,84.03,37393,94,678,36621,UMNO,DR  LATIFF,MALE,,26184,,,,,,,,PAS,CIKGU ROSLAN,MALE,,10437,,,,,,,,,,,,,,,,,,,,,,,,,,,,,,,,,,,,,,,,,,,
P.155,JOHOR,P.155,TENGGARA,BN - UMNO,,39694,17196,88.04,34946,70,676,34200,UMNO,DATUK HALIMAH BINTI MOHD SADIQUE,FEMALE,,25698,,,,,,,,PAS,MUHAMAD SAID,MALE,,8502,,,,,,,,,,,,,,,,,,,,,,,,,,,,,,,,,,,,,,,,,,,
P.156,JOHOR,P.156,KOTA TINGGI,BN - UMNO,,41894,24574,88.18,36943,75,696,36172,UMNO,EHSANUDDIN,MALE,,30373,,,,,,,,PAS,ONN BIN JAAFAR,MALE,,5799,,,,,,,,,,,,,,,,,,,,,,,,,,,,,,,,,,,,,,,,,,,
P.157,JOHOR,P.157,PENGERANG,BN - UMNO,,37999,22508,87.02,33067,98,698,32271,UMNO,DATO’ SRI AZALINA OTHMAN SAID,FEMALE,,26992,,PKR,DAYANGKU INTAN,FEMALE,,4484,,,,,,,,,,,,,,,,,,,,,,,,,,INDEPENDENT - KEY,MOHD AZAMAN,MALE,,795,LOST DEPOSIT,,,,,,,,,,,,,,,,,,
P.158,JOHOR,P.158,TEBRAU,BN - MCA,,90482,1767,88.23,79835,81,1551,78203,MCA,KHOO SOO SEANG,MALE,,39985,,PKR,STEVEN CHOONG,MALE,,38218,,,,,,,,,,,,,,,,,,,,,,,,,,,,,,,,,,,,,,,,,,,,,,,,,
P.159,JOHOR,P.159,PASIR GUDANG,BN - UMNO,,101041,935,87.64,88550,113,1704,86733,UMNO,HAJAH NORMALA BINTI ABDUL SAMAD,FEMALE,,43834,,PKR,DR.  AHMAD FAIDHI B. SAIDI,MALE,,42899,,,,,,,,,,,,,,,,,,,,,,,,,,,,,,,,,,,,,,,,,,,,,,,,,
P.160,JOHOR,P.160,JOHOR BAHRU,BN - UMNO,,96321,10495,83.02,79965,158,1284,78523,UMNO,TAN SRI SHAHRIR ABDUL SAMAD,MALE,,44509,,PKR,MD HASHIM BIN HUSSEIN,MALE,,34014,,,,,,,,,,,,,,,,,,,,,,,,,,,,,,,,,,,,,,,,,,,,,,,,,
P.161,JOHOR,P.161,PULAI,BN - UMNO,,100490,3226,85.51,85924,161,1487,84276,UMNO,DATUK NUR JAZLAN MOHAMED,MALE,,43751,,,,,,,,PAS,SALAHUDDIN BIN AYUB,MALE,,40525,,,,,,,,,,,,,,,,,,,,,,,,,,,,,,,,,,,,,,,,,,,
P.162,JOHOR,P.162,GELANG PATAH,PR - DAP,,106726,14762,89.08,95068,203,1059,93806,UMNO,DATO’ HAJI A. GHANI BIN OTHMAN,MALE,,39522,,DAP,LIM KIT SIANG,MALE,,54284,,,,,,,,,,,,,,,,,,,,,,,,,,,,,,,,,,,,,,,,,,,,,,,,,
P.163,JOHOR,P.163,KULAI,PR - DAP,,83991,13450,89.31,75015,119,1432,73464,MCA,TAY CHIN HEIN,MALE,,29888,,DAP,TEO NIE CHING,FEMALE,,43338,,,,,,,,,,,,,,,,,,,,,,,,,,INDEPENDENT - BIRD,SURENDIRAN,MALE,,238,LOST DEPOSIT,,,,,,,,,,,,,,,,,,
P.164,JOHOR,P.164,PONTIAN,BN - UMNO,,49633,13727,86.30,42831,79,871,41881,UMNO,DATUK HJ. AHMAD HJ. MASLAN,MALE,,27804,,PKR,HANIFF @ GHAZALI HOSMAN ,MALE,,14077,,,,,,,,,,,,,,,,,,,,,,,,,,,,,,,,,,,,,,,,,,,,,,,,,
P.165,JOHOR,P.165,TANJONG PIAI,BN - MCA,,51875,5457,87.95,45622,85,918,44619,MCA,WEE JECK SENG,MALE,,25038,,DAP,MAHDZIR IBRAHIM,MALE,,19581,,,,,,,,,,,,,,,,,,,,,,,,,,,,,,,,,,,,,,,,,,,,,,,,,
P.166,WILAYAH PERSEKUTUAN LABUAN,P.166,LABUAN,BN - UMNO,,24474,6625,79.17,19377,21,207,19149,UMNO,ROZMAN BIN ISLI,MALE,,12694,,PKR,TAN SRI IBRAHIM BIN MENUDIN,MALE,,6069,,PAS,HADNAN BIN MOHAMAD,MALE,,386,LOST DEPOSIT,,,,,,,,,,,,,,,,,,,,,,,,,,,,,,,,,,,,,,,,,,
P.167,SABAH,P.167,KUDAT,BN - UMNO,,47249,12376,77.08,36421,66,919,35436,UMNO,DATUK ABDUL RAHIM BIN BAKRI,MALE,,21883,,PKR,RAHIMAH MAJID,FEMALE,,9507,,,,,,,,SAPP,MOJURIP BIN DIYUN,MALE,,963,LOST DEPOSIT,STAR,JUTIRIM BIN GALIBAI GALABI,MALE,,3083,LOST DEPOSIT,,,,,,,,,,,,,,,,,,,,,,,,,,,,,,
P.168,SABAH,P.168,KOTA MARUDU,BN - PBS,,42197,842,78.50,33125,48,911,32166,PBS,DATUK SERI DR MAXIMUS JOHNITY ONGKILI,MALE,,15168,,PKR,DATUK MAIJOL MAHAP,MALE,,14326,,,,,,,,SAPP,DR. YUNTAU K. KOLOD,MALE,,444,LOST DEPOSIT,STAR,MAJAMIS BIN TIMBONG,MALE,,2228,LOST DEPOSIT,,,,,,,,,,,,,,,,,,,,,,,,,,,,,,
P.169,SABAH,P.169,KOTA BELUD,BN - UMNO,,51467,5095,84.52,43502,79,1109,42314,UMNO,DATO' ABD RAHMAN BIN DAHLAN,MALE,,21768,,PKR,ISNARAISSAH MUNIRAH MAJILIS,FEMALE,,16673,,,,,,,,,,,,,,STAR,JALUMIN BIN BAYOGOH,MALE,,2709,LOST DEPOSIT,,,,,,,INDEPENDENT - FISH,LAMSIL HAMIDSOR,MALE,,979,LOST DEPOSIT,INDEPENDENT - KEY,KANUL GINDOL,MALE,,185,LOST DEPOSIT,,,,,,,,,,,,
P.170,SABAH,P.170,TUARAN,BN - UPKO,,48276,5190,84.62,40849,89,807,39953,UPKO,DATUK MADIUS TANGAU,MALE,,20685,,PKR,DATUK SERI PANGLIMA WILFRED M. BUMBURING,MALE,,15495,,,,,,,,,,,,,,STAR,SAMIN @ JASMIN BIN DULIN,MALE,,1509,LOST DEPOSIT,,,,,,,INDEPENDENT - HIBISCUS,ERVEANA HJ. ANSARI,FEMALE,,2264,LOST DEPOSIT,,,,,,,,,,,,,,,,,,
P.171,SABAH,P.171,SEPANGGAR,BN - UMNO,,53374,9442,81.50,43500,84,1167,42249,UMNO,DATUK JUMAT BIN IDRIS,MALE,,22845,,DAP,JEFFREY KUMIN @ JOHN,MALE,,13403,,,,,,,,SAPP,DON CHIN HON KIONG,MALE,,4070,LOST DEPOSIT,STAR,DANIEL JOHN JAMBUN,MALE,,1931,LOST DEPOSIT,,,,,,,,,,,,,,,,,,,,,,,,,,,,,,
P.172,SABAH,P.172,KOTA KINABALU,PR - DAP,,50516,18959,78.29,39548,60,506,38982,PBS,CHIN TEK MING,MALE,,9557,,DAP,WONG SZE PHIN @ JIMMY,MALE,,28516,,,,,,,,,,,,,,STAR,LIEW HOCK LEONG @ MICHAEL,MALE,,909,LOST DEPOSIT,,,,,,,,,,,,,,,,,,,,,,,,,,,,,,
P.173,SABAH,P.173,PUTATAN,BN - UPKO,,37490,9507,79.85,29936,176,665,29095,UPKO,DATUK DR. MAKIN @ MARCUS MOJIGOH,MALE,,17465,,DAP,LEE HAN KYUN @ JOSEPH LEE,MALE,,7958,,,,,,,,SAPP,DULI @ DULLIE BIN MARI @ MARIE,MALE,,1068,LOST DEPOSIT,STAR,AWANG AHMAD SAH,MALE,,2604,LOST DEPOSIT,,,,,,,,,,,,,,,,,,,,,,,,,,,,,,
P.174,SABAH,P.174,PENAMPANG,PR - PKR,,44323,10216,83.21,36882,64,719,36099,UPKO,TAN SRI BERNARD GILUK DOMPOK,MALE,,12382,,PKR,DARELL LEIKING,MALE,,22598,,,,,,,,,,,,,,STAR,MELANIE ANNOL,FEMALE,,1119,LOST DEPOSIT,,,,,,,,,,,,,,,,,,,,,,,,,,,,,,
P.175,SABAH,P.175,PAPAR,BN - UMNO,,38771,10535,85.79,33262,68,499,32695,UMNO,ROSNAH BTE HJ ABD RASHID SHIRLIN,FEMALE,,21196,,PKR,MOHAMMAD YAHYA @ YAHYA BIN LAMPONG,MALE,,10661,,,,,,,,,,,,,,STAR,BALON BIN MUJIM,MALE,,838,LOST DEPOSIT,,,,,,,,,,,,,,,,,,,,,,,,,,,,,,
P.176,SABAH,P.176,KIMANIS,BN - UMNO,,26628,5723,87.01,23170,42,453,22675,UMNO,ANIFAH BIN AMAN,MALE,,13754,,PKR,JAAFAR ISMAIL,MALE,,8031,,,,,,,,SAPP,JAMIL BIN WILLIAM CORE,MALE,,650,LOST DEPOSIT,STAR,LUSIN BIN BALANGON,MALE,,240,LOST DEPOSIT,,,,,,,,,,,,,,,,,,,,,,,,,,,,,,
P.177,SABAH,P.177,BEAUFORT,BN - UMNO,,30097,672,86.39,26000,50,559,25391,UMNO,DATUK HJH. AZIZAH MOHD DUN,FEMALE,,12827,,PKR,LAJIM BIN UKIN,MALE,,12155,,,,,,,,,,,,,,STAR,GUAN DEE BIN KOH HOI,MALE,,409,LOST DEPOSIT,,,,,,,,,,,,,,,,,,,,,,,,,,,,,,
P.178,SABAH,P.178,SIPITANG,BN - UMNO,,29177,9469,83.58,24387,58,539,23790,UMNO,DATUK SAPAWI BIN AMAT WASALI @ AHMAD,MALE,,16377,,PKR,HAJI RAMLE B. DUA,MALE,,6908,,,,,,,,SAPP,KAMIS BIN DAMING,MALE,,505,LOST DEPOSIT,,,,,,,,,,,,,,,,,,,,,,,,,,,,,,,,,,,,
P.179,SABAH,P.179,RANAU,BN - UPKO,,39053,3611,80.55,31458,62,666,30730,UPKO,DATUK EWON EBIN,MALE,,15434,,PKR,JONATHAN YASIN,MALE,,11823,,,,,,,,,,,,,,STAR,JULIANAH BTE SITUN @ WIDYA JULIA,FEMALE,,2559,LOST DEPOSIT,,,,,,,INDEPENDENT - KEY,YAZID BIN SAHJINAN,MALE,,914,LOST DEPOSIT,,,,,,,,,,,,,,,,,,
P.180,SABAH,P.180,KENINGAU,BN - PBS,,43691,3918,82.73,36144,46,555,35543,PBS,JOSEPH PAIRIN KITINGAN,MALE,,15818,,PKR,STEPHEN SANDOR,MALE,,7825,,,,,,,,,,,,,,STAR,DATUK DR. JEFFREY KITINGAN,MALE,,11900,,,,,,,,,,,,,,,,,,,,,,,,,,,,,,,
P.181,SABAH,P.181,TENOM,BN - UMNO,,25304,3886,82.77,20944,18,632,20294,UMNO,RAIME BIN UNGGI,MALE,,9771,,PKR,MASDIN BIN TUMAS,MALE,,5885,,,,,,,,SAPP,JIMMY JAWATAH,MALE,,1766,LOST DEPOSIT,STAR,HASMIN AZROY ABDULLAH,MALE,,2449,LOST DEPOSIT,KITA,MUTANG @ SYLVESTER BIN DAWAT,MALE,,423,LOST DEPOSIT,,,,,,,,,,,,,,,,,,,,,,,,
P.182,SABAH,P.182,PENSIANGAN,BN - PBRS,,26194,1744,81.66,21391,12,483,20896,PBRS,JOSEPH KURUP,MALE,,9467,,PKR,RICHARD SAKIAN BIN GUNTING,MALE,,7723,,,,,,,,,,,,,,STAR,MARTIN TOMY @ TOMMY,MALE,,3554,,,,,,,,INDEPENDENT - HIBISCUS,FATIMAH BINTI AGITOR @ MOHD DAUD,FEMALE,,152,LOST DEPOSIT,,,,,,,,,,,,,,,,,,
P.183,SABAH,P.183,BELURAN,BN - UMNO,,24688,9988,76.62,18915,1,552,18362,UMNO,DATUK RONALD KIANDEE,MALE,,13174,,PKR,JAMES BIN MIKI,MALE,,3186,,,,,,,,,,,,,,STAR,RAIMON BIN LANJAT,MALE,,1460,LOST DEPOSIT,,,,,,,INDEPENDENT - ELEPHANT,DATU KAMARUDDIN BIN DATU MUSTAPHA,MALE,,542,LOST DEPOSIT,,,,,,,,,,,,,,,,,,
P.184,SABAH,P.184,LIBARAN,BN - UMNO,,39772,11586,80.76,32119,103,713,31303,UMNO,JUSLIE HAJI AJIROL,MALE,,19584,,PKR,MOHD SERMAN,MALE,,7998,,,,,,,,,,,,,,STAR,ROSNAH BINTI UNSARI,FEMALE,,502,LOST DEPOSIT,,,,,,,INDEPENDENT - TREE,SAHAR BIN SAKA,MALE,,3219,LOST DEPOSIT,,,,,,,,,,,,,,,,,,
P.185,SABAH,P.185,BATU SAPI,BN - PBS,,30199,3798,77.49,23400,44,574,22782,PBS,TSEN THAU LIN,FEMALE,,13085,,,,,,,,PAS,HAJI HAMZAH,MALE,,9287,,,,,,,,STAR,SAIFUL BAHARI RASHADA BIN AHMAD,MALE,,410,LOST DEPOSIT,,,,,,,,,,,,,,,,,,,,,,,,,,,,,,
P.186,SABAH,P.186,SANDAKAN,PR - DAP,,37058,1088,75.35,27923,34,525,27364,LDP,LIEW VUI KEONG,MALE,,13138,,DAP,WONG TIEN FATT @ WONG NYUK FOH,MALE,,14226,,,,,,,,,,,,,,,,,,,,,,,,,,,,,,,,,,,,,,,,,,,,,,,,,
P.187,SABAH,P.187,KINABATANGAN,BN - UMNO,,24748,9731,80.80,19997,37,654,19306,UMNO,BUNG MOKTAR RADIN,MALE,,13377,,PKR,ABDULLAH BIN ABDUL SANI,MALE,,3646,,,,,,,,,,,,,,STAR,YAMBUYA BIN PARANTIS @ CYRIL PONGOD,MALE,,1153,LOST DEPOSIT,,,,,,,INDEPENDENT - HIBISCUS,HAJI ALI LATIP BIN HAJI TAHA,MALE,,1130,LOST DEPOSIT,,,,,,,,,,,,,,,,,,
P.188,SABAH,P.188,SILAM,BN - UMNO,,51662,13387,76.77,39663,57,1077,38529,UMNO,DATU NASRUN BIN DATU MANSUR,MALE,,23058,,PKR,BADRULAMIN BAHRON,MALE,,9671,,,,,,,,,,,,,,STAR,APAS @ NAWAWIE BIN SAKING,MALE,,841,LOST DEPOSIT,,,,,,,INDEPENDENT - HIBISCUS,HJ DUMI BIN PG. MASDAL,MALE,,4959,,,,,,,,,,,,,,,,,,,
P.189,SABAH,P.189,SEMPORNA,BN - UMNO,,41549,20905,76.04,31595,72,985,30538,UMNO,DATUK SERI HJ. MOHD SHAFIE BIN HJ. APDAL,MALE,,25559,,PKR,ZAMREE @ MOHD SUFFIAN B ABDUL HABI,MALE,,4654,,,,,,,,,,,,,,,,,,,,,,,,,,INDEPENDENT - HOUSE,DATU BADARUDDIN TUN MUSTAPHA,MALE,,325,LOST DEPOSIT,,,,,,,,,,,,,,,,,,
P.190,SABAH,P.190,TAWAU,BN - PBS,,51538,4979,77.20,39787,129,789,38869,PBS,MARY YAP KAIN CHING,FEMALE,,21331,,PKR,KONG HONG MING,MALE,,16352,,,,,,,,SAPP,CHUA SOON BUI,FEMALE,,633,LOST DEPOSIT,,,,,,,,,,,,,INDEPENDENT - HOUSE,AHMAD AWANG,MALE,,553,LOST DEPOSIT,,,,,,,,,,,,,,,,,,
P.191,SABAH,P.191,KALABAKAN,BN - UMNO,,46793,14221,77.43,36230,98,1027,35105,UMNO,ABDUL GHAPUR,MALE,,23125,,,,,,,,PAS,USMAN MADEAMING,MALE,,8904,,,,,,,,STAR,MALVINE REYES,MALE,,603,LOST DEPOSIT,,,,,,,INDEPENDENT - HOUSE,FREDDIE JAPAT ANAK SIMBOL,MALE,,137,LOST DEPOSIT,INDEPENDENT - SPECTACLES,SIAMSIR BIN BORHAN,MALE,,891,LOST DEPOSIT,INDEPENDENT - SHIRT,YAHYA BIN ZAINAL,MALE,,132,LOST DEPOSIT,INDEPENDENT - CHAIR,MOHD BIN MANUKE,MALE,,1313,LOST DEPOSIT
P.192,SARAWAK,P.192,MAS GADING,BN - SPDP,,25771,2156,79.10,20384,31,224,20129,SPDP,NOGEH ANAK GUMBEK,MALE,,8265,,DAP,MORDI ANAK BIMOL,MALE,,5293,,,,,,,,,,,,,,STAR,PATRICK ANEK UREN,MALE,,462,LOST DEPOSIT,,,,,,,INDEPENDENT - KEY,DATUK DR. TIKI LAFE,MALE,,6109,,,,,,,,,,,,,,,,,,,
P.193,SARAWAK,P.193,SANTUBONG,BN - PBB,,37017,20936,79.12,29286,79,394,28813,PBB,WAN JUNAIDI BIN TUANKU JAAFAR,MALE,,24655,,PKR,ZULRUSDI BIN MOHAMAD HOL,MALE,,3719,,,,,,,,,,,,,,STAR,MURA BIN KADIR,MALE,,206,LOST DEPOSIT,,,,,,,INDEPENDENT - KEY,AFFENDI BIN JEMAN,MALE,,233,LOST DEPOSIT,,,,,,,,,,,,,,,,,,
P.194,SARAWAK,P.194,PETRA JAYA,BN - PBB,,49750,21443,76.72,38170,174,321,37675,PBB,HAJI FADILLAH YUSOF,MALE,,29559,,PKR,AHMAD NAZIB BIN JOHARI,MALE,,8116,,,,,,,,,,,,,,,,,,,,,,,,,,,,,,,,,,,,,,,,,,,,,,,,,
P.195,SARAWAK,P.195,BANDAR KUCHING,PR - DAP,,53336,19642,76.64,40879,54,201,40624,SUPP,TAN KAI,MALE,,10491,,DAP,CHONG CHIENG JEN,MALE,,30133,,,,,,,,,,,,,,,,,,,,,,,,,,,,,,,,,,,,,,,,,,,,,,,,,
P.196,SARAWAK,P.196,STAMPIN,PR - DAP,,84732,18670,77.32,65515,132,488,64895,SUPP,YONG KHOON SENG,MALE,,22993,,DAP,JULIAN TAN KOK PING,MALE,,41663,,,,,,,,,,,,,,STAR,SOO LINA,FEMALE,,239,LOST DEPOSIT,,,,,,,,,,,,,,,,,,,,,,,,,,,,,,
P.197,SARAWAK,P.197,KOTA SAMARAHAN,BN - PBB,,38158,17401,82.85,31612,81,528,31003,PBB,RUBIAH BINTI HAJI WANG,FEMALE,,24202,,,,,,,,PAS,ABANG AHMAD,MALE,,6801,,,,,,,,,,,,,,,,,,,,,,,,,,,,,,,,,,,,,,,,,,,
P.198,SARAWAK,P.198,MAMBONG,BN - PBB,,42344,9721,77.21,32695,116,674,31905,PBB,DATO DR JAMES DAWOS ANAK MAMIT,MALE,,20461,,PKR,WILLIE MONGIN,MALE,,10740,,,,,,,,,,,,,,STAR,DR DRIPIN ANAK SAKOI,MALE,,704,LOST DEPOSIT,,,,,,,,,,,,,,,,,,,,,,,,,,,,,,
P.199,SARAWAK,P.199,SERIAN,BN - SUPP,,33713,13151,78.79,26562,39,296,26227,SUPP,DATUK RICHARD RIOT ANAK JAEM,MALE,,19494,,DAP,EDWARD ANAK ANDREW LUWAK,MALE,,6343,,,,,,,,,,,,,,STAR,JOHNNY ANAK APUT,MALE,,390,LOST DEPOSIT,,,,,,,,,,,,,,,,,,,,,,,,,,,,,,
P.200,SARAWAK,P.200,BATANG SADONG,BN - PBB,,19839,11260,78.34,15541,20,227,15294,PBB,NANCY BINTI SHUKRI,FEMALE,,13277,,,,,,,,PAS,DR (H) MOHAMAD BIN JOLHI,MALE,,2017,,,,,,,,,,,,,,,,,,,,,,,,,,,,,,,,,,,,,,,,,,,
P.201,SARAWAK,P.201,BATANG LUPAR,BN - PBB,,27360,10964,75.86,20754,43,425,20286,PBB,ROHANI  ABDUL KARIM,FEMALE,,15625,,PKR,ABG. ZULKIFLI ABG. ENGKEH,MALE,,4661,,,,,,,,,,,,,,,,,,,,,,,,,,,,,,,,,,,,,,,,,,,,,,,,,
P.202,SARAWAK,P.202,SRI AMAN,BN - PRS,,29789,6550,75.23,22409,56,224,22129,PRS,MASIR ANAK KUJAT,MALE,,12168,,PKR,NICHOLAS MUJAH ANAK ASON,MALE,,5618,,,,,,,,SWP,WILFRED LANDONG,MALE,,476,LOST DEPOSIT,,,,,,,,,,,,,INDEPENDENT - FISH,DONALD LAWAN,MALE,,3867,,,,,,,,,,,,,,,,,,,
P.203,SARAWAK,P.203,LUBOK ANTU,BN - PRS,,19303,4091,78.57,15166,28,143,14995,PRS,WILLIAM NYALLAU,MALE,,8278,,PKR,NICHOLAS BAWIN ANGGAT,MALE,,2530,,,,,,,,SWP,LARRY SOON @ LARRY SNG WEI SHIEN,MALE,,4187,,,,,,,,,,,,,,,,,,,,,,,,,,,,,,,,,,,,,
P.204,SARAWAK,P.204,BETONG,BN - PBB,,26322,10887,77.65,20439,59,315,20065,PBB,DATO SRI DOUGLAS UGGAH EMBAS,MALE,,15476,,PKR,CECILIA SITI UNA,FEMALE,,4589,,,,,,,,,,,,,,,,,,,,,,,,,,,,,,,,,,,,,,,,,,,,,,,,,
P.205,SARAWAK,P.205,SARATOK,BN - SPDP,,27562,2081,80.31,22136,78,258,21800,SPDP,TAN SRI WILLIAM  MAWAN IKOM,MALE,,11600,,PKR,ALI ANAK BIJU,MALE,,9519,,,,,,,,,,,,,,,,,,,,,,,,,,INDEPENDENT - HIBISCUS,CIKGU ROSELI PALENG,MALE,,681,LOST DEPOSIT,,,,,,,,,,,,,,,,,,
P.206,SARAWAK,P.206,TANJONG MANIS,BN - PBB,,19215,10964,74.95,14402,58,238,14106,PBB,DATUK NORAH TUN ABDUL RAHMAN,FEMALE,,12535,,,,,,,,PAS,KAK JUE,FEMALE,,1571,LOST DEPOSIT,,,,,,,,,,,,,,,,,,,,,,,,,,,,,,,,,,,,,,,,,,
P.207,SARAWAK,P.207,IGAN,BN - PBB,,17771,10149,78.21,13898,33,222,13643,PBB,DATUK HAJI ABDUL WAHAB BIN HAJI DOLAH,MALE,,11896,,,,,,,,PAS,AJIJI FAUZAN,MALE,,1747,,,,,,,,,,,,,,,,,,,,,,,,,,,,,,,,,,,,,,,,,,,
P.208,SARAWAK,P.208,SARIKEI,PR - DAP,,36550,505,77.57,28353,55,277,28021,SUPP,DING KUONG HIING,MALE,,13758,,DAP,WONG LING BIU,MALE,,14263,,,,,,,,,,,,,,,,,,,,,,,,,,,,,,,,,,,,,,,,,,,,,,,,,
P.209,SARAWAK,P.209,JULAU,BN - PRS,,22522,5955,75.36,16973,16,278,16679,PRS,DATUK JOSEPH SALANG,MALE,,9891,,PKR,ANDY WONG HONG YU,MALE,,2852,,,,,,,,SWP,WONG ANAK JUDAT,MALE,,3936,,,,,,,,,,,,,,,,,,,,,,,,,,,,,,,,,,,,,
P.210,SARAWAK,P.210,KANOWIT,BN - PRS,,19433,3042,70.80,13759,16,276,13467,PRS,DATUK AARON AGO DAGANG,MALE,,8046,,PKR,THOMAS LAJA ANAK BESI,MALE,,5004,,,,,,,,SWP,ELLISON LUDAN,MALE,,417,LOST DEPOSIT,,,,,,,,,,,,,,,,,,,,,,,,,,,,,,,,,,,,
P.211,SARAWAK,P.211,LANANG,PR - DAP,,57143,8630,78.67,44956,56,304,44596,SUPP,TIONG THAI KING,MALE,,17983,,DAP,ALICE LAU KIONG YIENG,FEMALE,,26613,,,,,,,,,,,,,,,,,,,,,,,,,,,,,,,,,,,,,,,,,,,,,,,,,
P.212,SARAWAK,P.212,SIBU,PR - DAP,,64601,2841,79.86,51588,114,496,50978,SUPP,VINCENT LAU LEE MING,MALE,,23967,,DAP,OSCAR LING CHAI YEW,MALE,,26808,,,,,,,,,,,,,,,,,,,,,,,,,,INDEPENDENT - KEY,NARAWI BIN HARON,MALE,,203,LOST DEPOSIT,,,,,,,,,,,,,,,,,,
P.213,SARAWAK,P.213,MUKAH,BN - PBB,,26477,12764,75.08,19879,41,417,19421,PBB,MUHAMMAD LEO MICHAEL TOYAD,MALE,,14983,,DAP,HAI BIN MERAWIN @ BONAVENTURE,MALE,,2219,LOST DEPOSIT,,,,,,,,,,,,,,,,,,,,,,,,,INDEPENDENT - HIBISCUS,SYLVESTER AJAH SUBAH @ AJAH BIN SUBAH,MALE,,2219,LOST DEPOSIT,,,,,,,,,,,,,,,,,,
P.214,SARAWAK,P.214,SELANGAU,BN - PRS,,25461,7555,81.51,20753,28,309,20416,PRS,DATUK JOSEPH ENTULU BELAUN,MALE,,12040,,PKR,JOSHUA JABENG,MALE,,3891,,,,,,,,SWP,DATO’ SNG CHEE HUA,MALE,,4485,,,,,,,,,,,,,,,,,,,,,,,,,,,,,,,,,,,,,
P.215,SARAWAK,P.215,KAPIT,BN - PBB,,26195,9731,66.71,17474,42,271,17161,PBB,ALEXANDER NANTA LINGGI,MALE,,13446,,DAP,RAMLI ANAK MALAKA,MALE,,3715,,,,,,,,,,,,,,,,,,,,,,,,,,,,,,,,,,,,,,,,,,,,,,,,,
P.216,SARAWAK,P.216,HULU RAJANG,BN - PRS,,21686,5834,68.08,14763,21,213,14529,PRS,WILSON UGAK ANAK KUMBONG,MALE,,9117,,PKR,ABUN SUI ANYIT,MALE,,3283,,,,,,,,SWP,GEORGE ANAK LAGONG,MALE,,2129,,,,,,,,,,,,,,,,,,,,,,,,,,,,,,,,,,,,,
P.217,SARAWAK,P.217,BINTULU,BN - SPDP,,59893,7433,76.75,45968,27,458,45483,SPDP,DATO’ SERI TIONG KING SING,MALE,,26458,,DAP,DR. JOHN BRIAN ANTHONY,MALE,,19025,,,,,,,,,,,,,,,,,,,,,,,,,,,,,,,,,,,,,,,,,,,,,,,,,
P.218,SARAWAK,P.218,SIBUTI,BN - PBB,,28351,6066,73.88,20947,29,288,20630,PBB,AHMAD LAI BIN BUJANG,MALE,,13348,,,,,,,,PAS,ROBBY ZAID TANDANG,MALE,,7282,,,,,,,,,,,,,,,,,,,,,,,,,,,,,,,,,,,,,,,,,,,
P.219,SARAWAK,P.219,MIRI,PR - PKR,,71170,1992,74.21,52813,51,630,52132,SUPP,DATO’ SEBASTIAN TING CHIEW YEW,MALE,,24917,,PKR,DR MICHAEL TEO YU KENG,MALE,,26909,,,,,,,,,,,,,,STAR,CHONG KON FATT,MALE,,306,LOST DEPOSIT,,,,,,,,,,,,,,,,,,,,,,,,,,,,,,
P.220,SARAWAK,P.220,BARAM,BN - SPDP,,29385,194,63.96,18796,21,242,18533,SPDP,ANYI NGAU,MALE,,9182,,PKR,ROLAND ENGAN,MALE,,8988,,,,,,,,,,,,,,,,,,,,,,,,,,INDEPENDENT - HIBISCUS,PATRICK SIBAT,MALE,,363,LOST DEPOSIT,,,,,,,,,,,,,,,,,,
P.221,SARAWAK,P.221,LIMBANG,BN - PBB,,24278,8301,73.78,17912,53,162,17697,PBB,HASBI BIN HABIBOLLAH,MALE,,12999,,PKR,BARU BIAN,MALE,,4698,,,,,,,,,,,,,,,,,,,,,,,,,,,,,,,,,,,,,,,,,,,,,,,,,
P.222,SARAWAK,P.222,LAWAS,BN - PBB,,18845,6030,74.89,14113,41,177,13895,PBB,DATO HENRY SUM AGONG,MALE,,9928,,DAP,DR. BOB BARU LANGUB,MALE,,3898,,,,,,,,,,,,,,STAR,ALIRAHMAN BIN KAMSEH,MALE,,69,LOST DEPOSIT,,,,,,,,,,,,,,,,,,,,,,,,,,,,,,
