UNIQUE CODE,STATE,PARLIAMENTARY CODE,PARLIAMENTARY NAME,STATE CONSTITUENCY CODE,STATE CONSTITUENCY NAME,WINNING PARTY (2016),UNCONTESTED VICTORY,TOTAL ELECTORATE,WINNING MAJORITY,TURNOUT (%),TOTAL BALLOTS ISSUED,TOTAL UNRETURNED BALLOTS,TOTAL REJECTED VOTES,TOTAL VALID VOTES,BN,BN CANDIDATE,BN CANDIDATE GENDER,BN CANDIDATE AGE,BN CANDIDATE VOTE,BN CANDIDATE LOST DEPOSIT,PH,PH CANDIDATE,PH CANDIDATE GENDER,PH CANDIDATE AGE,PH CANDIDATE VOTE,PH CANDIDATE LOST DEPOSIT,PH2,PH2 CANDIDATE,PH2 CANDIDATE GENDER,PH2 CANDIDATE AGE,PH2 CANDIDATE VOTE,PH2 CANDIDATE LOST DEPOSIT,PAS,PAS CANDIDATE,PAS CANDIDATE GENDER,PAS CANDIDATE AGE,PAS CANDIDATE VOTE,PAS CANDIDATE LOST DEPOSIT,STAR,STAR CANDIDATE,STAR CANDIDATE GENDER,STAR CANDIDATE AGE,STAR CANDIDATE VOTE,STAR CANDIDATE LOST DEPOSIT,PBDSB,PBDSB CANDIDATE,PBDSB CANDIDATE GENDER,PBDSB CANDIDATE AGE,PBDSB CANDIDATE VOTE,PBDSB CANDIDATE LOST DEPOSIT,INDEPENDENT 1,INDEPENDENT 1 CANDIDATE,INDEPENDENT 1 CANDIDATE GENDER,INDEPENDENT 1 CANDIDATE AGE,INDEPENDENT 1 CANDIDATE VOTE,INDEPENDENT 1 CANDIDATE LOST DEPOSIT,INDEPENDENT 2,INDEPENDENT 2 CANDIDATE,INDEPENDENT 2 CANDIDATE GENDER,INDEPENDENT 2 CANDIDATE AGE,INDEPENDENT 2 CANDIDATE VOTE,INDEPENDENT 2 CANDIDATE LOST DEPOSIT
P.192_N.01,SARAWAK,P.192,MAS GADING,N.01,OPAR,BN - DIRECT,,9714,"2,082",76.40%,"7,419",41,57,"7,321",Direct,RANUM ANAK MINA,MALE,65,3665,,PKR,FRANCIS TERON KADAP ANAK NOYET,MALE,44,1549,,,,,,,,,,,,,,,,,,,,PBDSB,PATRICK ANEK UREN,MALE,68,524,LOST DEPOSIT,INDEPENDENT - TREE,NIPONI ANAK UNDEK,MALE,,"1,583",,,,,,,
P.192_N.02,SARAWAK,P.192,MAS GADING,N.02,TASIK BIRU,BN - SPDP,,17041,"1,288",75.10%,"12,797",44,197,"12,556",SPDP,HENRY @ HARRY ANAK JINEP,MALE,49,6922,,DAP,MORDI ANAK BIMOL,MALE,31,5634,,,,,,,,,,,,,,,,,,,,,,,,,,,,,,,,,,,,,
P.193_N.03,SARAWAK,P.193,SANTUBONG,N.03,TANJONG DATU,BN - PBB,,9899,"5,892",70.10%,"6,936",31,77,"6,828",PBB,ADENAN BIN SATEM,MALE,72,6360,,PKR,JAZOLKIPLI BIN NUMAN,MALE,,468,LOST DEPOSIT,,,,,,,,,,,,,,,,,,,,,,,,,,,,,,,,,,,,
P.193_N.04,SARAWAK,P.193,SANTUBONG,N.04,PANTAI DAMAI,BN - PBB,,18409,"9,260",69.80%,"12,851",54,221,"12,576",PBB,DR HAJI ABDUL RAHMAN JUNAIDI,MALE,55,10918,,,,,,,,,,,,,,PAS,ZAINAL ABIDIN YEPNI,MALE,49,1658,,,,,,,,,,,,,,,,,,,,,,,,,
P.193_N.05,SARAWAK,P.193,SANTUBONG,N.05,DEMAK LAUT,BN - PBB,,13830,"7,382",71.40%,"9,879",44,139,"9,696",PBB,HAZLAND BIN ABG HIPNI,MALE,51,8539,,PAN,MOHAMAD FIDZUAN BIN ZAIDI,MALE,38,1157,LOST DEPOSIT,,,,,,,,,,,,,,,,,,,,,,,,,,,,,,,,,,,,
P.194_N.06,SARAWAK,P.194,PETRA JAYA,N.06,TUPONG,BN - PBB,,21499,"8,055",65.40%,"14,061",79,153,"13,829",PBB,FAZZRUDIN ABDUL RAHMAN,MALE,40,10942,,PKR,NURHANIM BINTI MOKHSEN,FEMALE,47,2887,,,,,,,,,,,,,,,,,,,,,,,,,,,,,,,,,,,,,
P.194_N.07,SARAWAK,P.194,PETRA JAYA,N.07,SAMARIANG,BN - PBB,,18250,"7,760",67.90%,"12,397",70,108,"12,219",PBB,SHARIFAH HASIDAH BT SAYEED AMAN GHAZALI,FEMALE,47,9795,,PAN,NANI BINTI SAHARI,FEMALE,50,389,LOST DEPOSIT,,,,,,,PAS,USTAZ YUSOF AHMAD SHARKAWI,MALE,30,2035,,,,,,,,,,,,,,,,,,,,,,,,,
P.194_N.08,SARAWAK,P.194,PETRA JAYA,N.08,SATOK,BN - PBB,,13550,"5,045",65.00%,"8,803",44,96,"8,663",PBB,DATUK AMAR ABG JOHARI TUN OPENG,MALE,66,6854,,PKR,MOHAMED SALLEH BIN SHAWKATALI,MALE,35,1809,,,,,,,,,,,,,,,,,,,,,,,,,,,,,,,,,,,,,
P.195_N.09,SARAWAK,P.195,BANDAR KUCHING,N.09,PADUNGAN,PH - DAP,,22301,"4,270",65.50%,"14,602",14,78,"14,510",SUPP,PAU KIU SUNG,MALE,44,5062,,DAP,WONG KING WEI,MALE,,9332,,,,,,,,,,,,,,STAR,TEO KUANG KIM,MALE,57,116,LOST DEPOSIT,,,,,,,,,,,,,,,,,,
P.195_N.10,SARAWAK,P.195,BANDAR KUCHING,N.10,PENDING,PH - DAP,,30488,"5,012",65.70%,"20,038",17,125,"19,896",SUPP,MILTON FOO TIANG WEE,MALE,39,7442,,DAP,VIOLET YONG WUI WUI,FEMALE,39,12454,,,,,,,,,,,,,,,,,,,,,,,,,,,,,,,,,,,,,
P.195_N.11,SARAWAK,P.195,BANDAR KUCHING,N.11,BATU LINTANG,PH - PKR,,28105,"4,385",62.70%,"17,613",41,110,"17,462",SUPP,SIH HUA TONG,MALE,52,6373,,PKR,SEE CHEE HOW,MALE,52,10758,,,,,,,,,,,,,,STAR,LINA SOO,FEMALE,58,331,LOST DEPOSIT,,,,,,,,,,,,,,,,,,
P.196_N.12,SARAWAK,P.196,STAMPIN,N.12,KOTA SENTOSA,PH - DAP,,25761,"2,819",67.90%,"17,495",24,196,"17,275",SUPP,YAP YAU SIN,MALE,50,7228,,DAP,CHONG CHIENG JEN,MALE,45,10047,,,,,,,,,,,,,,,,,,,,,,,,,,,,,,,,,,,,,
P.196_N.13,SARAWAK,P.196,STAMPIN,N.13,BATU KITANG,BN - SUPP,,17494,"1,840",70.10%,"12,256",31,135,"12,090",SUPP,LO KHERE CHIANG,MALE,56,6466,,PKR,VOON SHIAK NI,FEMALE,,883,LOST DEPOSIT,DAP,ABDUL AZIZ ISA BIN MARINDO,MALE,26,4626,,,,,,,,,,,,,,,,,,,,INDEPENDENT - KEY,SULAIMAN BIN KADIR,MALE,,61,LOST DEPOSIT,INDEPENDENT - BIRD,OTHMAN BIN BOJENG,MALE,,54,LOST DEPOSIT
P.196_N.14,SARAWAK,P.196,STAMPIN,N.14,BATU KAWAH,BN - SUPP,,16991,"2,085",70.90%,"12,042",55,135,"11,852",SUPP,DR. SIM KUI HIAN,MALE,51,6414,,DAP,CHIEW WANG SEE,FEMALE,32,4329,,,,,,,,,,,,,,,,,,,,,,,,,,INDEPENDENT - KEY,LIU THIAN LEONG,MALE,61,"1,109",LOST DEPOSIT,,,,,,
P.197_N.15,SARAWAK,P.197,KOTA SAMARAHAN,N.15,ASAJAYA,BN - PBB,,10967,"4,078",76.30%,"8,371",16,107,"8,248",PBB,DATUK ABD KARIM RAHMAN HAMZAH,MALE,56,6163,,PKR,ABANG JUNAIDI BIN ABANG GOM,MALE,61,2085,,,,,,,,,,,,,,,,,,,,,,,,,,,,,,,,,,,,,
P.197_N.16,SARAWAK,P.197,KOTA SAMARAHAN,N.16,MUARA TUANG,BN - PBB,,16186,"8,578",78.40%,"12,688",60,269,"12,359",PBB,DATO' IDRIS BUANG,MALE,62,10086,,PAN,ABANG ABDUL HALIL BIN ABANG NAILI,MALE,56,765,LOST DEPOSIT,,,,,,,PAS,ZULKIPLI BIN RAMZI,MALE,38,1508,LOST DEPOSIT,,,,,,,,,,,,,,,,,,,,,,,,
P.197_N.17,SARAWAK,P.197,KOTA SAMARAHAN,N.17,STAKAN,BN - PBB,,14846,"7,042",73.00%,"10,839",55,186,"10,598",PBB,DATO SRI MOHAMMAD ALI MAHMUD,MALE,66,8820,,DAP,LESLIE TING XIANG ZHI,MALE,25,1778,,,,,,,,,,,,,,,,,,,,,,,,,,,,,,,,,,,,,
P.198_N.18,SARAWAK,P.198,PUNCAK BORNEO,N.18,SEREMBU,BN - DIRECT,,9065,"1,397",77.20%,"7,002",19,138,"6,845",Direct,MIRO ANAK SIMUH,MALE,44,3452,,PKR,ATHINA KLAYWA SIM,FEMALE,27,1218,,,,,,,,,,,,,,STAR,BULN ANAK PATRICK RIBOS,MALE,47,120,LOST DEPOSIT,,,,,,,INDEPENDENT - BOOK,NYOMEK ANAK NYEAP,MALE,,"2,055",,,,,,,
P.198_N.19,SARAWAK,P.198,PUNCAK BORNEO,N.19,MAMBONG,BN - DIRECT,,17467,"3,333",68.20%,"11,904",70,200,"11,634",Direct,JERIP ANAK SUSIL,MALE,59,6161,,DAP,SANJAN ANAK DAIK,MALE,55,"2,828",,PKR,WILLIE ANAK MONGIN,MALE,,2645,,,,,,,,,,,,,,,,,,,,,,,,,,,,,,,
P.198_N.20,SARAWAK,P.198,PUNCAK BORNEO,N.20,TARAT,BN - PBB,,16391,"5,421",71.70%,"11,748",55,214,"11,479",PBB,ROLAND SAGAH,MALE,61,8450,,PKR,MUSA ANAK NGOG,MALE,34,3029,,,,,,,,,,,,,,,,,,,,,,,,,,,,,,,,,,,,,
P.199_N.21,SARAWAK,P.199,SERIAN,N.21,TEBEDU,BN - PBB,,11521,"6,193",75.50%,"8,701",36,144,"8,521",PBB,DATO SRI MICHAEL MANYIN ANAK JAWONG,MALE,71,7357,,PKR,ALEX SABEN ANAK NIPONG @ NYIPONG,MALE,,1164,,,,,,,,,,,,,,,,,,,,,,,,,,,,,,,,,,,,,
P.199_N.22,SARAWAK,P.199,SERIAN,N.22,KEDUP,BN - PBB,,10370,"3,828",77.10%,"8,000",17,105,"7,878",PBB,MARTIN BEN,MALE,54,5769,,DAP,ANDREW NYABE,MALE,,1941,,,,,,,,,,,,,,,,,,,,PBDSB,MARK MURAU ANAK SUMON,MALE,,168,LOST DEPOSIT,,,,,,,,,,,,
P.199_N.23,SARAWAK,P.199,SERIAN,N.23,BUKIT SEMUJA,BN - DIRECT,,13365,"3,144",70.70%,"9,452",195,117,"9,140",Direct,JOHN ILUS,MALE,54,5451,,DAP,EDWARD ANAK ANDREW LUWAK @ EDWARD LUWAK,MALE,64,2307,,,,,,,,,,,,,,STAR,JOHNNY BOB ANAK APUT,MALE,53,53,LOST DEPOSIT,PBDSB,COBBOLD ANAK LUSOI,MALE,54,133,LOST DEPOSIT,INDEPENDENT - FLOWER,FREDERICK BAYOI AK. MANGGIE,MALE,73,"1,196",,,,,,,
P.200_N.24,SARAWAK,P.200,BATANG SADONG,N.24,SADONG JAYA,BN - PBB,,6749,"3,467",72.20%,"4,874",20,80,"4,774",PBB,IR AIDEL LARIWOO,MALE,44,3925,,PAN,OTHMAN BIN MUSTAPHA @ MOS,MALE,61,157,LOST DEPOSIT,,,,,,,PAS,CIKGU ASAN SINGKRO,MALE,63,458,LOST DEPOSIT,,,,,,,,,,,,,INDEPENDENT - FLOWER,AWANG RABIEE,MALE,,234,LOST DEPOSIT,,,,,,
P.200_N.25,SARAWAK,P.200,BATANG SADONG,N.25,SIMUNJAN,BN - PBB,,7774,"2,712",76.10%,"5,915",27,123,"5,765",PBB,AWLA BIN DRIS,MALE,55,4101,,PKR,JAMILAH BINTI BAHARUDDIN,FEMALE,,1389,,,,,,,,,,,,,,,,,,,,,,,,,,INDEPENDENT - KEY,HIPNI BIN KANAINI,MALE,,275,LOST DEPOSIT,,,,,,
P.200_N.26,SARAWAK,P.200,BATANG SADONG,N.26,GEDONG,BN - PBB,,7087,"3,365",74.70%,"5,297",26,112,"5,159",PBB,MOHD. NARODEN MAJAIS,MALE,63,4064,,PAN,RAPELSON RICHARD HAMIT,MALE,30,699,,,,,,,,,,,,,,,,,,,,,,,,,,INDEPENDENT - KEY,UJA ANAK BANSI,MALE,,396,LOST DEPOSIT,,,,,,
P.201_N.27,SARAWAK,P.201,BATANG LUPAR,N.27,SEBUYAU,BN - PBB,,9041,"2,742",73.20%,"6,620",18,118,"6,484",PBB,DATUK JULAIHI NARAWI,MALE,61,4531,,PAN,ANDREW ANAK JAIN,MALE,47,164,LOST DEPOSIT,,,,,,,PAS,USTAZ HAJI WAN ABDILLAH,MALE,44,1789,,,,,,,,,,,,,,,,,,,,,,,,,
P.201_N.28,SARAWAK,P.201,BATANG LUPAR,N.28,LINGGA,BN - PBB,,8988,"2,943",70.60%,"6,350",0,113,"6,237",PBB,HAJAH SIMOI BINTI PERI,FEMALE,52,4169,,PKR,ABANG ZULKIFLI BIN ABANG ENGKEH,MALE,56,1226,,,,,,,,,,,,,,,,,,,,,,,,,,INDEPENDENT - TREE,DATO WAN ABDILLAH EDRUCE,MALE,56,842,,,,,,,
P.201_N.29,SARAWAK,P.201,BATANG LUPAR,N.29,BETING MARO,BN - PBB,,10474,"1,707",76.70%,"8,035",19,104,"7,912",PBB,RAZAILI BIN HAJI GAPOR,MALE,60,4758,,PAN,ANDRI ZULKARNAEN BIN HAMDEN,MALE,44,103,LOST DEPOSIT,,,,,,,PAS,HAMIDAH MOKHTAR,FEMALE,26,3051,,,,,,,,,,,,,,,,,,,,,,,,,
P.202_N.30,SARAWAK,P.202,SRI AMAN,N.30,BALAI RINGIN,BN - PRS,,9945,"2,039",78.40%,"7,794",87,0,"7,707",PRS,SNOWDAN LAWAN,MALE,45,4478,,PKR,NICHOLAS MUJAH ANAK ASON,MALE,,700,LOST DEPOSIT,,,,,,,,,,,,,,,,,,,PBDSB,POK ANAK UNGKUT,MALE,,90,LOST DEPOSIT,INDEPENDENT - KEY,ENTUSA ANAK IMAM,MALE,59,"2,439",,,,,,,
P.202_N.31,SARAWAK,P.202,SRI AMAN,N.31,BUKIT BEGUNAN,BN - PRS,,9389,"4,695",69.70%,"6,547",17,125,"6,405",PRS,MONG ANAK DAGANG,MALE,61,5550,,PKR,JUBRI ANAK ATAK,MALE,53,855,,,,,,,,,,,,,,,,,,,,,,,,,,,,,,,,,,,,,
P.202_N.32,SARAWAK,P.202,SRI AMAN,N.32,SIMANGGANG,BN - SUPP,,11472,"1,388",71.50%,"8,205",47,83,"8,075",SUPP,FRANCIS HARDEN ANAK HOLLIS,MALE,60,4094,,PKR,NORINA UMOI ANAK UTOT,FEMALE,55,580,LOST DEPOSIT,DAP,LEON JIMAT DONALD,MALE,42,695,LOST DEPOSIT,,,,,,,,,,,,,,,,,,,INDEPENDENT - KEY,DATO DR NGU PIEW SENG,MALE,,"2,706",,,,,,,
P.203_N.33,SARAWAK,P.203,LUBOK ANTU,N.33,ENGKILILI,BN - DIRECT,,10682,"3,857",73.80%,"7,888",23,73,"7,792",Direct,JOHNICHAL RAYONG NGIPA,MALE,54,5513,,PKR,NICHOLAS BAWIN ANAK ANGGAT,MALE,,532,LOST DEPOSIT,,,,,,,,,,,,,,,,,,,,,,,,,INDEPENDENT - BIRD,ADAN ANAK SANDOM,MALE,,91,LOST DEPOSIT,INDEPENDENT - FLOWER,DR. RIDI BAUK,MALE,,"1,656",
P.203_N.34,SARAWAK,P.203,LUBOK ANTU,N.34,BATANG AI,BN - PRS,,9492,"3,186",70.80%,"6,716",18,116,"6,582",PRS,MALCOM MUSSEN ANAK LAMOH,MALE,57,4884,,PKR,KOLIEN ANAK LIONG,MALE,,1698,,,,,,,,,,,,,,,,,,,,,,,,,,,,,,,,,,,,,
P.204_N.35,SARAWAK,P.204,BETONG,N.35,SARIBAS,BN - PBB,,9879,"4,432",79.80%,"7,883",277,112,"7,494",PBB,RICKY @ MOHAMMAD RAZI SITAM,MALE,43,5963,,PKR,YAKUP BIN DAUD,MALE,,1531,,,,,,,,,,,,,,,,,,,,,,,,,,,,,,,,,,,,,
P.204_N.36,SARAWAK,P.204,BETONG,N.36,LAYAR,BN - PBB,,9094,"1,428",72.40%,"6,582",34,114,"6,434",PBB,GERALD RENTAP JABU,MALE,46,3931,,PKR,VERNON ALBERT KEDIT,MALE,,2503,,,,,,,,,,,,,,,,,,,,,,,,,,,,,,,,,,,,,
P.204_N.37,SARAWAK,P.204,BETONG,N.37,BUKIT SABAN,BN - PBB,,8897,"4,599",74.00%,"6,584",27,108,"6,449",PBB,DOUGLAS UGGAH EMBAS,MALE,61,5524,,PKR,NOEL CHANGGAI BUCKING,MALE,,925,,,,,,,,,,,,,,,,,,,,,,,,,,,,,,,,,,,,,
P.205_N.38,SARAWAK,P.205,SARATOK,N.38,KALAKA,BN - PBB,,7327,"2,835",71.60%,"5,247",24,82,"5,141",PBB,ABDUL WAHAB BIN AZIZ,MALE,72,3988,,PKR,JEMAT PANJANG,MALE,,1153,,,,,,,,,,,,,,,,,,,,,,,,,,,,,,,,,,,,,
P.205_N.39,SARAWAK,P.205,SARATOK,N.39,KRIAN,PH - PKR,,11959,"1,640",77.30%,"9,247",53,58,"9,136",SPDP,KILAT BERIAK,MALE,,3748,,PKR,ALI ANAK BIJU,MALE,48,5388,,,,,,,,,,,,,,,,,,,,,,,,,,,,,,,,,,,,,
P.205_N.40,SARAWAK,P.205,SARATOK,N.40,KABONG,BN - PBB,,9287,"3,585",72.20%,"6,708",34,121,"6,553",PBB,MOHD CHEE KADIR,MALE,63,5069,,PAN,JINI BIN SAHINI,MALE,54,1484,,,,,,,,,,,,,,,,,,,,,,,,,,,,,,,,,,,,,
P.206_N.41,SARAWAK,P.206,TANJONG MANIS,N.41,KUALA RAJANG,BN - PBB,,10259,"5,586",70.40%,"7,227",37,153,"7,037",PBB,LEN TALIF SALLEH,MALE,63,6235,,PAN,SOPIAN BIN JULAIHI,MALE,38,649,LOST DEPOSIT,,,,,,,,,,,,,,,,,,,,,,,,,INDEPENDENT - BOAT,ASBOR BIN ABDULLAH,MALE,,153,LOST DEPOSIT,,,,,,
P.206_N.42,SARAWAK,P.206,TANJONG MANIS,N.42,SEMOP,BN - PBB,,9617,"4,412",65.80%,"6,331",24,139,"6,168",PBB,ABDULLAH SAIDOL,MALE,50,5290,,PAN,MOHAMAD FADILLAH BIN SABALI,MALE,35,878,,,,,,,,,,,,,,,,,,,,,,,,,,,,,,,,,,,,,
P.207_N.43,SARAWAK,P.207,IGAN,N.43,DARO,BN - PBB,,8491,"4,432",67.50%,"5,734",17,147,"5,570",PBB,SAFIEE BIN HAJI AHMAD,MALE,47,5001,,PAN,IBRAHIM BIN BAYAU,MALE,50,569,LOST DEPOSIT,,,,,,,,,,,,,,,,,,,,,,,,,,,,,,,,,,,,
P.207_N.44,SARAWAK,P.207,IGAN,N.44,JEMORENG,BN - PBB,,9699,"3,789",69.40%,"6,729",30,133,"6,566",PBB,DATO' DR. JUANDA BIN JAYA,MALE,44,5084,,PAN,KIPRAWI BIN SUHAILI,MALE,70,187,LOST DEPOSIT,,,,,,,,,,,,,,,,,,,,,,,,,INDEPENDENT - TREE,ABDULLAH BIN SAMINAN,MALE,,"1,295",,,,,,,
P.208_N.45,SARAWAK,P.208,SARIKEI,N.45,REPOK,BN - SUPP,,20263,943,71.60%,"14,503",28,145,"14,330",SUPP,HUANG TIONG SII,MALE,47,7446,,DAP,YONG SIEW WEI,FEMALE,30,6503,,,,,,,,,,,,,,,,,,,,,,,,,,INDEPENDENT - FLOWER,WONG CHIN KING,MALE,50,381,LOST DEPOSIT,,,,,,
P.208_N.46,SARAWAK,P.208,SARIKEI,N.46,MERADONG,BN - SUPP,,16882,"1,516",73.50%,"12,413",34,165,"12,214",SUPP,DING KUONG HIING,MALE,61,6865,,DAP,TING TZE FUI,FEMALE,35,5349,,,,,,,,,,,,,,,,,,,,,,,,,,,,,,,,,,,,,
P.209_N.47,SARAWAK,P.209,JULAU,N.47,PAKAN,BN - DIRECT,,10322,426,77.40%,"7,993",8,128,"7,857",Direct,WILLIAM MAWAN IKOM,MALE,67,3999,,DAP,RINDA JULIZA ANAK ALEXANDER,FEMALE,31,285,LOST DEPOSIT,,,,,,,,,,,,,,,,,,,,,,,,,INDEPENDENT - TREE,JAWIE ANAK JINGOT@JENGGOT,MALE,,"3,573",,,,,,,
P.209_N.48,SARAWAK,P.209,JULAU,N.48,MELUAN,BN - SPDP,,13103,677,69.80%,"9,140",22,127,"8,991",SPDP,ROLLAND DUAT ANAK JUBIN,MALE,51,3363,,PKR,SEMANA ANAK SAWANG,MALE,,2008,,,,,,,,,,,,,,,,,,,,,,,,,,INDEPENDENT - TREE,REMIGUIS NOEL @ JERRY ANAK CLEMENT,MALE,,934,LOST DEPOSIT,INDEPENDENT - KEY,ELLY LAWAI ANAK NGALAI,MALE,49,"2,686",
P.210_N.49,SARAWAK,P.210,KANOWIT,N.49,NGEMAH,BN - PRS,,8899,154,71.90%,"6,396",21,114,"6,261",PRS,ALEXANDER ANAK VINCENT,MALE,,2888,,DAP,RICHARD ANAK LIAS,MALE,57,243,LOST DEPOSIT,PKR,THOMAS LAJA ANAK BESI,MALE,63,396,LOST DEPOSIT,,,,,,,,,,,,,,,,,,,INDEPENDENT - HOE,DR JOSEPH JAWA ANAK KENDAWANG,MALE,62,2734,,,,,,,
P.210_N.50,SARAWAK,P.210,KANOWIT,N.50,MACHAN,BN - PBB,,10947,"2,952",70.40%,"7,704",20,155,"7,529",PBB,ALLAN SIDEN GRAMONG,MALE,30,4550,,PKR,CHEN NGUK FA,MALE,54,1381,,,,,,,,,,,,,,,,,,,,,,,,,,INDEPENDENT - FLOWER,SEMAWI ANAK PAONG,MALE,38,"1,598",,,,,,,
P.211_N.51,SARAWAK,P.211,LANANG,N.51,BUKIT ASSEK,PH - DAP,,28341,"4,497",66.60%,"18,881",40,180,"18,661",SUPP,CHIENG BUONG TOON,MALE,,6895,,DAP,IRENE MARY CHANG OI LING,FEMALE,51,11392,,,,,,,,,,,,,,STAR,MOH HIONG KING,MALE,46,374,LOST DEPOSIT,,,,,,,,,,,,,,,,,,
P.211_N.52,SARAWAK,P.211,LANANG,N.52,DUDONG,BN - DIRECT,,29028,"2,146",73.00%,"21,183",42,219,"20,922",Direct,TIONG THAI KING,MALE,70,9700,,DAP,YAP HOI LIONG,MALE,46,7554,,,,,,,,,,,,,,STAR,TING YIIK HONG,FEMALE,49,152,LOST DEPOSIT,,,,,,,INDEPENDENT - KEY,LEE CHUNG FATT,MALE,,"3,288",,INDEPENDENT - CHAIR,CASPER KAYONG ANAK UMPING,MALE,,228,LOST DEPOSIT
P.212_N.53,SARAWAK,P.212,SIBU,N.53,BAWANG ASSAN,BN - DIRECT,,18340,"4,131",80.70%,"14,801",21,149,"14,631",Direct,WONG SOON KOH,MALE,74,9015,,DAP,CHIEW SUNG NGIE,MALE,38,4884,,,,,,,,,,,,,,STAR,WONG SING WEI,MALE,,100,LOST DEPOSIT,,,,,,,INDEPENDENT - BIRD,WATSON BANGAU ANAK JOHNATHAN RENANG,MALE,,569,LOST DEPOSIT,INDEPENDENT - KEY,YEU BANG KENG,MALE,48,63,LOST DEPOSIT
P.212_N.54,SARAWAK,P.212,SIBU,N.54,PELAWAN,PH - DAP,,32233,"4,314",70.20%,"22,628",59,174,"22,395",Direct,LAU UNG HIE,FEMALE,69,8742,,DAP,WONG KEE WOAN,MALE,54,13056,,,,,,,,,,,,,,STAR,PRISCILLA LAU,FEMALE,47,597,LOST DEPOSIT,,,,,,,,,,,,,,,,,,
P.212_N.55,SARAWAK,P.212,SIBU,N.55,NANGKA,BN - PBB,,18605,"7,617",67.80%,"12,613",37,186,"12,390",PBB,DR. ANNUAR RAPA'EE,MALE,53,9617,,PKR,ABDUL RAAFIDIN BIN MAJIDI,MALE,33,2000,,,,,,,,,,,,,,STAR,TIONG ING TUNG,MALE,48,773,LOST DEPOSIT,,,,,,,,,,,,,,,,,,
P.213_N.56,SARAWAK,P.213,MUKAH,N.56,DALAT,BN - PBB,,11440,"6,330",70.60%,"8,080",46,150,"7,884",PBB,FATIMAH BINTI ABDULLAH,FEMALE,59,7107,,PKR,SIM ENG HUA,MALE,,777,LOST DEPOSIT,,,,,,,,,,,,,,,,,,,,,,,,,,,,,,,,,,,,
P.213_N.57,SARAWAK,P.213,MUKAH,N.57,TELLIAN,BN - PBB,,8914,"4,421",65.70%,"5,858",22,83,"5,753",PBB,YUSSIBNOSH BALO,MALE,48,5087,,PKR,ASINI @ HASNI BIN YAHYA,MALE,,666,LOST DEPOSIT,,,,,,,,,,,,,,,,,,,,,,,,,,,,,,,,,,,,
P.213_N.58,SARAWAK,P.213,MUKAH,N.58,BALINGIAN,BN - PBB,,7967,"2,964",69.70%,"5,552",10,90,"5,452",PBB,ABDUL YAKUB HAJI ARBI,MALE,56,4208,,PAN,NURZAITI BINTI HAMDAN,FEMALE,37,1244,,,,,,,,,,,,,,,,,,,,,,,,,,,,,,,,,,,,,
P.214_N.59,SARAWAK,P.214,SELANGAU,N.59,TAMIN,BN - PRS,,14948,"2,085",77.00%,"11,508",10,169,"11,329",PRS,IR. CHRISTOPHER GIRA,MALE,46,6230,,PKR,SIMON ANAK JOSEPH,MALE,48,954,LOST DEPOSIT,,,,,,,,,,,,,,,,,,,,,,,,,INDEPENDENT - AEROPLANE,DR. ALI ANAK PUJI,MALE,,"4,145",,,,,,,
P.214_N.60,SARAWAK,P.214,SELANGAU,N.60,KAKUS,BN - PRS,,12953,"5,211",74.00%,"9,589",7,203,"9,379",PRS,JOHN SIKIE TAYAI,MALE,66,7054,,PKR,JOSHUA ANAK JABING @ JOSHUA JABENG,MALE,66,1843,,,,,,,,PAS,CLEMENT BAYANG,MALE,60,482,LOST DEPOSIT,,,,,,,,,,,,,,,,,,,,,,,,
P.215_N.61,SARAWAK,P.215,KAPIT,N.61,PELAGUS,BN - PRS,,7186,"3,284",64.90%,"4,665",12,60,"4,593",PRS,WILSON NYABONG ANAK IJANG,MALE,57,3778,,DAP,BENDINDANG ANAK MANJAH,MALE,,494,LOST DEPOSIT,,,,,,,,,,,,,,,,,,,,,,,,,INDEPENDENT - FLOWER,YONG ANAK SIBAT,MALE,,321,LOST DEPOSIT,,,,,,
P.215_N.62,SARAWAK,P.215,KAPIT,N.62,KATIBAS,BN - PBB,,9666,"3,053",66.80%,"6,454",14,131,"6,309",PBB,DATUK AMBROSE BLIKAU ENTURAN,MALE,63,4681,,DAP,PAREN ANAK NYAWI,MALE,35,1628,,,,,,,,,,,,,,,,,,,,,,,,,,,,,,,,,,,,,
P.215_N.63,SARAWAK,P.215,KAPIT,N.63,BUKIT GORAM,BN - PBB,,11510,"2,586",58.70%,"6,762",46,110,"6,606",PBB,JEFFERSON JAMIT ANAK UNYAT,MALE,58,4596,,DAP,LARRY ANAK ASAP,MALE,29,2010,,,,,,,,,,,,,,,,,,,,,,,,,,,,,,,,,,,,,
P.216_N.64,SARAWAK,P.216,HULU RAJANG,N.64,BALEH,BN - PRS,,9624,"4,843",60.50%,"5,820",14,55,"5,751",PRS,JAMES JEMUT MASING,MALE,67,5297,,DAP,AGOP ANAK LINSONG,MALE,,454,LOST DEPOSIT,,,,,,,,,,,,,,,,,,,,,,,,,,,,,,,,,,,,
P.216_N.65,SARAWAK,P.216,HULU RAJANG,N.65,BELAGA,BN - PRS,,7096,"3,686",65.90%,"4,674",11,51,"4,612",PRS,LIWAN LAGANG,MALE,58,4149,,PKR,ALEXANDER LEHAN,MALE,,463,LOST DEPOSIT,,,,,,,,,,,,,,,,,,,,,,,,,,,,,,,,,,,,
P.216_N.66,SARAWAK,P.216,HULU RAJANG,N.66,MURUM,BN - PRS,,8242,"2,200",75.50%,"6,219",20,153,"6,046",PRS,CHUKPAI UGON,MALE,48,3265,,DAP,MATHEW SILEK,MALE,45,687,LOST DEPOSIT,PKR,ABUN SUI ANYIT,MALE,43,"1,065",,,,,,,,,,,,,,,,,,,,INDEPENDENT - KEY,STANLEY AJANG BATOK,MALE,63,"1,029",,,,,,,
P.217_N.67,SARAWAK,P.217,BINTULU,N.67,JEPAK,BN - PBB,,13789,"4,201",67.90%,"9,369",14,140,"9,215",PBB,DATUK HAJI TALIB ZULPILIP,MALE,65,6342,,PKR,ABDUL JALIL BIN BUJANG,MALE,57,2141,,,,,,,,PAS,HAJI KIPRAWI AMAN,MALE,67,406,LOST DEPOSIT,STAR,MOHD ANUAR HAMID,MALE,,136,LOST DEPOSIT,,,,,,,INDEPENDENT - AEROPLANE,WONG HAU MING,MALE,55,190,LOST DEPOSIT,,,,,,
P.217_N.68,SARAWAK,P.217,BINTULU,N.68,TANJONG BATU,PH - DAP,,19674,"2,548",69.20%,"13,619",14,96,"13,509",SUPP,PAU CHIONG UNG,MALE,64,5436,,DAP,CHIEW CHIU SING,MALE,,7984,,,,,,,,,,,,,,STAR,CHIENG LEA PHING,MALE,54,89,LOST DEPOSIT,,,,,,,,,,,,,,,,,,
P.217_N.69,SARAWAK,P.217,BINTULU,N.69,KEMENA,BN - PBB,,12991,"4,868",74.60%,"9,694",3,175,"9,516",PBB,DATUK DR STEPHEN RUNDI ANAK UTOM,MALE,56,7192,,DAP,LEIGHTON ANAK MANJAH,MALE,50,2324,,,,,,,,,,,,,,,,,,,,,,,,,,,,,,,,,,,,,
P.217_N.70,SARAWAK,P.217,BINTULU,N.70,SAMALAJU,BN - PRS,,13251,"2,464",68.10%,"9,026",11,120,"8,895",PRS,MAJANG ANAK RENGGI,MALE,59,5456,,DAP,BABA ANAK EMPERAN,MALE,48,2992,,,,,,,,PAS,ZHARUDIN,MALE,31,447,LOST DEPOSIT,,,,,,,,,,,,,,,,,,,,,,,,
P.218_N.71,SARAWAK,P.218,SIBUTI,N.71,BEKENU,BN - DIRECT,,12250,"4,789",69.70%,"8,540",32,125,"8,383",Direct,ROSEY YUNUS,FEMALE,60,6009,,PKR,BILL ANAK KAYONG,MALE,43,1220,,,,,,,,,,,,,,,,,,,,,,,,,,INDEPENDENT - RING,AUSTIN SIGI ANAK MELU,MALE,,589,LOST DEPOSIT,INDEPENDENT - FLOWER,JOU @ PETER ANAK JELIN,MALE,,565,LOST DEPOSIT
P.218_N.72,SARAWAK,P.218,SIBUTI,N.72,LAMBIR,BN - PBB,,17533,"4,907",63.60%,"11,148",15,205,"10,928",PBB,RIPIN LAMAT,MALE,46,7503,,PKR,MOHDAK BIN ISMAIL,MALE,,2596,,,,,,,,PAS,MOHAMMAD ARIFIRIAZUL BIN PAIJO,MALE,32,829,LOST DEPOSIT,,,,,,,,,,,,,,,,,,,,,,,,
P.219_N.73,SARAWAK,P.219,MIRI,N.73,PIASAU,BN - SUPP,,21120,"2,112",64.60%,"13,634",25,123,"13,486",SUPP,SEBASTIAN TING CHIEW YEW,MALE,61,7799,,DAP,ALAN LING SIE KIONG,MALE,33,5687,,,,,,,,,,,,,,,,,,,,,,,,,,,,,,,,,,,,,
P.219_N.74,SARAWAK,P.219,MIRI,N.74,PUJUT,PH - DAP,,26202,"1,759",65.30%,"17,098",32,139,"16,927",Direct,HII KING CHIONG,MALE,59,7140,,DAP,TING TIONG CHOON,MALE,51,8899,,,,,,,,PAS,JOFRI JARAIEE,MALE,54,513,LOST DEPOSIT,,,,,,,,,,,,,INDEPENDENT - KEY,FONG PAU TECK,MALE,47,375,LOST DEPOSIT,,,,,,
P.219_N.75,SARAWAK,P.219,MIRI,N.75,SENADIN,BN - SUPP,,27874,"3,538",65.90%,"18,358",34,167,"18,157",SUPP,DATUK LEE KIM SHIN,MALE,66,10683,,DAP,BARU LANGUB,MALE,64,7145,,,,,,,,,,,,,,,,,,,,PBDSB,PHILEMON ANAK JOHN EDAN,MALE,,329,LOST DEPOSIT,,,,,,,,,,,,
P.220_N.76,SARAWAK,P.220,BARAM,N.76,MARUDI,BN - SPDP,,14858,"1,387",66.00%,"9,807",21,131,"9,655",SPDP,DATU DR. PENGUANG MANGGIL,MALE,59,5493,,PKR,ELIA BIT,FEMALE,28,4106,,,,,,,,,,,,,,,,,,,,,,,,,,INDEPENDENT - FISH,LOUIS JALONG,MALE,58,56,LOST DEPOSIT,,,,,,
P.220_N.77,SARAWAK,P.220,BARAM,N.77,TELANG USAN,BN - PBB,,10000,167,63.90%,"6,388",11,82,"6,295",PBB,DENNIS NGAU,MALE,48,3231,,PKR,ROLAND ENGAN,MALE,44,3064,,,,,,,,,,,,,,,,,,,,,,,,,,,,,,,,,,,,,
P.220_N.78,SARAWAK,P.220,BARAM,N.78,MULU,BN - DIRECT,,8600,"1,708",62.30%,"5,356",9,111,"5,236",Direct,GERAWAT GALA,MALE,59,3198,,PKR,PAULS BAYA,MALE,,"1,490",,DAP,PAUL ANYIE RAJA,MALE,,309,LOST DEPOSIT,,,,,,,,,,,,,,,,,,,INDEPENDENT - TREE,DR ROLAND DOM MATTU,MALE,,239,LOST DEPOSIT,,,,,,
P.221_N.79,SARAWAK,P.221,LIMBANG,N.79,BUKIT KOTA,BN - PBB,Y,16437,0,0.00%,0,0,0,0,PBB,ABDUL RAHMAN BIN ISMAIL,MALE,53,0,,,,,,,,,,,,,,,,,,,,,,,,,,,,,,,,,,,,,,,,,,,
P.221_N.80,SARAWAK,P.221,LIMBANG,N.80,BATU DANAU,BN - DIRECT,,8657,"2,939",68.30%,"5,909",13,103,"5,793",Direct,PALU @ PAULUS PALU ANAK GUMBANG,MALE,65,4366,,,,,,,,,,,,,,,,,,,,,,,,,,,,,,,,INDEPENDENT - FLOWER,ALI ANAK ADAP,MALE,49,"1,427",,,,,,,
P.222_N.81,SARAWAK,P.222,LAWAS,N.81,BA`KELALAN,PH - PKR,,7375,538,70.90%,"5,229",16,35,"5,178",SPDP,WILLIE LIAU,MALE,48,2320,,PKR,BARU BIAN,MALE,58,2858,,,,,,,,,,,,,,,,,,,,,,,,,,,,,,,,,,,,,
P.222_N.82,SARAWAK,P.222,LAWAS,N.82,BUKIT SARI,BN - PBB,Y,12418,0,0.00%,0,0,0,0,PBB,TENGAH B. ALI HASSIN,MALE,61,0,,,,,,,,,,,,,,,,,,,,,,,,,,,,,,,,,,,,,,,,,,,
