UNIQUE CODE,STATE,PARLIAMENTARY CONSTITUENCY CODE,PARLIAMENTARY CONSTITUENCY NAME,STATE CONSTITUENCY CODE,STATE CONSTITUENCY NAME,WINNING PARTY,UNCONTESTED VICTORY,TOTAL ELECTORATE,WINNING MAJORITY,TURNOUT (%),TOTAL BALLOTS ISSUED,TOTAL REJECTED VOTES,TOTAL VALID VOTES,ALLIANCE,ALLIANCE CANDIDATE,ALLIANCE CANDIDATE SEX,ALLIANCE CANDIDATE AGE,ALLIANCE VOTE,ALLIANCE CANDIDATE LOST DEPOSIT,SARAWAK ALLIANCE,SARAWAK ALLIANCE CANDIDATE,SARAWAK ALLIANCE CANDIDATE SEX,SARAWAK ALLIANCE CANDIDATE AGE,SARAWAK ALLIANCE VOTE,SARAWAK ALLIANCE CANDIDATE LOST DEPOSIT,PMIP,PMIP CANDIDATE,PMIP CANDIDATE SEX,PMIP CANDIDATE AGE,PMIP VOTE,PMIP CANDIDATE LOST DEPOSIT,OTHER PARTY (1),OTHER PARTY (1) CANDIDATE,OTHER PARTY (1) CANDIDATE SEX,OTHER PARTY (1) CANDIDATE AGE,OTHER PARTY (1) VOTE,OTHER PARTY (1) CANDIDATE LOST DEPOSIT,OTHER PARTY (2),OTHER PARTY (2) CANDIDATE,OTHER PARTY (2) CANDIDATE SEX,OTHER PARTY (2) CANDIDATE AGE,OTHER PARTY (2) VOTE,OTHER PARTY (2) CANDIDATE LOST DEPOSIT,OTHER PARTY (3),OTHER PARTY (3) CANDIDATE,OTHER PARTY (3) CANDIDATE SEX,OTHER PARTY (3) CANDIDATE AGE,OTHER PARTY (3) VOTE,OTHER PARTY (3) CANDIDATE LOST DEPOSIT,OTHER PARTY (4),OTHER PARTY (4) CANDIDATE,OTHER PARTY (4) CANDIDATE SEX,OTHER PARTY (4) CANDIDATE AGE,OTHER PARTY (4) VOTE,OTHER PARTY (4) CANDIDATE LOST DEPOSIT,INDEPENDENT (1),INDEPENDENT (1) CANDIDATE,INDEPENDENT (1) CANDIDATE SEX,INDEPENDENT (1) CANDIDATE AGE,INDEPENDENT (1) VOTE,INDEPENDENT (1) CANDIDATE LOST DEPOSIT,INDEPENDENT (2),INDEPENDENT (2) CANDIDATE,INDEPENDENT (2) CANDIDATE SEX,INDEPENDENT (2) CANDIDATE AGE,INDEPENDENT (2) VOTE,INDEPENDENT (2) CANDIDATE LOST DEPOSIT,INDEPENDENT (3),INDEPENDENT (3) CANDIDATE,INDEPENDENT (3) CANDIDATE SEX,INDEPENDENT (3) CANDIDATE AGE,INDEPENDENT (3) VOTE,INDEPENDENT (3) CANDIDATE LOST DEPOSIT,INDEPENDENT (4),INDEPENDENT (4) CANDIDATE,INDEPENDENT (4) CANDIDATE SEX,INDEPENDENT (4) CANDIDATE AGE,INDEPENDENT (4) VOTE,INDEPENDENT (4) CANDIDATE LOST DEPOSIT
P.1_S.1,PERLIS,P.1,PERLIS UTARA,S.1,KAKI BUKIT,ALLIANCE - MCA,,6376,1090,76.71,4891,334,4557,MCA,LOH AH TONG,MALE,,2629,,,,,,,,PMIP,MUSTAFFA BIN AHMAD,MALE,,1539,,PRM,CHE MAHMUD BIN CHE MAN,MALE,,389,LOST DEPOSIT,,,,,,,,,,,,,,,,,,,,,,,,,,,,,,,,,,,,,,,,,,
P.1_S.2,PERLIS,P.1,PERLIS UTARA,S.2,PAYA,ALLIANCE - UMNO,,4887,108,85,4154,232,3922,UMNO,CHE YOOK @ CHE YOB BIN CHE CHOH,MALE,,1922,,,,,,,,PMIP,AHMAD BIN L. IBRAHIM,MALE,,1814,,PRM,ABDULLAH BIN TALIB,MALE,,186,LOST DEPOSIT,,,,,,,,,,,,,,,,,,,,,,,,,,,,,,,,,,,,,,,,,,
P.1_S.3,PERLIS,P.1,PERLIS UTARA,S.3,MATA AYER,ALLIANCE - UMNO,,4425,51,82.21,3638,220,3418,UMNO,ABDULLAH BIN HAJI HASSAN,MALE,,1623,,,,,,,,PMIP,AMIN BIN ISHAK,MALE,,1572,,PRM,WAN KHAZIM @ WAN HUSSIN BIN WAN DIN,MALE,,223,LOST DEPOSIT,,,,,,,,,,,,,,,,,,,,,,,,,,,,,,,,,,,,,,,,,,
P.1_S.4,PERLIS,P.1,PERLIS UTARA,S.4,BANDAR KANGAR,ALLIANCE - MCA,,3269,1285,74.7,2442,157,2285,MCA,QUAH CHOOI TONG,MALE,,1785,,,,,,,,PMIP,ISMAIL BIN AHMAD,MALE,,500,,,,,,,,,,,,,,,,,,,,,,,,,,,,,,,,,,,,,,,,,,,,,,,,,
P.1_S.5,PERLIS,P.1,PERLIS UTARA,S.5,SENA,ALLIANCE - UMNO,,3827,204,84.06,3217,233,2984,UMNO,WAN AHMAD BIN HAJI WAN KASSIM,MALE,,1594,,,,,,,,PMIP,MAHAMOOD BIN HAJI MOHD. NOOR,MALE,,1390,,,,,,,,,,,,,,,,,,,,,,,,,,,,,,,,,,,,,,,,,,,,,,,,,
P.1_S.6,PERLIS,P.1,PERLIS UTARA,S.6,BINTONG,ALLIANCE - UMNO,,5148,236,85.06,4379,327,4052,UMNO,SYED OMAR BIN SYED HUSSIN,MALE,,2144,,,,,,,,PMIP,YUSOF BIN OSMAN,MALE,,1908,,,,,,,,,,,,,,,,,,,,,,,,,,,,,,,,,,,,,,,,,,,,,,,,,
P.2_S.7,PERLIS,P.2,PERLIS SELATAN,S.7,KURONG ANAI,ALLIANCE - UMNO,,4900,312,77.45,3795,322,3473,UMNO,HAJI WAN AHMAD BIN WAN ABDULLAH,MALE,,1824,,,,,,,,PMIP,LEBAI SALEH BIN CHE MAT,MALE,,1512,,PRM,OMAR BIN ISMAIL,MALE,,137,LOST DEPOSIT,,,,,,,,,,,,,,,,,,,,,,,,,,,,,,,,,,,,,,,,,,
P.2_S.8,PERLIS,P.2,PERLIS SELATAN,S.8,ARAU,PMIP,,4967,203,76.55,3802,191,3611,UMNO,ISMAIL BIN SHEIK IBRAHIM,MALE,,1704,,,,,,,,PMIP,HUSSAIN BIN ABD. RAHMAN,MALE,,1907,,,,,,,,,,,,,,,,,,,,,,,,,,,,,,,,,,,,,,,,,,,,,,,,,
P.2_S.9,PERLIS,P.2,PERLIS SELATAN,S.9,HUTAN AJI,ALLIANCE - UMNO,,4839,16,81.34,3936,216,3720,UMNO,SYED DARUS BIN SYED HASHIM,MALE,,1868,,,,,,,,PMIP,TAHARIM BIN ARRIFIN,MALE,,1852,,,,,,,,,,,,,,,,,,,,,,,,,,,,,,,,,,,,,,,,,,,,,,,,,
P.2_S.10,PERLIS,P.2,PERLIS SELATAN,S.10,KAYANG,ALLIANCE - UMNO,,4625,254,76.71,3548,192,3356,UMNO,YUSOFF BIN ABU BAKAR,MALE,,1805,,,,,,,,PMIP,YAHYA BIN BAGINDA,MALE,,1551,,,,,,,,,,,,,,,,,,,,,,,,,,,,,,,,,,,,,,,,,,,,,,,,,
P.2_S.11,PERLIS,P.2,PERLIS SELATAN,S.11,KUALA PERLIS,ALLIANCE - UMNO,,4020,729,77.51,3116,173,2943,UMNO,DATO SHEIKH AHMAD BIN MOHD. HASHIM,MALE,,1744,,,,,,,,PMIP,ALI BIN ABDULLAH,MALE,,1015,,PRM,MAN BIN HASHIM,MALE,,184,LOST DEPOSIT,,,,,,,,,,,,,,,,,,,,,,,,,,,,,,,,,,,,,,,,,,
P.2_S.12,PERLIS,P.2,PERLIS SELATAN,S.12,SANGLANG,ALLIANCE - UMNO,,4777,5,85.39,4079,138,3941,UMNO,JAAFAR BIN HASSAN,MALE,45,1973,,,,,,,,PMIP,ABU BAKAR BIN HAMZAH,MALE,,1968,,,,,,,,,,,,,,,,,,,,,,,,,,,,,,,,,,,,,,,,,,,,,,,,,
P.3_S.1,KEDAH,P.3,JITRA - PADANG TERAP,S.1,JITRA,ALLIANCE - UMNO,,17690,2434,77.55,13719,899,12820,UMNO,OSMAN @ MD. DAUD BIN AROFF,MALE,29,7627,,,,,,,,PMIP,AYOB BIN HAJI JASIN,MALE,,5193,,,,,,,,,,,,,,,,,,,,,,,,,,,,,,,,,,,,,,,,,,,,,,,,,
P.3_S.2,KEDAH,P.3,JITRA - PADANG TERAP,S.2,PADANG TERAP,ALLIANCE - UMNO,,18007,952,78.8,14190,1026,13164,UMNO,SYED AHMAD BIN SYED AHMAD SHAHABUDIN,MALE,44,7058,,,,,,,,PMIP,AHMAD BIN YUSOF,MALE,,6106,,,,,,,,,,,,,,,,,,,,,,,,,,,,,,,,,,,,,,,,,,,,,,,,,
P.4_S.3,KEDAH,P.4,KUBANG PASU BARAT,S.3,JERLUN KODIANG,ALLIANCE - UMNO,,13814,311,76.02,10501,450,10051,UMNO,SYED NAHAR BIN TUN SYED SHEH SHAHABUDIN,MALE,35,5181,,,,,,,,PMIP,HAJI SHAARI BIN HAJI HAMZAH,MALE,,4870,,,,,,,,,,,,,,,,,,,,,,,,,,,,,,,,,,,,,,,,,,,,,,,,,
P.4_S.4,KEDAH,P.4,KUBANG PASU BARAT,S.4,TUNJANG,PMIP,,13461,496,75.41,10151,607,9544,UMNO,HAJI TAJUDIN BIN H. A. RAHMAN,MALE,,4524,,,,,,,,PMIP,ISMAIL BIN HANAFI,MALE,,5020,,,,,,,,,,,,,,,,,,,,,,,,,,,,,,,,,,,,,,,,,,,,,,,,,
P.5_S.5,KEDAH,P.5,KOTA STAR UTARA,S.5,LANGGAR-LIMBONG,PMIP,,14330,1542,80.16,11487,525,10962,UMNO,HAJI OMAR BIN HAJI AHMAD,MALE,,4710,,,,,,,,PMIP,ABU BAKAR BIN UMAR,MALE,,6252,,,,,,,,,,,,,,,,,,,,,,,,,,,,,,,,,,,,,,,,,,,,,,,,,
P.5_S.6,KEDAH,P.5,KOTA STAR UTARA,S.6,POKOK SENA,PMIP,,15316,345,78.06,11956,1001,10955,UMNO,HAMIDAH BINTI OMAR,FEMALE,,5305,,,,,,,,PMIP,HAJI AHMAD BIN L. SENAWI,MALE,,5650,,,,,,,,,,,,,,,,,,,,,,,,,,,,,,,,,,,,,,,,,,,,,,,,,
P.6_S.7,KEDAH,P.6,ALOR STAR,S.7,ALOR STAR PEKAN,GERAKAN,,17591,2073,65.76,11568,353,11215,MCA,TAN HAI LOON,MALE,,3760,,,,,,,,PMIP,HARON BIN OMAR,MALE,,1622,,,,,,,,GERAKAN,GEH TENG KHENG,MALE,,5833,,,,,,,,,,,,,,,,,,,,,,,,,,,,,,,,,,,,,
P.6_S.8,KEDAH,P.6,ALOR STAR,S.8,ALOR STAR LUAR,PMIP,,21040,502,65.81,13846,525,13321,MIC,"NAIR KARUNAKARAN, K.",MALE,,5043,,,,,,,,PMIP,OTHMAN BIN HAJI HUSAIN,MALE,,5545,,,,,,,,GERAKAN,TUNKU NONG BIN TUNKU MOHAMED JEWA,MALE,,2733,,,,,,,,,,,,,,,,,,,,,,,,,,,,,,,,,,,,,
P.7_S.9,KEDAH,P.7,KUALA KEDAH,S.9,LANGKAWI,ALLIANCE - UMNO,,19437,3479,79.77,15505,1052,14453,UMNO,AHMAD BIN HAJI HUSAIN,MALE,,8966,,,,,,,,PMIP,WAN SAID BIN WAN SA'AD,MALE,,5487,,,,,,,,,,,,,,,,,,,,,,,,,,,,,,,,,,,,,,,,,,,,,,,,,
P.7_S.10,KEDAH,P.7,KUALA KEDAH,S.10,KOTA STAR BARAT,PMIP,,17437,933,73.85,12877,870,12007,MCA,OOI ENG HONG,MALE,,5537,,,,,,,,PMIP,ISAMUDIN BIN AHMAD,MALE,,6470,,,,,,,,,,,,,,,,,,,,,,,,,,,,,,,,,,,,,,,,,,,,,,,,,
P.8_S.11,KEDAH,P.8,KOTA STAR SELATAN,S.11,KANGKONG BUKIT RAYA,PMIP,,14837,1058,80.28,11911,563,11348,UMNO,ABDULLAH BIN HAJI ISMAIL,MALE,,5145,,,,,,,,PMIP,ISMAIL @ SHAFIEE BIN KASSIM,MALE,,6203,,,,,,,,,,,,,,,,,,,,,,,,,,,,,,,,,,,,,,,,,,,,,,,,,
P.8_S.12,KEDAH,P.8,KOTA STAR SELATAN,S.12,PADANG,ALLIANCE - UMNO,,17158,718,80.28,13774,362,13412,UMNO,ABDUL MANAF BIN ABDULLAH,MALE,,7065,,,,,,,,PMIP,SOFFIAN BIN HAJI A. AZIZ,MALE,,6347,,,,,,,,,,,,,,,,,,,,,,,,,,,,,,,,,,,,,,,,,,,,,,,,,
P.9_S.13,KEDAH,P.9,KEDAH TENGAH,S.13,SIK-GURUN,PMIP,,20961,327,70.65,14808,1013,13795,UMNO,SHARIMAH BINTI MAHMUD,FEMALE,,6734,,,,,,,,PMIP,HARUM BIN JUSOH,MALE,,7061,,,,,,,,,,,,,,,,,,,,,,,,,,,,,,,,,,,,,,,,,,,,,,,,,
P.9_S.14,KEDAH,P.9,KEDAH TENGAH,S.14,KOTA,ALLIANCE - UMNO,,14341,2282,82.41,11819,967,10852,UMNO,MANSUR BIN AKIL,MALE,,6567,,,,,,,,PMIP,A. RAHMAN BIN IBRAHIM,MALE,,4285,,,,,,,,,,,,,,,,,,,,,,,,,,,,,,,,,,,,,,,,,,,,,,,,,
P.10_S.15,KEDAH,P.10,JERAI,S.15,SALA,PMIP,,16978,807,76.32,12958,555,12403,UMNO,HAJI IBRAHIM BIN AHMAD,MALE,,5798,,,,,,,,PMIP,MOHD. SHAARI BIN HAJI ABD. SHUKOR,MALE,,6605,,,,,,,,,,,,,,,,,,,,,,,,,,,,,,,,,,,,,,,,,,,,,,,,,
P.10_S.16,KEDAH,P.10,JERAI,S.16,YEN-MERBOK,ALLIANCE - UMNO,,14851,3247,76.53,11365,696,10669,UMNO,LEBAI ISMAIL BIN ABDUL WAHAB,MALE,,6958,,,,,,,,PMIP,BUDIMAN BIN GADING,MALE,,3711,,,,,,,,,,,,,,,,,,,,,,,,,,,,,,,,,,,,,,,,,,,,,,,,,
P.11_S.17,KEDAH,P.11,BALING,S.17,BALING TIMOR,ALLIANCE - UMNO,,18245,4200,79.22,14453,1111,13342,UMNO,HARUN BIN ABDULLAH,MALE,,8771,,,,,,,,PMIP,HASSAN BIN YAAKOB,MALE,,4571,,,,,,,,,,,,,,,,,,,,,,,,,,,,,,,,,,,,,,,,,,,,,,,,,
P.11_S.18,KEDAH,P.11,BALING,S.18,BALING BARAT,ALLIANCE - UMNO,,17965,1400,75.32,13531,845,12686,UMNO,OTHMAN @ ISMAIL BIN MAT HASSAN @ HASSAN,MALE,,7043,,,,,,,,PMIP,HAJI ABDULLAH BIN HAJI MAT ZAIN,MALE,,5643,,,,,,,,,,,,,,,,,,,,,,,,,,,,,,,,,,,,,,,,,,,,,,,,,
P.12_S.19,KEDAH,P.12,SUNGEI PATANI,S.19,PEKAN SUNGEI PATANI,GERAKAN,,15565,971,68.65,10685,373,10312,MCA,CHIN CHIN CHENG,MALE,,3998,,,,,,,,PMIP,MD. DAUD BIN ABDULLAH,MALE,27,1345,,,,,,,,GERAKAN,ONG BOON SEON,MALE,,4969,,,,,,,,,,,,,,,,,,,,,,,,,,,,,,,,,,,,,
P.12_S.20,KEDAH,P.12,SUNGEI PATANI,S.20,SUNGEI PATANI LUAR,ALLIANCE - UMNO,,13030,1482,78.89,10280,478,9802,UMNO,HAJI SALLEH BIN HAJI ISHAK,MALE,,4730,,,,,,,,PMIP,YAACOB @ SALLEH BIN ABDULLAH,MALE,29,3248,,,,,,,,GERAKAN,JANSZ WILLIAM,MALE,58,1824,,,,,,,,,,,,,,,,,,,,,,,,,,,,,,,,,,,,,
P.13_S.21,KEDAH,P.13,KULIM UTARA,S.21,SIDAM,ALLIANCE - UMNO,,11666,1526,78.36,9142,1260,7882,UMNO,HANAFI BIN MOHD. YUNUS,MALE,,4704,,,,,,,,PMIP,MD. ZAHARI BIN SBAARI,MALE,,3178,,,,,,,,,,,,,,,,,,,,,,,,,,,,,,,,,,,,,,,,,,,,,,,,,
P.13_S.22,KEDAH,P.13,KULIM UTARA,S.22,LUNAS,ALLIANCE - MCA,,14173,3254,71.28,10103,963,9140,MCA,SOON CHENG LEONG,MALE,,6197,,,,,,,,PMIP,HAJI ISHAK BIN HAJI TAIB,MALE,,2943,,,,,,,,,,,,,,,,,,,,,,,,,,,,,,,,,,,,,,,,,,,,,,,,,
P.14_S.23,KEDAH,P.14,KULIM - BANDAR BAHRU,S.23,KULIM,ALLIANCE - MCA,,16494,5479,68.63,11320,1019,10301,MCA,LEONG MAN KAI,MALE,,7890,,,,,,,,PMIP,KHATIB SHORBAINI BIN HAJI HASSAN,MALE,,2411,,,,,,,,,,,,,,,,,,,,,,,,,,,,,,,,,,,,,,,,,,,,,,,,,
P.14_S.24,KEDAH,P.14,KULIM - BANDAR BAHRU,S.24,BANDAR BAHRU,ALLIANCE - UMNO,,13780,2977,79.21,10915,886,10029,UMNO,HAJI ZAINUDDIN BIN HAJI DIN,MALE,,6503,,,,,,,,PMIP,MD. REJAB BIN AWANG KECHIK,MALE,,3526,,,,,,,,,,,,,,,,,,,,,,,,,,,,,,,,,,,,,,,,,,,,,,,,,
P.15_S.1,KELANTAN,P.15,TUMPAT,S.1,TUMPAT BARAT,PMIP,,9803,827,73.7,7225,442,6783,UMNO,CHE ABDULLAH BIN CHE OMAR @ CHE DERAHMAN BIN CHE OMAR,MALE,,2978,,,,,,,,PMIP,WAN SALLEH BIN HAJI W. SULAIMAN @ WAN ABDULLAH BIN HAJI W. SULAIMAN,MALE,,3805,,,,,,,,,,,,,,,,,,,,,,,,,,,,,,,,,,,,,,,,,,,,,,,,,
P.15_S.2,KELANTAN,P.15,TUMPAT,S.2,TUMPAT TENGAH,ALLIANCE - UMNO,,10636,2423,77.18,8209,404,7805,UMNO,CHE LAT BIN KASSIM,MALE,,5114,,,,,,,,PMIP,AWANG BIN SAMAT,MALE,,2691,,,,,,,,,,,,,,,,,,,,,,,,,,,,,,,,,,,,,,,,,,,,,,,,,
P.15_S.3,KELANTAN,P.15,TUMPAT,S.3,TUMPAT TIMOR,ALLIANCE - UMNO,,10676,1137,79.83,8523,340,8183,UMNO,OMAR BIN AWANG KECHIK,MALE,,4660,,,,,,,,PMIP,ISHAK BIN MUSTAPHA,MALE,,3523,,,,,,,,,,,,,,,,,,,,,,,,,,,,,,,,,,,,,,,,,,,,,,,,,
P.16_S.4,KELANTAN,P.16,KELANTAN HILIR,S.4,KUALA KELANTAN,PMIP,,8625,11,75.52,6514,309,6205,UMNO,TENGKU NOOR ASIAH BINTI TENGKU AHMED,FEMALE,,3097,,,,,,,,PMIP,WAN MAMAT BIN WAN YUSOF,MALE,,3108,,,,,,,,,,,,,,,,,,,,,,,,,,,,,,,,,,,,,,,,,,,,,,,,,
P.16_S.5,KELANTAN,P.16,KELANTAN HILIR,S.5,KOTA BHARU UTARA,PMIP,,11596,2742,74.37,8624,484,8140,UMNO,TENGKU ABDUL KADIR BIN TENGKU CHIK,MALE,,2699,,,,,,,,PMIP,ABDULLAH BIN AHMAD,MALE,,5441,,,,,,,,,,,,,,,,,,,,,,,,,,,,,,,,,,,,,,,,,,,,,,,,,
P.16_S.6,KELANTAN,P.16,KELANTAN HILIR,S.6,KOTA BHARU PANTAI,PMIP,,10839,2062,74.23,8046,322,7724,UMNO,HAJI MOHAMED BIN IDRIS,MALE,,2831,,,,,,,,PMIP,ABDULLAH BIN HAJI ARSHAD,MALE,,4893,,,,,,,,,,,,,,,,,,,,,,,,,,,,,,,,,,,,,,,,,,,,,,,,,
P.17_S.7,KELANTAN,P.17,PASIR MAS HILIR,S.7,MERANTI,PMIP,,8443,3674,67.36,5687,249,5438,UMNO,MOHD. JANTAN BIN MOHD. AMIN,MALE,,882,,,,,,,,PMIP,NIK MAN BIN NIK MOHAMED,MALE,,4556,,,,,,,,,,,,,,,,,,,,,,,,,,,,,,,,,,,,,,,,,,,,,,,,,
P.17_S.8,KELANTAN,P.17,PASIR MAS HILIR,S.8,TENDONG,PMIP,,9825,744,75.3,7398,386,7012,UMNO,HAJI MOHAMAD NOR BIN HAJI ABDULLAH,MALE,,3134,,,,,,,,PMIP,HAJI MOHAMED BIN NASIR,MALE,53,3878,,,,,,,,,,,,,,,,,,,,,,,,,,,,,,,,,,,,,,,,,,,,,,,,,
P.17_S.9,KELANTAN,P.17,PASIR MAS HILIR,S.9,BANDAR PASIR MAS,PMIP,,11288,490,66.57,7514,322,7192,UMNO,ABDULLAH BIN HAJI YUSOFF,MALE,,3351,,,,,,,,PMIP,HAJI OMAR BIN AWANG,MALE,,3841,,,,,,,,,,,,,,,,,,,,,,,,,,,,,,,,,,,,,,,,,,,,,,,,,
P.18_S.10,KELANTAN,P.18,KOTA BHARU HILIR,S.10,BANDAR HILIR,ALLIANCE - MCA,,11429,2151,66.29,7576,375,7201,MCA,FOO CHOW YONG A/L FOO HONG SANG,MALE,39,4641,,,,,,,,PMIP,NIK MAT BIN NIK DIN,MALE,,2490,,,,,,,,,,,,,,,,,,,,,,,,,,INDEPENDENT,ZAKARIA BIN YUSOF,MALE,,70,LOST DEPOSIT,,,,,,,,,,,,,,,,,,
P.18_S.11,KELANTAN,P.18,KOTA BHARU HILIR,S.11,BANDAR HULU,PMIP,,16533,209,62.5,10333,456,9877,UMNO,IBRAHIM BIN ISMAIL,MALE,,4834,,,,,,,,PMIP,HASSAN BIN YAACOB,MALE,,5043,,,,,,,,,,,,,,,,,,,,,,,,,,,,,,,,,,,,,,,,,,,,,,,,,
P.18_S.12,KELANTAN,P.18,KOTA BHARU HILIR,S.12,KOTA BHARU TENGAH,PMIP,,11516,1609,76.42,8800,445,8355,UMNO,HAJI MD. NOR BIN HAJI DAUD,MALE,,3308,,,,,,,,PMIP,MOHD. ASRI BIN HAJI MUDA,MALE,46,4917,,,,,,,,,,,,,,,,,,,,,,,,,,INDEPENDENT,DATO' WAN MUSTAPHA BIN HAJI ALI,MALE,,130,LOST DEPOSIT,,,,,,,,,,,,,,,,,,
P.19_S.13,KELANTAN,P.19,BACHOK,S.13,BACHOK UTARA,PMIP,,11253,704,80.01,9003,387,8616,UMNO,ISMAIL BIN HAJI MAMAT,MALE,,3956,,,,,,,,PMIP,MOHD. NOR BIN YUSOFF,MALE,,4660,,,,,,,,,,,,,,,,,,,,,,,,,,,,,,,,,,,,,,,,,,,,,,,,,
P.19_S.14,KELANTAN,P.19,BACHOK,S.14,BACHOK TENGAH,PMIP,,9908,998,79.26,7853,441,7412,UMNO,HAJI MOHD. AMIN BIN HAJI OTHMAN,MALE,,3207,,,,,,,,PMIP,MOHD. AMIN BIN HAJI YAAKUB,MALE,,4205,,,,,,,,,,,,,,,,,,,,,,,,,,,,,,,,,,,,,,,,,,,,,,,,,
P.19_S.15,KELANTAN,P.19,BACHOK,S.15,BACHOK SELATAN,PMIP,,10132,85,76.77,7778,390,7388,UMNO,MOHD. ZAIN BIN ABDULLAH,MALE,,3584,,,,,,,,PMIP,MOHD. BIN HAJI YACOB,MALE,,3669,,,,,,,,,,,,,,,,,,,,,,,,,,INDEPENDENT,DATIN ZAINUN BINTI ISMAIL,FEMALE,,135,LOST DEPOSIT,,,,,,,,,,,,,,,,,,
P.20_S.16,KELANTAN,P.20,KOTA BHARU HULU,S.16,KOTA BHARU TIMOR,PMIP,,11956,1086,71.19,8511,451,8060,UMNO,SAUFI BIN IDRIS,MALE,,3487,,,,,,,,PMIP,WAN HASHIM BIN HAJI WAN AHMAD,MALE,31,4573,,,,,,,,,,,,,,,,,,,,,,,,,,,,,,,,,,,,,,,,,,,,,,,,,
P.20_S.17,KELANTAN,P.20,KOTA BHARU HULU,S.17,KOTA BHARU BARAT,PMIP,,10771,2719,77.29,8325,456,7869,UMNO,ABDUL AZIZ BIN HAJI HAMZAH,MALE,,2575,,,,,,,,PMIP,AB. RAHMAN BIN AWANG SULONG,MALE,,5294,,,,,,,,,,,,,,,,,,,,,,,,,,,,,,,,,,,,,,,,,,,,,,,,,
P.20_S.18,KELANTAN,P.20,KOTA BHARU HULU,S.18,KOTA BHARU SELATAN,PMIP,,11966,936,78.16,9353,465,8888,UMNO,HAJAH WAN AMINAH BINTI MOHD BOTOK,FEMALE,,3976,,,,,,,,PMIP,HAJI ISHAK LOFTI BIN OMAR,MALE,,4912,,,,,,,,,,,,,,,,,,,,,,,,,,,,,,,,,,,,,,,,,,,,,,,,,
P.21_S.19,KELANTAN,P.21,PASIR MAS HULU,S.19,RANTAU PANJANG,ALLIANCE - UMNO,,8552,819,61.21,5235,226,5009,UMNO,HUSEIN BIN AHMAD,MALE,,2914,,,,,,,,PMIP,MOHD. NAWAWI BIN HAJI AWANG,MALE,,2095,,,,,,,,,,,,,,,,,,,,,,,,,,,,,,,,,,,,,,,,,,,,,,,,,
P.21_S.20,KELANTAN,P.21,PASIR MAS HULU,S.20,LEMAL,PMIP,,7976,1387,71.24,5682,313,5369,UMNO,MOHD. ZAIN BIN HAJI AWANG,MALE,,1991,,,,,,,,PMIP,HAJI HARON BIN HAJI SULONG,MALE,,3378,,,,,,,,,,,,,,,,,,,,,,,,,,,,,,,,,,,,,,,,,,,,,,,,,
P.21_S.21,KELANTAN,P.21,PASIR MAS HULU,S.21,TOK UBAN,PMIP,,8869,944,74.06,6568,354,6214,UMNO,MAT YUSOF BIN MUHAMAD,MALE,,2635,,,,,,,,PMIP,WAN HASSAN BIN WAN DAUD,MALE,,3579,,,,,,,,,,,,,,,,,,,,,,,,,,,,,,,,,,,,,,,,,,,,,,,,,
P.22_S.22,KELANTAN,P.22,PASIR PUTEH,S.22,PASIR PUTEH UTARA,PMIP,,10479,696,82.3,8624,549,8075,UMNO,ZAKARIA BIN HAJI TAIB,MALE,,3614,,,,,,,,PMIP,ABDUL KADIR BIN MAT SA'AD,MALE,,4310,,,,,,,,,,,,,,,,,,,,,,,,,,INDEPENDENT,MOHD. BIN HUSSAIN,MALE,,151,LOST DEPOSIT,,,,,,,,,,,,,,,,,,
P.22_S.23,KELANTAN,P.22,PASIR PUTEH,S.23,PASIR PUTEH TENGAH,ALLIANCE - UMNO,,11339,15,79.92,9062,445,8617,UMNO,HAJI MOHAMMAD BIN ISMAIL,MALE,,4272,,,,,,,,PMIP,WAN SULAIMAN BIN HAJI IBRAHIM,MALE,,4257,,,,,,,,,,,,,,,,,,,,,,,,,,INDEPENDENT,JAAFAR BIN HAJI MOHD. ZIN @ MOHAMAD,MALE,,88,LOST DEPOSIT,,,,,,,,,,,,,,,,,,
P.22_S.24,KELANTAN,P.22,PASIR PUTEH,S.24,PASIR PUTEH TENGGARA,ALLIANCE - UMNO,,11785,97,78.98,9308,452,8856,UMNO,MOHAMED BIN IDRIS,MALE,,4417,,,,,,,,PMIP,AB. RAHMAN BIN MOHD. ZALLEH,MALE,,4320,,,,,,,,,,,,,,,,,,,,,,,,,,INDEPENDENT,NASIR BIN AWANG,MALE,,119,LOST DEPOSIT,,,,,,,,,,,,,,,,,,
P.23_S.25,KELANTAN,P.23,TANAH MERAH,S.25,MACHANG UTARA,ALLIANCE - UMNO,,12597,460,77.65,9781,461,9320,UMNO,MOHYIDDIN @ CHE KADIR BIN ALHAJ CHE TENGAH,MALE,,4890,,,,,,,,PMIP,WAN ABDULLAH BIN WAN AHMAD,MALE,,4430,,,,,,,,,,,,,,,,,,,,,,,,,,,,,,,,,,,,,,,,,,,,,,,,,
P.23_S.26,KELANTAN,P.23,TANAH MERAH,S.26,TANAH MERAH TIMOR,PMIP,,14256,68,74.39,10605,593,10012,UMNO,TUAN KECHIK BIN TUAN SALLEH,MALE,,4972,,,,,,,,PMIP,CHE OMAR BIN MUHAMAD @ MAMAT,MALE,,5040,,,,,,,,,,,,,,,,,,,,,,,,,,,,,,,,,,,,,,,,,,,,,,,,,
P.23_S.27,KELANTAN,P.23,TANAH MERAH,S.27,TANAH MERAH BARAT,ALLIANCE - UMNO,,12146,268,75.63,9186,496,8690,UMNO,HAJI NIK ABDULLAH BIN HAJI NIK DAUD,MALE,,4479,,,,,,,,PMIP,HAJI ZAINAL ABIDIN BIN HAJI YACOB,MALE,,4211,,,,,,,,,,,,,,,,,,,,,,,,,,,,,,,,,,,,,,,,,,,,,,,,,
P.24_S.28,KELANTAN,P.24,ULU KELANTAN,S.28,MACHANG SELATAN,ALLIANCE - UMNO,,13569,305,76.58,10391,512,9879,UMNO,YA'ACOB BIN ISMAIL,MALE,,5092,,,,,,,,PMIP,HAJI MOHD. NOOR BIN HAJI YUSOFF,MALE,,4787,,,,,,,,,,,,,,,,,,,,,,,,,,,,,,,,,,,,,,,,,,,,,,,,,
P.24_S.29,KELANTAN,P.24,ULU KELANTAN,S.29,ULU KELANTAN TIMOR,ALLIANCE - UMNO,,16531,1368,73.7,12184,820,11364,UMNO,YUSOFF BIN HAJI MOHAMED SALLEH,MALE,,6366,,,,,,,,PMIP,AMALUDDIN BIN DARUS,MALE,41,4998,,,,,,,,,,,,,,,,,,,,,,,,,,,,,,,,,,,,,,,,,,,,,,,,,
P.24_S.30,KELANTAN,P.24,ULU KELANTAN,S.30,ULU KELANTAN BARAT,ALLIANCE - UMNO,,8460,1734,80.09,6776,388,6388,UMNO,TENGKU RAZALEIGH BIN TENGKU MOHD. HAMZAH,MALE,32,4061,,,,,,,,PMIP,HUSSIN BIN ABDULLAH,MALE,,2327,,,,,,,,,,,,,,,,,,,,,,,,,,,,,,,,,,,,,,,,,,,,,,,,,
P.25_S.1,TRENGGANU,P.25,BESUT,S.1,KUALA BESUT,PMIP,,7341,257,78.33,5750,355,5395,UMNO,ZAKARIA BIN MUDA,MALE,,2569,,,,,,,,PMIP,MOHAMAD BIN SAID,MALE,,2826,,,,,,,,,,,,,,,,,,,,,,,,,,,,,,,,,,,,,,,,,,,,,,,,,
P.25_S.2,TRENGGANU,P.25,BESUT,S.2,KAMPONG RAJA,ALLIANCE - UMNO,,5392,366,82.64,4456,254,4202,UMNO,W. ISHAK BIN ALI,MALE,,2284,,,,,,,,PMIP,MOHD. DAUD BIN ABDUL SAMAD,MALE,,1918,,,,,,,,,,,,,,,,,,,,,,,,,,,,,,,,,,,,,,,,,,,,,,,,,
P.25_S.3,TRENGGANU,P.25,BESUT,S.3,ULU BESUT,ALLIANCE - UMNO,,7808,115,76.4,5965,356,5609,UMNO,JABIR BIN MOHD. SHAH,MALE,,2862,,,,,,,,PMIP,LUKMAN BIN ABDUL KADIR,MALE,,2747,,,,,,,,,,,,,,,,,,,,,,,,,,,,,,,,,,,,,,,,,,,,,,,,,
P.25_S.4,TRENGGANU,P.25,BESUT,S.4,BESUT TENGAH,ALLIANCE - UMNO,,7087,711,78.61,5571,300,5271,UMNO,DOLLAH BIN JUSOH,MALE,,2991,,,,,,,,PMIP,HUSIN BIN OTHMAN,MALE,,2280,,,,,,,,,,,,,,,,,,,,,,,,,,,,,,,,,,,,,,,,,,,,,,,,,
P.25_S.5,TRENGGANU,P.25,BESUT,S.5,SETIU,ALLIANCE - UMNO,,7895,349,77.35,6107,480,5627,UMNO,AB. GHANI BIN MOHD.AMIN,MALE,,2988,,,,,,,,PMIP,AB. LATIF BIN MOHAMAD,MALE,,2639,,,,,,,,,,,,,,,,,,,,,,,,,,,,,,,,,,,,,,,,,,,,,,,,,
P.26_S.6,TRENGGANU,P.26,KUALA TRENGGANU UTARA,S.6,BATU RAKIT,ALLIANCE - UMNO,,8460,854,73.27,6199,467,5732,UMNO,DATO' MANSOR BIN MOHD.,MALE,,3293,,,,,,,,PMIP,HASHIM BIN YUSOF,MALE,,2439,,,,,,,,,,,,,,,,,,,,,,,,,,,,,,,,,,,,,,,,,,,,,,,,,
P.26_S.7,TRENGGANU,P.26,KUALA TRENGGANU UTARA,S.7,KUALA NERUS,ALLIANCE - UMNO,,7705,324,74.16,5714,430,5284,UMNO,IBRAHIM FIKRI BIN MOHAMAD,MALE,49,2804,,,,,,,,PMIP,AWANG BIN ABU BAKAR,MALE,,2480,,,,,,,,,,,,,,,,,,,,,,,,,,,,,,,,,,,,,,,,,,,,,,,,,
P.26_S.8,TRENGGANU,P.26,KUALA TRENGGANU UTARA,S.8,JERAM,PMIP,,6905,49,76.41,5276,395,4881,UMNO,ABDUL RASHID BIN MUHAMMAD,MALE,,2416,,,,,,,,PMIP,HASHIM BIN EMBONG,MALE,,2465,,,,,,,,,,,,,,,,,,,,,,,,,,,,,,,,,,,,,,,,,,,,,,,,,
P.26_S.9,TRENGGANU,P.26,KUALA TRENGGANU UTARA,S.9,LANGKAP,ALLIANCE - UMNO,,7117,217,77.57,5521,436,5085,UMNO,ABDUL RAHMAN BIN LONG,MALE,,2651,,,,,,,,PMIP,ISMAIL BIN ABBAS,MALE,,2434,,,,,,,,,,,,,,,,,,,,,,,,,,,,,,,,,,,,,,,,,,,,,,,,,
P.27_S.10,TRENGGANU,P.27,KUALA TRENGGANU SELATAN,S.10,BANDAR,ALLIANCE - MCA,,6510,789,69.65,4534,225,4309,MCA,TOH SENG CHONG,MALE,,2111,,,,,,,,PMIP,SAJA UDIN BIN MAARUFF,MALE,,1322,,PRM,TAN TENG BENG,MALE,,876,,,,,,,,,,,,,,,,,,,,,,,,,,,,,,,,,,,,,,,,,,,
P.27_S.11,TRENGGANU,P.27,KUALA TRENGGANU SELATAN,S.11,LADANG,PMIP,,7436,397,70.33,5230,357,4873,UMNO,ABDULLAH BIN ABD. RAHMAN,MALE,,2238,,,,,,,,PMIP,WAN MOHAMED BIN WAN NGAH,MALE,,2635,,,,,,,,,,,,,,,,,,,,,,,,,,,,,,,,,,,,,,,,,,,,,,,,,
P.27_S.12,TRENGGANU,P.27,KUALA TRENGGANU SELATAN,S.12,BUKIT BESAR,PMIP,,6801,1058,73.71,5013,335,4678,UMNO,SYED OMAR BIN CHIK,MALE,,1810,,,,,,,,PMIP,MOHD. GHAZALI BIN HAJI AHMAD,MALE,,2868,,,,,,,,,,,,,,,,,,,,,,,,,,,,,,,,,,,,,,,,,,,,,,,,,
P.27_S.13,TRENGGANU,P.27,KUALA TRENGGANU SELATAN,S.13,BATU BUROK,PMIP,,8710,922,70.57,6147,427,5720,UMNO,HAJI ABDUL MUTALIB BIN HAJI SALLEH,MALE,,2399,,,,,,,,PMIP,MAT YASIN BIN DAUD @ USTAZ ISMAIL BIN MOHD. DAUD,MALE,,3321,,,,,,,,,,,,,,,,,,,,,,,,,,,,,,,,,,,,,,,,,,,,,,,,,
P.28_S.14,TRENGGANU,P.28,DUNGUN,S.14,MARANG,PMIP,,9251,1075,76.45,7072,597,6475,UMNO,ABDULLAH BIN HAJI MOHAMED,MALE,,2700,,,,,,,,PMIP,KASIM BIN AHMAD,MALE,,3775,,,,,,,,,,,,,,,,,,,,,,,,,,,,,,,,,,,,,,,,,,,,,,,,,
P.28_S.15,TRENGGANU,P.28,DUNGUN,S.15,SURA,PMIP,,5816,82,75.05,4365,311,4054,UMNO,WAN DIN BIN EMBONG,MALE,,1986,,,,,,,,PMIP,IBRAHIM BIN MAT NOH,MALE,,2068,,,,,,,,,,,,,,,,,,,,,,,,,,,,,,,,,,,,,,,,,,,,,,,,,
P.28_S.16,TRENGGANU,P.28,DUNGUN,S.16,ULU DUNGUN,PMIP,,10863,973,70.32,7639,586,7053,UMNO,MOHAMMED YASSIN BIN ABDUL MALEK,MALE,,3040,,,,,,,,PMIP,OMAR SHUKRI BIN EMBONG,MALE,,4013,,,,,,,,,,,,,,,,,,,,,,,,,,,,,,,,,,,,,,,,,,,,,,,,,
P.28_S.17,TRENGGANU,P.28,KEMAMAN,S.17,PAKA KERTEH,ALLIANCE - UMNO,,7742,550,72.54,5616,400,5216,UMNO,SULONG BIN MAHMOOD,MALE,,2883,,,,,,,,PMIP,ABDULLAH BIN MOHAMAD,MALE,,2333,,,,,,,,,,,,,,,,,,,,,,,,,,,,,,,,,,,,,,,,,,,,,,,,,
P.29_S.18,TRENGGANU,P.29,KEMAMAN,S.18,KEMAMAN UTARA,ALLIANCE - UMNO,,4824,391,71.46,3447,204,3243,UMNO,C.W. ABDUL GHANI BIN ZAINAL,MALE,,1817,,,,,,,,PMIP,HAJI GHANI BIN ABU BAKAR,MALE,,1426,,,,,,,,,,,,,,,,,,,,,,,,,,,,,,,,,,,,,,,,,,,,,,,,,
P.29_S.19,TRENGGANU,P.29,KEMAMAN,S.19,CHUKAI,ALLIANCE - UMNO,,5375,427,68.41,3677,231,3446,UMNO,TEH BINTI HASSAN,FEMALE,,1867,,,,,,,,PMIP,MOHD. SHAFFI BIN H.G. AHMAD,MALE,,1440,,,,,,,,,,,,,,,,,,,,,,,,,,INDEPENDENT,ISMAIL BIN YUSOFF,MALE,,139,LOST DEPOSIT,,,,,,,,,,,,,,,,,,
P.29_S.20,TRENGGANU,P.29,KEMAMAN,S.20,KEMAMAN SELATAN,PMIP,,9012,790,67.67,6098,620,5478,UMNO,WAN ADNAN BIN ISMAIL,MALE,,2344,,,,,,,,PMIP,WAN YAHYA BIN HAJI WAN MOHD.,MALE,,3134,,,,,,,,,,,,,,,,,,,,,,,,,,,,,,,,,,,,,,,,,,,,,,,,,
P.30_S.21,TRENGGANU,P.30,TRENGGANU TENGAH,S.21,KUALA TRENGGANU TENGAH,PMIP,,8426,542,77.56,6535,455,6080,UMNO,ENGKU WOK ABDUL RAHMAN BIN ABDUL KADIR,MALE,,2769,,,,,,,,PMIP,MOHAMED @ HARUN BIN JUSOH,MALE,,3311,,,,,,,,,,,,,,,,,,,,,,,,,,,,,,,,,,,,,,,,,,,,,,,,,
P.30_S.22,TRENGGANU,P.30,TRENGGANU TENGAH,S.22,BINJAI,PMIP,,8836,508,81.03,7160,566,6594,UMNO,SHARIFAH AZZAH APPLE BINTI SYED SHITH,FEMALE,,3043,,,,,,,,PMIP,HAJI MOHAMED TAIB BIN HAJI ISMAIL,MALE,,3551,,,,,,,,,,,,,,,,,,,,,,,,,,,,,,,,,,,,,,,,,,,,,,,,,
P.30_S.23,TRENGGANU,P.30,TRENGGANU TENGAH,S.23,ULU TRENGGANU TIMOR,ALLIANCE - UMNO,,7012,385,82.22,5765,547,5218,UMNO,ABDUL RAHMAN BIN KASSIM,MALE,,2491,,,,,,,,PMIP,ABU BAKAR BIN ISMAIL,MALE,,2106,,,,,,,,,,,,,,,,,,,,,,,,,,INDEPENDENT,ABDULLAH BIN AHMAD,MALE,,621,,,,,,,,,,,,,,,,,,,
P.30_S.24,TRENGGANU,P.30,TRENGGANU TENGAH,S.24,ULU TRENGGANU BARAT,ALLIANCE - UMNO,,7042,1051,82.25,5792,565,5227,UMNO,MAHMOOD BIN SULAIMAN,MALE,,3139,,,,,,,,PMIP,OMAR BIN ABD. RAHMAN,MALE,,2088,,,,,,,,,,,,,,,,,,,,,,,,,,,,,,,,,,,,,,,,,,,,,,,,,
P.31_S.1,PULAU PINANG,P.31,BAGAN,S.1,BUTTERWORTH,GERAKAN,,10809,2209,76.59,8279,144,8135,MIC,DAVID WILLIAMS,MALE,,2963,,,,,,,,,,,,,,,,,,,,GERAKAN,OOI AH BEE,MALE,,5172,,,,,,,,,,,,,,,,,,,,,,,,,,,,,,,,,,,,,
P.31_S.2,PULAU PINANG,P.31,BAGAN,S.2,BAGAN AJAM,GERAKAN,,13984,1849,76.22,10658,257,10401,MCA,PHE JOO TEIK,MALE,,4276,,,,,,,,,,,,,,,,,,,,GERAKAN,ONG YI HOW,MALE,,6125,,,,,,,,,,,,,,,,,,,,,,,,,,,,,,,,,,,,,
P.32_S.3,PULAU PINANG,P.32,SEBERANG TENGAH,S.3,PERMATANG PAUH,ALLIANCE - UMNO,,14548,627,74.37,10819,1186,9633,UMNO,HAJI MOHAMAD NOR BIN HAJI BAKAR,MALE,,5130,,,,,,,,PMIP,MUSA BIN HAJI MOHD. YATIM,MALE,,4503,,,,,,,,,,,,,,,,,,,,,,,,,,,,,,,,,,,,,,,,,,,,,,,,,
P.32_S.4,PULAU PINANG,P.32,SEBERANG TENGAH,S.4,BUKIT MERTAJAM,GERAKAN,,13690,4420,75.51,10337,561,9776,MCA,WONG POW NEE,MALE,,2678,,,,,,,,,,,,,,,,,,,,GERAKAN,OOH CHOOI CHENG,MALE,,7098,,,,,,,,,,,,,,,,,,,,,,,,,,,,,,,,,,,,,
P.32_S.5,PULAU PINANG,P.32,SEBERANG TENGAH,S.5,ALMA,GERAKAN,,13081,1860,78.04,10208,711,9497,UMNO,HAJI SULAIMAN BIN HAJI AHMAD,MALE,,3046,,,,,,,,PMIP,ISMAIL BIN ABDUL LATIF,MALE,,1545,,,,,,,,GERAKAN,HARUN BIN SIRAT,MALE,,4906,,,,,,,,,,,,,,,,,,,,,,,,,,,,,,,,,,,,,
P.33_S.6,PULAU PINANG,P.33,SEBERANG SELATAN,S.6,SUNGEI BAKAP,GERAKAN,,14085,2484,80.62,11355,633,10722,MCA,KEE YONG CHIN,MALE,,3115,,,,,,,,,,,,,,,,,,,,GERAKAN,VEERAPEN A/L VEERATHEN,MALE,,5599,,,,,,,,,,,,,,INDEPENDENT,MD. NOOR BIN MAHMOOD,MALE,,2008,,,,,,,,,,,,,,,,,,,
P.33_S.7,PULAU PINANG,P.33,SEBERANG SELATAN,S.7,NIBONG TEBAL,GERAKAN,,10488,266,77.74,8153,481,7672,UMNO,HAJI SAHID BIN HASSAN,MALE,,3602,,,,,,,,,,,,,,,,,,,,GERAKAN,TEOH CHUNG HOR @ TEOH KOOI SNEAH,MALE,,3868,,,,,,,,,,,,,,INDEPENDENT,SEOW HUN BOO,MALE,,202,LOST DEPOSIT,,,,,,,,,,,,,,,,,,
P.34_S.8,PULAU PINANG,P.34,PENANG UTARA,S.8,KELAWAI,DAP,,8239,2389,76.22,6280,191,6089,MCA,TAN KHIM HOE,MALE,,1850,,,,,,,,,,,,,,,,,,,,DAP,YEAP CHIM GUAN,MALE,,4239,,,,,,,,,,,,,,,,,,,,,,,,,,,,,,,,,,,,,
P.34_S.9,PULAU PINANG,P.34,PENANG UTARA,S.9,DHOBY GHAUT,GERAKAN,,12775,3923,79.48,10153,312,9841,UMNO,S.M. MOHD. IDRIS,MALE,,2959,,,,,,,,,,,,,,,,,,,,GERAKAN,KHOO TENG CHYE,MALE,,6882,,,,,,,,,,,,,,,,,,,,,,,,,,,,,,,,,,,,,
P.34_S.10,PULAU PINANG,P.34,PENANG UTARA,S.10,TANJONG BUNGAH,DAP,,13699,219,73.92,10126,635,9491,MCA,CHOONG EWE LEONG,MALE,,4636,,,,,,,,,,,,,,,,,,,,DAP,KHOO SOO GIAP,MALE,,4855,,,,,,,,,,,,,,,,,,,,,,,,,,,,,,,,,,,,,
P.34_S.11,PULAU PINANG,P.34,PENANG UTARA,S.11,AYER ITAM,GERAKAN,,12370,4895,76.6,9475,342,9133,MCA,KHOO LEON HUN,MALE,,2119,,,,,,,,,,,,,,,,,,,,GERAKAN,TAN PHOOK KIN,MALE,,7014,,,,,,,,,,,,,,,,,,,,,,,,,,,,,,,,,,,,,
P.35_S.12,PULAU PINANG,P.35,PENANG SELATAN,S.12,JELUTONG,DAP,,16208,5010,75.77,12280,806,11474,MCA,CHOONG TEIK SENG @ CH'NG TEIK SENG,MALE,,3232,,,,,,,,,,,,,,,,,,,,DAP,KOAY BOON SENG,MALE,,8242,,,,,,,,,,,,,,,,,,,,,,,,,,,,,,,,,,,,,
P.35_S.13,PULAU PINANG,P.35,PENANG SELATAN,S.13,GLUGOR,GERAKAN,,12800,1407,74.11,9486,557,8929,UMNO,AZIZ IBRAHIM,MALE,,3761,,,,,,,,,,,,,,,,,,,,GERAKAN,STEWART DENIS CONNOLLY,MALE,,5168,,,,,,,,,,,,,,,,,,,,,,,,,,,,,,,,,,,,,
P.35_S.14,PULAU PINANG,P.35,PENANG SELATAN,S.14,BALIK PULAU,P.R.,,7641,157,82.46,6301,351,5950,UMNO,MOHD. YUSSOF BIN ABDUL LATIFF,MALE,,2233,,,,,,,,,,,,,,PRM,ABDUL RAHMAN BIN HAJI YUNUS,MALE,,2390,,,,,,,,,,,,,,,,,,,,INDEPENDENT,TAN JIT SENG,MALE,,1327,,,,,,,,,,,,,,,,,,,
P.35_S.15,PULAU PINANG,P.35,PENANG SELATAN,S.15,BAYAN LEPAS,ALLIANCE - UMNO,,10815,892,82.04,8873,573,8300,UMNO,ISMAIL BIN HASHIM,MALE,,3783,,,,,,,,PMIP,HAJI YUSOF BIN HAJI ABDULLAH,MALE,,1626,,,,,,,,GERAKAN,SHAIK AHMAD BIN MOHAMED AINAJAREE,MALE,,2891,,,,,,,,,,,,,,,,,,,,,,,,,,,,,,,,,,,,,
P.36_S.16,PULAU PINANG,P.36,TANJONG,S.16,KOTA,GERAKAN,,11057,4865,74.58,8246,233,8013,MCA,KHAW KOK CHWEE,MALE,,1443,,,,,,,,,,,,,,PPP,KHOO YAT SEE,MALE,,262,LOST DEPOSIT,GERAKAN,LIM CHONG EU,MALE,,6308,,,,,,,,,,,,,,,,,,,,,,,,,,,,,,,,,,,,,
P.36_S.17,PULAU PINANG,P.36,TANJONG,S.17,TANJONG TENGAH,GERAKAN,,12249,5546,81.54,9988,344,9644,MCA,MAH CHEOK TAT,MALE,,1889,,,,,,,,,,,,,,PPP,TEH GEOK KOOI,MALE,,320,LOST DEPOSIT,GERAKAN,TAN GIM KWA,MALE,,7435,,,,,,,,,,,,,,,,,,,,,,,,,,,,,,,,,,,,,
P.36_S.18,PULAU PINANG,P.36,TANJONG,S.18,TANJONG UTARA,GERAKAN,,10441,4310,75.63,7897,290,7607,MCA,LAM WU CHONG,MALE,,1568,,,,,,,,,,,,,,PPP,CHEAH CHENG KEAT,MALE,,161,LOST DEPOSIT,GERAKAN,KHOO KAY POR,MALE,,5878,,,,,,,,,,,,,,,,,,,,,,,,,,,,,,,,,,,,,
P.37_S.19,PULAU PINANG,P.37,DATO KRAMAT,S.19,TANJONG BARAT,GERAKAN,,8994,4835,80.08,7202,279,6923,MCA,OON HOOT EWE,MALE,,1044,,,,,,,,,,,,,,,,,,,,GERAKAN,TEH EWE LIM,MALE,,5879,,,,,,,,,,,,,,,,,,,,,,,,,,,,,,,,,,,,,
P.37_S.20,PULAU PINANG,P.37,DATO KRAMAT,S.20,SUNGEI PINANG,GERAKAN,,11769,1774,74.87,8811,387,8424,MIC,AMALADS PONNUSAMY,MALE,,3325,,,,,,,,,,,,,,,,,,,,GERAKAN,CHELLIAH A/L POOSARY,MALE,,5099,,,,,,,,,,,,,,,,,,,,,,,,,,,,,,,,,,,,,
P.37_S.21,PULAU PINANG,P.37,DATO KRAMAT,S.21,TANJONG SELATAN,GERAKAN,,10290,5242,76.83,7906,466,7440,MCA,TEH CHENG LIM,MALE,,1099,,,,,,,,,,,,,,,,,,,,GERAKAN,WONG CHOONG WOH,MALE,,6341,,,,,,,,,,,,,,,,,,,,,,,,,,,,,,,,,,,,,
P.38_S.22,PULAU PINANG,P.38,SEBERANG UTARA,S.22,MUDA,ALLIANCE - UMNO,,12014,709,83.32,10010,718,9292,UMNO,HAJI ISMAIL BIN CHE CHIK,MALE,,4611,,,,,,,,PMIP,SAID BIN TAIB,MALE,,3902,,,,,,,,GERAKAN,ARSHAD BIN AHMAD,MALE,,779,LOST DEPOSIT,,,,,,,,,,,,,,,,,,,,,,,,,,,,,,,,,,,,
P.38_S.23,PULAU PINANG,P.38,SEBERANG UTARA,S.23,KEPALA BATAS,ALLIANCE - UMNO,,10029,920,82.29,8253,502,7751,UMNO,HAJI AHMAD BIN HAJI A. FAHIN (HAJI AHMAD BIN ABDULLAH),MALE,,3858,,,,,,,,PMIP,YAHYA BIN HASSAN,MALE,,2938,,,,,,,,GERAKAN,ABDUL MULOK BIN ABU BAKAR,MALE,,955,LOST DEPOSIT,,,,,,,,,,,,,,,,,,,,,,,,,,,,,,,,,,,,
P.38_S.24,PULAU PINANG,P.38,SEBERANG UTARA,S.24,TASEK GLUGOR,GERAKAN,,10326,194,79,8158,860,7298,UMNO,AHMAD KHIR @ AHMAD BIN HAJI JAMIL,MALE,,3552,,,,,,,,,,,,,,,,,,,,GERAKAN,MUSTAPHA BIN HUSSAIN,MALE,,3746,,,,,,,,,,,,,,,,,,,,,,,,,,,,,,,,,,,,,
P.39_S.1,PERAK,P.39,ULU PERAK,S.1,GRIK,ALLIANCE - UMNO,,13008,4139,78.18,10170,935,9235,UMNO,WAN MOHAMED BIN WAN TEH,MALE,40,6687,,,,,,,,PMIP,HAJI MD. ARIF BIN YAACOB,MALE,,2548,,,,,,,,,,,,,,,,,,,,,,,,,,,,,,,,,,,,,,,,,,,,,,,,,
P.39_S.2,PERAK,P.39,ULU PERAK,S.2,LENGGONG,ALLIANCE - UMNO,,13676,4627,78.16,10689,524,10165,UMNO,AHMAD BIN SAID,MALE,50,7396,,,,,,,,PMIP,MUAD BIN PANDAK,MALE,,2769,,,,,,,,,,,,,,,,,,,,,,,,,,,,,,,,,,,,,,,,,,,,,,,,,
P.40_S.3,PERAK,P.40,LARUT UTARA,S.3,SELAMA,ALLIANCE - UMNO,,15573,4177,75.11,11697,722,10975,UMNO,DATO' HAJI HUSSEIN BIN HAJI YAACOB,MALE,,7384,,,,,,,,PMIP,AHMAD BIN YUSOH,MALE,,3207,,,,,,,,,,,,,,,,,,,,,,,,,,INDEPENDENT,ZAINAL ABIDIN BIN HAJI AWANG CHE MAS,MALE,35,384,LOST DEPOSIT,,,,,,,,,,,,,,,,,,
P.40_S.4,PERAK,P.40,LARUT UTARA,S.4,LARUT,ALLIANCE - UMNO,,16091,4183,70.67,11372,791,10581,UMNO,DATO' HAJI KAMARUDDIN BIN MAT ISA,MALE,39,7382,,,,,,,,PMIP,HAJI NORDIN HAJI ABDULLAH,MALE,,3199,,,,,,,,,,,,,,,,,,,,,,,,,,,,,,,,,,,,,,,,,,,,,,,,,
P.41_S.5,PERAK,P.41,KRIAN LAUT,S.5,PARIT BUNTAR,ALLIANCE - UMNO,,14086,239,75.25,10600,591,10009,UMNO,HAJJAH HALIMAH BINTI HAJI ABDUL RAOF,FEMALE,48,5124,,,,,,,,PMIP,KURNAIN BIN HAJI AHMAD,MALE,,4885,,,,,,,,,,,,,,,,,,,,,,,,,,,,,,,,,,,,,,,,,,,,,,,,,
P.41_S.6,PERAK,P.41,KRIAN LAUT,S.6,KUALA KURAU,ALLIANCE - UMNO,,16399,68,75.4,12365,781,11584,UMNO,ISMAIL BIN ABDUL RAUF,MALE,,5826,,,,,,,,PMIP,SAARI BIN MOHD. ZAIN,MALE,,5758,,,,,,,,,,,,,,,,,,,,,,,,,,,,,,,,,,,,,,,,,,,,,,,,,
P.42_S.7,PERAK,P.42,KRIAN DARAT,S.7,BAGAN SERAI,ALLIANCE - UMNO,,14961,3091,72,10772,1053,9719,UMNO,MASUD BIN UNTOI,MALE,45,6405,,,,,,,,PMIP,USTAZ ABDUL WAHAB BIN HAJI MD. NOOR,MALE,47,3314,,,,,,,,,,,,,,,,,,,,,,,,,,,,,,,,,,,,,,,,,,,,,,,,,
P.42_S.8,PERAK,P.42,KRIAN DARAT,S.8,GUNONG SEMANGGOL,ALLIANCE - UMNO,,14546,1000,76.69,11155,797,10358,UMNO,AHMAD BIN HAJI YUSOF,MALE,,5679,,,,,,,,PMIP,BAHARUDDIN BIN HAJI ABD. LATIF,MALE,49,4679,,,,,,,,,,,,,,,,,,,,,,,,,,,,,,,,,,,,,,,,,,,,,,,,,
P.43_S.9,PERAK,P.43,LARUT SELATAN,S.9,TAIPING,GERAKAN,,21944,5304,69.84,15325,1163,14162,MCA,GOH CHOK SAM,MALE,,4429,,,,,,,,,,,,,,,,,,,,GERAKAN,LIM ENG CHUAN,MALE,,9733,,,,,,,,,,,,,,,,,,,,,,,,,,,,,,,,,,,,,
P.43_S.10,PERAK,P.43,LARUT SELATAN,S.10,MATANG,GERAKAN,,25528,386,67.96,17348,1304,16044,UMNO,WAN OTHMAN BIN WAN OMAR,MALE,,5803,,,,,,,,PMIP,HAJI MOHAMED TAHIR BIN HAJI ABDUL RAUF,MALE,,4052,,,,,,,,GERAKAN,ANG CHIN WAH,MALE,42,6189,,,,,,,,,,,,,,,,,,,,,,,,,,,,,,,,,,,,,
P.44_S.11,PERAK,P.44,HILIR PERAK,S.11,SUNGEI MANIK,ALLIANCE - UMNO,,8836,682,72.85,6437,697,5740,UMNO,MOHAMAD YAHYA @ YAHYA SHUBAN BIN HAJI HARUN,MALE,47,3211,,,,,,,,PMIP,ABDUL LATIF BIN NASAIN,MALE,32,2529,,,,,,,,,,,,,,,,,,,,,,,,,,,,,,,,,,,,,,,,,,,,,,,,,
P.44_S.12,PERAK,P.44,HILIR PERAK,S.12,BANDAR,ALLIANCE - UMNO,,8869,1226,74.19,6580,610,5970,UMNO,HAJI AHMAD RAZALI BIN HAJI MOHAMED,MALE,,3598,,,,,,,,PMIP,ABDUL RAZAK BIN MATAMIN,MALE,35,2372,,,,,,,,,,,,,,,,,,,,,,,,,,,,,,,,,,,,,,,,,,,,,,,,,
P.45_S.13,PERAK,P.45,KUALA KANGSAR,S.13,SENGGANG,ALLIANCE - UMNO,,16266,1743,68.68,11171,998,10173,UMNO,HAJI ABDULLAH BIN HAJI ABDUL RAOF,MALE,,5958,,,,,,,,PMIP,HAJI ZAKARIA BIN MD. DEHOR,MALE,,4215,,,,,,,,,,,,,,,,,,,,,,,,,,,,,,,,,,,,,,,,,,,,,,,,,
P.45_S.14,PERAK,P.45,KUALA KANGSAR,S.14,PADANG RENGAS,ALLIANCE - UMNO,,16801,776,71.81,12064,1088,10976,UMNO,SHAFIE BIN MAT SAMAN,MALE,,5876,,,,,,,,PMIP,HAJI ABD. SAMAD BIN HAJI NOH,MALE,49,5100,,,,,,,,,,,,,,,,,,,,,,,,,,,,,,,,,,,,,,,,,,,,,,,,,
P.46_S.15,PERAK,P.46,SUNGEI SIPUT,S.15,KARAI,ALLIANCE - UMNO,,9641,2254,73.11,7049,403,6646,UMNO,MOHD. ALI ZAINI BIN HAJI MOHAMED ZAIN,MALE,,3921,,,,,,,,PMIP,ZABIDIN BIN HAJI ABD. RAHMAN,MALE,,1058,,PPP,MOHD. SABRI BIN HAJI ABDUL RANI,MALE,,1667,,,,,,,,,,,,,,,,,,,,,,,,,,,,,,,,,,,,,,,,,,,
P.46_S.16,PERAK,P.46,SUNGEI SIPUT,S.16,JALONG,PPP,,12061,1950,78.63,9484,446,9038,MCA,TEH HIN CHONG,MALE,,3389,,,,,,,,PMIP,AHMAD ZAWAZI BIN IBRAHIM,MALE,,310,LOST DEPOSIT,PPP,R. C. MAHADEVA RAYAN,MALE,60,5339,,,,,,,,,,,,,,,,,,,,,,,,,,,,,,,,,,,,,,,,,,,
P.47_S.17,PERAK,P.47,PARIT,S.17,BLANJA,ALLIANCE - UMNO,,14386,718,74.37,10699,723,9976,UMNO,HISAN BIN IBRAHIM,MALE,,5347,,,,,,,,PMIP,ABDUL AZIZ BIN ABDUL HAJI ABD. LATIF,MALE,,4629,,,,,,,,,,,,,,,,,,,,,,,,,,,,,,,,,,,,,,,,,,,,,,,,,
P.47_S.18,PERAK,P.47,PARIT,S.18,KAMPONG GAJAH,PMIP,,10882,936,74.92,8153,565,7588,UMNO,AHMAD ALIAS BIN MOHD. ALIFF,MALE,,3326,,,,,,,,PMIP,MAHMUD BIN ZAINAL ABIDIN,MALE,,4262,,,,,,,,,,,,,,,,,,,,,,,,,,,,,,,,,,,,,,,,,,,,,,,,,
P.48_S.19,PERAK,P.48,BRUAS,S.19,PENGKALAN BHARU,ALLIANCE - UMNO,,13659,1049,71.65,9787,1458,8329,UMNO,HAJI ISHAK BIN HAJI MAHMUD,MALE,,4689,,,,,,,,PMIP,ABDUL AZIZ BIN HAJI HASHIM,MALE,,3640,,,,,,,,,,,,,,,,,,,,,,,,,,,,,,,,,,,,,,,,,,,,,,,,,
P.48_S.20,PERAK,P.48,BRUAS,S.20,AYER TAWAR,PPP,,15762,1826,72.87,11486,816,10670,MCA,NG KUOK THAI,MALE,,3856,,,,,,,,PMIP,MOHD. RUS BIN JAAFAR,MALE,,1132,LOST DEPOSIT,PPP,SU LIANG YU,MALE,,5682,,,,,,,,,,,,,,,,,,,,,,,,,,,,,,,,,,,,,,,,,,,
P.49_S.21,PERAK,P.49,SITIAWAN,S.21,LEKIR,DAP,,12546,1030,75.67,9493,643,8850,MCA,WONG BIN ANG,MALE,,3910,,,,,,,,,,,,,,,,,,,,DAP,YEOH ENG CHAI,MALE,,4940,,,,,,,,,,,,,,,,,,,,,,,,,,,,,,,,,,,,,
P.49_S.22,PERAK,P.49,SITIAWAN,S.22,LUMUT,DAP,,15384,1838,71.48,10996,596,10400,MCA,WONG TING SENG,MALE,,4281,,,,,,,,,,,,,,,,,,,,DAP,PHUNG TEIK HUA,MALE,,6119,,,,,,,,,,,,,,,,,,,,,,,,,,,,,,,,,,,,,
P.50_S.23,PERAK,P.50,IPOH,S.23,PEKAN LAMA,PPP,,19945,8700,72.31,14422,604,13818,MCA,CHOO JOO KEAT,MALE,,2559,,,,,,,,,,,,,,PPP,KHONG KOK YAT,MALE,39,11259,,,,,,,,,,,,,,,,,,,,,,,,,,,,,,,,,,,,,,,,,,,
P.50_S.24,PERAK,P.50,IPOH,S.24,PEKAN BHARU,PPP,,20773,9593,75.18,15617,648,14969,MCA,LIM KENG YAIK @ LIM KHENG HEANG,MALE,,2688,,,,,,,,,,,,,,PPP,CHAN YOON ONN,MALE,,12281,,,,,,,,,,,,,,,,,,,,,,,,,,,,,,,,,,,,,,,,,,,
P.51_S.25,PERAK,P.51,MENGLEMBU,S.25,PASIR PUTEH,PPP,,26223,10284,72.89,19115,823,18292,MCA,KHOO SOO CHENG,MALE,,4004,,,,,,,,,,,,,,PPP,FOO KUAN SZE,MALE,,14288,,,,,,,,,,,,,,,,,,,,,,,,,,,,,,,,,,,,,,,,,,,
P.51_S.26,PERAK,P.51,MENGLEMBU,S.26,KUALA PARI,PPP,,25690,11265,70.18,18029,832,17197,MCA,ANG LIANG SIM,MALE,,2966,,,,,,,,,,,,,,PPP,"SEENIVASAGAM, SRI PADMARAJA",MALE,52,14231,,,,,,,,,,,,,,,,,,,,,,,,,,,,,,,,,,,,,,,,,,,
P.52_S.27,PERAK,P.52,ULU KINTA,S.27,CHEMOR,PPP,,13511,1627,76.77,10373,610,9763,MCA,NG SIN YOON,MALE,,4068,,,,,,,,,,,,,,PPP,THEAN MOI TUCK,MALE,46,5695,,,,,,,,,,,,,,,,,,,,,,,,,,,,,,,,,,,,,,,,,,,
P.52_S.28,PERAK,P.52,ULU KINTA,S.28,SUNGEI RAIA,PPP,,10964,1401,79.53,8720,519,8201,MCA,YEOH KIAN TEIK,MALE,,3400,,,,,,,,,,,,,,PPP,SAMSUDIN BIN HARUN,MALE,32,4801,,,,,,,,,,,,,,,,,,,,,,,,,,,,,,,,,,,,,,,,,,,
P.53_S.29,PERAK,P.53,BATU GAJAH,S.29,TANJONG TUALANG,DAP,,10016,432,81.26,8139,377,7762,MCA,CHEONG KAI CHOONG,MALE,,3483,,,,,,,,PMIP,ADNAN BIN MOHD. HASHIM,MALE,,364,LOST DEPOSIT,,,,,,,DAP,LIM CHO HECK,MALE,,3915,,,,,,,,,,,,,,,,,,,,,,,,,,,,,,,,,,,,,
P.53_S.30,PERAK,P.53,BATU GAJAH,S.30,PUSING,PPP,,17065,3954,75.95,12961,869,12092,MCA,CHEAH THIN SOO,MALE,,4069,,,,,,,,,,,,,,PPP,YAP BOON EN,MALE,,8023,,,,,,,,,,,,,,,,,,,,,,,,,,,,,,,,,,,,,,,,,,,
P.54_S.31,PERAK,P.54,KAMPAR,S.31,GOPENG,PPP,,17515,1825,75.36,13200,995,12205,MCA,CHOY CHOOI YOOI,MALE,,4183,,,,,,,,PMIP,ISMAIL BIN MUSA,MALE,,2014,,PPP,JAYA RAMACHANDRAN A/L SUPPIAH,MALE,,6008,,,,,,,,,,,,,,,,,,,,,,,,,,,,,,,,,,,,,,,,,,,
P.54_S.32,PERAK,P.54,KAMPAR,S.32,KUALA DIPANG,DAP,,23012,5095,76.28,17554,827,16727,MCA,OH KAY SENG,MALE,,5374,,,,,,,,PMIP,HASSAN BIN IDRIS,MALE,,884,LOST DEPOSIT,,,,,,,DAP,CHAN HENG WOH,MALE,42,10469,,,,,,,,,,,,,,,,,,,,,,,,,,,,,,,,,,,,,
P.55_S.33,PERAK,P.55,TANJONG MALIM,S.33,BIDOR,PPP,,12308,1278,73.18,9007,884,8123,MIC,V. PONNUSAMY PILLAI,MALE,47,3123,,,,,,,,PMIP,M. ISA BIN NADI,MALE,,599,LOST DEPOSIT,PPP,CHIN KEE SEONG,MALE,,4401,,,,,,,,,,,,,,,,,,,,,,,,,,,,,,,,,,,,,,,,,,,
P.55_S.34,PERAK,P.55,TANJONG MALIM,S.34,SLIM,ALLIANCE - UMNO,,13987,1296,64.68,9047,577,8470,UMNO,IDRIS BIN ABDUL RAOF,MALE,,4561,,,,,,,,PMIP,BAHARIN BIN HAJ MOHD. NOOR,MALE,,644,LOST DEPOSIT,,,,,,,DAP,WONG @ NG KA SING,MALE,,3265,,,,,,,,,,,,,,,,,,,,,,,,,,,,,,,,,,,,,
P.56_S.35,PERAK,P.56,TELOK ANSON,S.35,BATAK RABIT,DAP,,13937,619,70.02,9758,705,9053,UMNO,SOM BINTI ABDULLAH,FEMALE,44,3784,,,,,,,,PMIP,MASLAN BIN ABDULLAH,MALE,,866,LOST DEPOSIT,,,,,,,DAP,FELIX ANTHONY,MALE,35,4403,,,,,,,,,,,,,,,,,,,,,,,,,,,,,,,,,,,,,
P.56_S.36,PERAK,P.56,TELOK ANSON,S.36,PASIR BEDAMAR,PPP,,21538,4072,64.54,13901,709,13192,MCA,SAW BENG KUAN,MALE,,4560,,,,,,,,,,,,,,PPP,K. RAMASAMY,MALE,,8632,,,,,,,,,,,,,,,,,,,,,,,,,,,,,,,,,,,,,,,,,,,
P.57_S.37,PERAK,P.57,BAGAN DATOH,S.37,RUNGKUP,ALLIANCE - UMNO,,13873,1270,74.22,10296,1068,9228,UMNO,LOPE HASHIM BIN KETONG,MALE,61,5249,,,,,,,,PMIP,AHMAD ROSLI BIN ABD. WAHAB,MALE,,3979,,,,,,,,,,,,,,,,,,,,,,,,,,,,,,,,,,,,,,,,,,,,,,,,,
P.57_S.38,PERAK,P.57,BAGAN DATOH,S.38,HUTAN MELINTANG,ALLIANCE - UMNO,,12364,1254,64.77,8008,1058,6950,UMNO,MOHAMAD ABAS BIN AHMAD,MALE,,4102,,,,,,,,PMIP,MOHAMAD BIN NGAH,MALE,34,2848,,,,,,,,,,,,,,,,,,,,,,,,,,,,,,,,,,,,,,,,,,,,,,,,,
P.58_S.39,PERAK,P.58,BATANG PADANG,S.39,TAPAH ROAD,DAP,,10304,333,74.24,7650,592,7058,UMNO,ISMAIL BIN HAJI KALI,MALE,,2986,,,,,,,,PMIP,ZAN ABU KASSIM BIN MOHD. HASHIM,MALE,40,753,LOST DEPOSIT,,,,,,,DAP,IBRAHIM BIN SINGGEH,MALE,51,3319,,,,,,,,,,,,,,,,,,,,,,,,,,,,,,,,,,,,,
P.58_S.40,PERAK,P.58,BATANG PADANG,S.40,TAPAH,ALLIANCE - MCA,,9642,19,75.04,7235,534,6701,MCA,HOR SENG,MALE,,3179,,,,,,,,PMIP,HAJI HASSAN BIN TENGKU MUDA,MALE,,362,LOST DEPOSIT,,,,,,,DAP,LOH JEE MEE,MALE,39,3160,,,,,,,,,,,,,,,,,,,,,,,,,,,,,,,,,,,,,
P.59_S.1,PAHANG,P.59,RAUB,S.1,CAMERON HIGHLANDS,GERAKAN,,5581,571,65.31,3645,164,3481,MCA,CHONG KAT NEE,MALE,,1455,,,,,,,,,,,,,,,,,,,,GERAKAN,WONG LOK HOI,MALE,,2026,,,,,,,,,,,,,,,,,,,,,,,,,,,,,,,,,,,,,
P.59_S.2,PAHANG,P.59,RAUB,S.2,DONG,ALLIANCE - UMNO,,9153,2263,67.22,6153,96,6057,UMNO,CHE YEOP SENDIRI BIN HAJI HUSSIN,MALE,,3353,,,,,,,,PMIP,TENGKU KAMARUZAMAN BIN TENGKU ABDUL HAMID,MALE,,1090,,,,,,,,,,,,,,,,,,,,,,,,,,INDEPENDENT,MOHD. SALLEH BIN HASSAN,MALE,,816,,INDEPENDENT,ABDUL MOIN BIN IMAM LABOK,MALE,,798,,,,,,,,,,,,,
P.59_S.3,PAHANG,P.59,RAUB,S.3,BANDAR RAUB,ALLIANCE - MCA,,7390,1555,73.53,5434,147,5287,MCA,LOKE KWOK KHEONG,MALE,,3421,,,,,,,,,,,,,,,,,,,,,,,,,,,,,,,,,,,,,,INDEPENDENT,CHEONG HOY CHENG,MALE,,1866,,,,,,,,,,,,,,,,,,,
P.59_S.4,PAHANG,P.59,RAUB,S.4,TRAS,ALLIANCE - UMNO,,7203,323,75.27,5422,78,5344,UMNO,TENGKU MUSTAPHA BIN TENGKU SETI,MALE,,2678,,,,,,,,,,,,,,PRM,ABDULLAH BIN LISI,MALE,,311,LOST DEPOSIT,,,,,,,,,,,,,,,,,,,INDEPENDENT,CHEAM TAT BOON,MALE,,2355,,,,,,,,,,,,,,,,,,,
P.60_S.5,PAHANG,P.60,BENTONG,S.5,SABAI,ALLIANCE - UMNO,,7395,1236,75.24,5564,114,5450,UMNO,ABU BAKAR BIN HAJI AHMAD,MALE,,3343,,,,,,,,,,,,,,,,,,,,,,,,,,,,,,,,,,,,,,INDEPENDENT,TOH WAI THENG,MALE,,2107,,,,,,,,,,,,,,,,,,,
P.60_S.6,PAHANG,P.60,BENTONG,S.6,BANDAR BENTONG,ALLIANCE - MCA,,5924,159,77.94,4617,118,4499,MCA,CHOW SENG TOONG,MALE,,2329,,,,,,,,,,,,,,,,,,,,,,,,,,,,,,,,,,,,,,INDEPENDENT,NG SEH HING,MALE,,2170,,,,,,,,,,,,,,,,,,,
P.60_S.7,PAHANG,P.60,BENTONG,S.7,BENUS,INDEPENDENT,,5832,11,80.68,4705,134,4571,MCA,CHOW CHEE SANG,MALE,,2280,,,,,,,,,,,,,,,,,,,,,,,,,,,,,,,,,,,,,,INDEPENDENT,LO CHIEW CHUEN,MALE,,2291,,,,,,,,,,,,,,,,,,,
P.60_S.8,PAHANG,P.60,BENTONG,S.8,MENTAKAB,ALLIANCE - UMNO,,9036,1819,67.83,6129,136,5993,UMNO,SYED ABDULLAH BIN SYED ALI,MALE,,3416,,,,,,,,PMIP,AHMAD BIN HUSSIN,MALE,,980,,PRM,MOHAMED BIN YA'AKUB,MALE,,1597,,,,,,,,,,,,,,,,,,,,,,,,,,,,,,,,,,,,,,,,,,,
P.61_S.9,PAHANG,P.61,KUANTAN,S.9,TANAH PUTEH,P.R.,,7063,584,66.03,4664,287,4377,MCA,CHAN KWANG CHEIK,MALE,,1651,,,,,,,,PMIP,SHEIKH HUSSIN BIN SHEIKH LONG,MALE,,491,,PRM,SIVASUBRAMANIAM A/L SIVASAMBANDAN,MALE,,2235,,,,,,,,,,,,,,,,,,,,,,,,,,,,,,,,,,,,,,,,,,,
P.61_S.10,PAHANG,P.61,KUANTAN,S.10,TELOK SISEK,ALLIANCE - UMNO,,8607,533,61.08,5257,580,4677,UMNO,MAHIMON BINTI HARUN,FEMALE,,2077,,,,,,,,PMIP,BAHAMAN BIN SALEH,MALE,,1056,,,,,,,,,,,,,,,,,,,,,,,,,,INDEPENDENT,ABDUL KARIM BIN HUSSIN,MALE,,1544,,,,,,,,,,,,,,,,,,,
P.61_S.11,PAHANG,P.61,KUANTAN,S.11,BESERAH,ALLIANCE - UMNO,,6267,1639,75.67,4742,491,4251,UMNO,HAJI A. AZIZ BIN AHMAD,MALE,,2945,,,,,,,,PMIP,BIDIN BIN ARIS,MALE,,1306,,,,,,,,,,,,,,,,,,,,,,,,,,,,,,,,,,,,,,,,,,,,,,,,,
P.61_S.12,PAHANG,P.61,KUANTAN,S.12,ULU KUANTAN,P.R.,,8217,68,73.81,6065,472,5593,UMNO,ZAINUDDIN BIN HAJI AHMAD,MALE,,2182,,,,,,,,PMIP,WAN AHMAD BIN WAN ABD. HAMID,MALE,,1161,,PRM,MOHD. RAMLI BIN ISMAIL @ DZULKIFLI BIN ISMAIL,MALE,,2250,,,,,,,,,,,,,,,,,,,,,,,,,,,,,,,,,,,,,,,,,,,
P.62_S.13,PAHANG,P.62,PEKAN,S.13,KUALA PAHANG,ALLIANCE - UMNO,Y,7732,,,,,,UMNO,MOHAMMAD BIN JUSOH,MALE,,,,,,,,,,,,,,,,,,,,,,,,,,,,,,,,,,,,,,,,,,,,,,,,,,,,,,,,,,,,,,,
P.62_S.14,PAHANG,P.62,PEKAN,S.14,PAHANG TUA,ALLIANCE - UMNO,Y,8408,,,,,,UMNO,M. MOKHTAR BIN HAJI M.DAUD,MALE,,,,,,,,,,,,,,,,,,,,,,,,,,,,,,,,,,,,,,,,,,,,,,,,,,,,,,,,,,,,,,,
P.62_S.15,PAHANG,P.62,PEKAN,S.15,ROMPIN,ALLIANCE - UMNO,Y,7504,,,,,,UMNO,IBRAHIM BIN ARSAD,MALE,,,,,,,,,,,,,,,,,,,,,,,,,,,,,,,,,,,,,,,,,,,,,,,,,,,,,,,,,,,,,,,
P.63_S.16,PAHANG,P.63,TEMERLOH,S.16,CHENOR,ALLIANCE - UMNO,,7156,488,71.28,5101,672,4429,UMNO,WAN AHMAD TAJUDDIN BIN WAN,MALE,,2318,,,,,,,,PMIP,SYED ABDUL RAHMAN BIN SYED MANSOR,MALE,,1830,,PRM,DIN BIN MD. SAAD,MALE,,281,LOST DEPOSIT,,,,,,,,,,,,,,,,,,,,,,,,,,,,,,,,,,,,,,,,,,
P.63_S.17,PAHANG,P.63,TEMERLOH,S.17,TRIANG,ALLIANCE - MCA,,8066,736,68.53,5528,456,5072,MCA,LUM WAH KUM @ LUM BAN KEE,MALE,,2464,,,,,,,,PMIP,MOHAMAD BIN HAJI AWANG,MALE,,560,LOST DEPOSIT,PRM,AB. AZIZ BIN ALI,MALE,,320,,DAP,KONG SENG SAI,MALE,,1728,,,,,,,,,,,,,,,,,,,,,,,,,,,,,,,,,,,,,
P.63_S.18,PAHANG,P.63,TEMERLOH,S.18,KUALA SEMANTAN,ALLIANCE - UMNO,,5771,597,70.99,4097,291,3806,UMNO,AWANG NGAH BIN TOK MUDA IBRAHIM,MALE,,1873,,,,,,,,PMIP,ABDUL MOIN BIN MOHD. TAIB,MALE,,657,,PRM,ZULKIFLY BIN MAT AMIN,MALE,,1276,,,,,,,,,,,,,,,,,,,,,,,,,,,,,,,,,,,,,,,,,,,
P.63_S.19,PAHANG,P.63,TEMERLOH,S.19,JENDERAK,ALLIANCE - UMNO,,6451,1285,70.05,4519,488,4031,UMNO,MOHAMAD YUSOFF BIN HAJI LONG,MALE,,2526,,,,,,,,PMIP,MOHD. DAHAN BIN HAJI IDIN,MALE,,1241,,PRM,HAJI ISMAIL BIN HAJI IBRAHIM,MALE,,264,,,,,,,,,,,,,,,,,,,,,,,,,,,,,,,,,,,,,,,,,,,
P.63_S.20,PAHANG,P.63,TEMERLOH,S.20,SANGGANG,ALLIANCE - UMNO,,5622,986,77.91,4380,341,4039,UMNO,TAN SRI HAJI YAHYA BIN HAJI MOHD. SEH,MALE,,2179,,,,,,,,PMIP,HARUN BIN TAMJIS,MALE,,1193,,PRM,SANUSI BIN HAJI ABAS,MALE,,667,,,,,,,,,,,,,,,,,,,,,,,,,,,,,,,,,,,,,,,,,,,
P.63_S.21,PAHANG,P.64,LIPIS,S.21,JELAI,ALLIANCE - UMNO,,6793,1268,77.62,5273,550,4723,UMNO,W.A. RAHMAN BIN W.IBRAHIM,MALE,,2846,,,,,,,,PMIP,KASIM BIN YAHYA,MALE,,1578,,PRM,WAHAB BIN ISMAIL,MALE,,299,LOST DEPOSIT,,,,,,,,,,,,,,,,,,,,,,,,,,,,,,,,,,,,,,,,,,
P.64_S.22,PAHANG,P.64,LIPIS,S.22,KUALA LIPIS,ALLIANCE - MCA,,5964,1065,68.78,4102,441,3661,MCA,ONG SEONG SEUNG,MALE,,2363,,,,,,,,,,,,,,PRM,ABDUL RAHIM BIN MOHD. NOH,MALE,,1298,,,,,,,,,,,,,,,,,,,,,,,,,,,,,,,,,,,,,,,,,,,
P.64_S.23,PAHANG,P.64,LIPIS,S.23,TANJONG BESAR,ALLIANCE - UMNO,,10151,2480,73.06,7416,982,6434,UMNO,ABU SAMAH BIN IDRIS,MALE,,4457,,,,,,,,PMIP,ABD. RAHMAN BIN IMAM ABU,MALE,,1977,,,,,,,,,,,,,,,,,,,,,,,,,,,,,,,,,,,,,,,,,,,,,,,,,
P.64_S.24,PAHANG,P.64,LIPIS,S.24,JERANTUT,ALLIANCE - UMNO,,9482,1828,69.67,6606,824,5782,UMNO,MOHAMED KHAIRUDDIN BIN MOHD. KAWI,MALE,,3805,,,,,,,,PMIP,A. WAHAB BIN IMAM SULONG,MALE,,1977,,,,,,,,,,,,,,,,,,,,,,,,,,,,,,,,,,,,,,,,,,,,,,,,,
P.65_S.1,SELANGOR,P.65,KUALA SELANGOR,S.1,TANJONG KARANG,ALLIANCE - UMNO,,17344,1634,69.08,11981,1423,10558,UMNO,KAMARUSAMAN BIN AHMAD,MALE,,6096,,,,,,,,PMIP,ADNAN BIN HAJI HASHIM,MALE,,4462,,,,,,,,,,,,,,,,,,,,,,,,,,,,,,,,,,,,,,,,,,,,,,,,,
P.65_S.2,SELANGOR,P.65,KUALA SELANGOR,S.2,KUALA SELANGOR PEKAN,ALLIANCE - MIC,,13723,817,75.96,10424,882,9542,MIC,N.S. MANIAM,MALE,,4215,,,,,,,,PMIP,ISMAIL BIN AMIL,MALE,,1929,,,,,,,,GERAKAN,NADARASA @ NADARAJA,MALE,,3398,,,,,,,,,,,,,,,,,,,,,,,,,,,,,,,,,,,,,
P.66_S.3,SELANGOR,P.66,BATU,S.3,KEPONG,GERAKAN,,30401,7019,68.43,20804,1203,19601,MCA,LEE KIM SAI,MALE,32,6291,,,,,,,,,,,,,,,,,,,,GERAKAN,DR TAN CHEE KOON,MALE,,13310,,,,,,,,,,,,,,,,,,,,,,,,,,,,,,,,,,,,,
P.66_S.4,SELANGOR,P.66,BATU,S.4,PENCHALA,DAP,,19780,5654,60.27,11921,797,11124,MCA,DATO' LIM JEW SIANG,MALE,52,2735,,,,,,,,,,,,,,,,,,,,DAP,HOR CHEOK @ HO CHEUK FUEN,MALE,,8389,,,,,,,,,,,,,,,,,,,,,,,,,,,,,,,,,,,,,
P.67_S.5,SELANGOR,P.67,KAPAR,S.5,JERAM,ALLIANCE - UMNO,,12727,1786,75.43,9600,1080,8520,UMNO,HUSSAIN ABDULLAH,MALE,,5153,,,,,,,,PMIP,JARMANI BIN MD. UMAR,MALE,,3367,,,,,,,,,,,,,,,,,,,,,,,,,,,,,,,,,,,,,,,,,,,,,,,,,
P.67_S.6,SELANGOR,P.67,KAPAR,S.6,SEMENTA,DAP,,13641,1605,69.81,9523,682,8841,MCA,WONG TAI MOOI,MALE,,3059,,,,,,,,PMIP,HAJI NORHADI HAJI HASSAN ALI,MALE,,1118,,,,,,,,DAP,CHUA KOW ENG,MALE,22,4664,,,,,,,,,,,,,,,,,,,,,,,,,,,,,,,,,,,,,
P.68_S.7,SELANGOR,P.68,RAWANG,S.7,SERENDAH,GERAKAN,,13929,284,68.66,9564,840,8724,MCA,LIM CY HOWE,MALE,,4220,,,,,,,,,,,,,,,,,,,,GERAKAN,GANGA NAYAR,FEMALE,,4504,,,,,,,,,,,,,,,,,,,,,,,,,,,,,,,,,,,,,
P.68_S.8,SELANGOR,P.68,RAWANG,S.8,KUANG,GERAKAN,,10836,31,73.34,7947,611,7336,MCA,OON SENG LEE,MALE,,3088,,,,,,,,PMIP,MOHD. YUSUF BIN MA'AYA,MALE,,1129,,,,,,,,GERAKAN,CHOU YEW KOH,MALE,,3119,,,,,,,,,,,,,,,,,,,,,,,,,,,,,,,,,,,,,
P.69_S.9,SELANGOR,P.69,LANGAT,S.9,KAJANG,ALLIANCE - UMNO,,14830,670,67.94,10075,701,9374,UMNO,MOHD. NAZIR BIN HAJI ABDUL JALIL,MALE,,5022,,,,,,,,,,,,,,,,,,,,GERAKAN,LOH CHEE FOOM,MALE,,4352,,,,,,,,,,,,,,,,,,,,,,,,,,,,,,,,,,,,,
P.69_S.10,SELANGOR,P.69,LANGAT,S.10,SEMENYIH,ALLIANCE - UMNO,,8312,461,75.73,6295,552,5743,UMNO,SALMAH BINTI HAJI MOHD. SALLEH,FEMALE,,3102,,,,,,,,,,,,,,,,,,,,GERAKAN,TANG KUN KEK,MALE,,2641,,,,,,,,,,,,,,,,,,,,,,,,,,,,,,,,,,,,,
P.70_S.11,SELANGOR,P.70,SETAPAK,S.11,AMPANG,DAP,,31899,1033,59.29,18913,1118,17795,UMNO,MUHYEEDDIN ZAKARIA,MALE,,6601,,,,,,,,PMIP,YUNUS HAJI YATIMI,MALE,,3560,,,,,,,,DAP,WONG SWEE OY,MALE,,7634,,,,,,,,,,,,,,,,,,,,,,,,,,,,,,,,,,,,,
P.70_S.12,SELANGOR,P.70,SETAPAK,S.12,SENTUL,DAP,,26070,3182,54.94,14323,657,13666,MIC,DR P. T. ARASU,MALE,,5242,,,,,,,,,,,,,,,,,,,,DAP,LEE BENG CHEANG,MALE,,8424,,,,,,,,,,,,,,,,,,,,,,,,,,,,,,,,,,,,,
P.71_S.13,SELANGOR,P.71,BUNGSAR,S.13,PANTAI,GERAKAN,,36961,10029,62.69,23172,967,22205,MCA,DR C. K. CHEAH,MALE,,6088,,,,,,,,,,,,,,,,,,,,GERAKAN,V. DAVID,MALE,,16117,,,,,,,,,,,,,,,,,,,,,,,,,,,,,,,,,,,,,
P.71_S.14,SELANGOR,P.71,BUNGSAR,S.14,SALAK,DAP,,44125,16194,58.21,25686,1210,24476,MCA,SEOW YU BOON,MALE,,4141,,,,,,,,,,,,,,,,,,,,DAP,GOH HOCK GUAN,MALE,34,20335,,,,,,,,,,,,,,,,,,,,,,,,,,,,,,,,,,,,,
P.72_S.15,SELANGOR,P.72,BUKIT BINTANG,S.15,BUKIT NANAS,DAP,,34965,8685,55.84,19524,1659,17865,MCA,LOONG FOONG BENG,MALE,,4590,,,,,,,,,,,,,,,,,,,,DAP,LEE LAM THYE,MALE,22,13275,,,,,,,,,,,,,,,,,,,,,,,,,,,,,,,,,,,,,
P.72_S.16,SELANGOR,P.72,BUKIT BINTANG,S.16,KAMPONG BAHRU,ALLIANCE - UMNO,,15666,253,60.29,9445,392,9053,UMNO,HAJI AHMAD BIN RAZALI,MALE,,3805,,,,,,,,PMIP,MUHAMMAD BIN HANIFF,MALE,,1696,,,,,,,,GERAKAN,MOHAMED BIN MOHAMED SOOM,MALE,,3552,,,,,,,,,,,,,,,,,,,,,,,,,,,,,,,,,,,,,
P.73_S.17,SELANGOR,P.73,DAMANSARA,S.17,SERDANG,DAP,,28595,3314,70.14,20057,903,19154,MCA,THUAN PHAIK POH,MALE,,7920,,,,,,,,,,,,,,,,,,,,DAP,YAP PIAN HON,MALE,26,11234,,,,,,,,,,,,,,,,,,,,,,,,,,,,,,,,,,,,,
P.73_S.18,SELANGOR,P.73,DAMANSARA,S.18,BUKIT RAJA,DAP,,12736,1331,68.33,8703,488,8215,MIC,S.S. MURUGESU,MALE,,3442,,,,,,,,,,,,,,,,,,,,DAP,K. RAMASEN,MALE,,4773,,,,,,,,,,,,,,,,,,,,,,,,,,,,,,,,,,,,,
P.74_S.19,SELANGOR,P.74,KLANG,S.19,PORT SWETTENHAM,ALLIANCE - UMNO,,16700,370,63.86,10665,505,10160,UMNO,RAJA ZULKIFLI BIN RAJA BORHAN,MALE,,5265,,,,,,,,,,,,,,,,,,,,DAP,MOHD. HUSSAIN SUKOR,MALE,,4895,,,,,,,,,,,,,,,,,,,,,,,,,,,,,,,,,,,,,
P.74_S.20,SELANGOR,P.74,KLANG,S.20,KAMPONG JAWA,DAP,,17535,580,72.35,12686,1194,11492,MCA,DATO' CHEONG JIN HOE,MALE,,5280,,,,,,,,,,,,,,,,,,,,DAP,LIM THIAN KHENG,MALE,,5860,,,,,,,,,,,,,,INDEPENDENT,S. P. SARATHY,MALE,,352,LOST DEPOSIT,,,,,,,,,,,,,,,,,,
P.75_S.21,SELANGOR,P.75,KUALA LANGAT,S.21,TELOK DATOH,ALLIANCE - UMNO,,12523,1905,70.66,8849,1294,7555,UMNO,HORMAT RAFEI,MALE,46,4730,,,,,,,,PMIP,TANAWI BIN HAJI DAHLAN,MALE,,2825,,,,,,,,,,,,,,,,,,,,,,,,,,,,,,,,,,,,,,,,,,,,,,,,,
P.75_S.22,SELANGOR,P.75,KUALA LANGAT,S.22,MORIB,ALLIANCE - UMNO,,12450,2116,72.94,9081,1121,7960,UMNO,DATO' HAJI HARUN,MALE,44,5038,,,,,,,,PMIP,MOHD. SHAHID ARSHAD,MALE,,2922,,,,,,,,,,,,,,,,,,,,,,,,,,,,,,,,,,,,,,,,,,,,,,,,,
P.76_S.23,SELANGOR,P.76,SEPANG,S.23,DENGKIL,ALLIANCE - UMNO,Y,10647,,,,,,UMNO,HAJI MOHD. SUHAIMI BIN DATO' HAJI KAMARUDDIN,MALE,,,,,,,,,,,,,,,,,,,,,,,,,,,,,,,,,,,,,,,,,,,,,,,,,,,,,,,,,,,,,,,
P.76_S.24,SELANGOR,P.76,SEPANG,S.24,SUNGEI RAWANG,INDEPENDENT,,10197,417,79.69,8126,573,7553,MCA,SHIM KIM SIANG,MALE,,3147,,,,,,,,PMIP,IBRAHIM BIN MAT SAMAN,MALE,,842,,,,,,,,,,,,,,,,,,,,,,,,,,INDEPENDENT,LIM TUAN SIONG,MALE,,3564,,,,,,,,,,,,,,,,,,,
P.77_S.25,SELANGOR,P.77,SABAK BERNAM,S.25,SABAK,ALLIANCE - UMNO,,13752,3955,70.4,9682,1069,8613,UMNO,LOPE SALLEH BIN HAJI ZAINAL ABIDIN,MALE,,6284,,,,,,,,PMIP,KHALIL BIN AHMAD SUMERI,MALE,,2329,,,,,,,,,,,,,,,,,,,,,,,,,,,,,,,,,,,,,,,,,,,,,,,,,
P.77_S.26,SELANGOR,P.77,SABAK BERNAM,S.26,SUNGEI BESAR,ALLIANCE - UMNO,,15793,2263,66.85,10558,1247,9311,UMNO,TAIBAN BIN HASSAN,MALE,,5787,,,,,,,,PMIP,HASSAN SHUKRI,MALE,,3524,,,,,,,,,,,,,,,,,,,,,,,,,,,,,,,,,,,,,,,,,,,,,,,,,
P.78_S.27,SELANGOR,P.78,ULU SELANGOR,S.27,ULU BERNAM,ALLIANCE - UMNO,,11207,1439,74.64,8365,666,7699,UMNO,SHOIB BIN HAJI AHMAD,MALE,,4569,,,,,,,,,,,,,,,,,,,,DAP,LAMSAH BIN HAJI AZHARI,MALE,,3130,,,,,,,,,,,,,,,,,,,,,,,,,,,,,,,,,,,,,
P.78_S.28,SELANGOR,P.78,ULU SELANGOR,S.28,KUALA KUBU,ALLIANCE - MCA,,9638,117,77.62,7481,558,6923,MCA,CHAN KEONG HON,MALE,,3520,,,,,,,,,,,,,,,,,,,,DAP,LIONG AH NAI,MALE,25,3403,,,,,,,,,,,,,,,,,,,,,,,,,,,,,,,,,,,,,
P.79_S.1,NEGERI SEMBILAN,P.79,KUALA PILAH,S.1,SRI MENANTI,ALLIANCE - UMNO,,7145,1786,76.7,5480,366,5114,UMNO,MANSOR BIN OTHMAN,MALE,,3450,,,,,,,,PMIP,TUNKU ABDUL RAHIM BIN TUNKU MUDA CHIK,MALE,56,1664,,,,,,,,,,,,,,,,,,,,,,,,,,,,,,,,,,,,,,,,,,,,,,,,,
P.79_S.2,NEGERI SEMBILAN,P.79,KUALA PILAH,S.2,JOHOL,ALLIANCE - UMNO,,6165,1228,77.44,4774,402,4372,UMNO,SAPIAH BINTI TALIB,FEMALE,,2800,,,,,,,,PMIP,ISMAIL ABDUL TAHAT @ ISMAIL BIN TAHAR,MALE,,1572,,,,,,,,,,,,,,,,,,,,,,,,,,,,,,,,,,,,,,,,,,,,,,,,,
P.79_S.3,NEGERI SEMBILAN,P.79,KUALA PILAH,S.3,ULU MUAR,ALLIANCE - UMNO,,6792,1826,80.52,5469,447,5022,UMNO,ABD. KADIR BIN ABDULLAH,MALE,,3232,,,,,,,,PMIP,ABDUL AZIZ BIN HAJI MOHD. YUNUS,MALE,,1406,,,,,,,,,,,,,,,,,,,,,,,,,,INDEPENDENT,MOHAMAD BIN ZAINALABIDIN,MALE,,384,LOST DEPOSIT,,,,,,,,,,,,,,,,,,
P.79_S.4,NEGERI SEMBILAN,P.79,KUALA PILAH,S.4,PILAH,ALLIANCE - UMNO,,7016,6,77.74,5454,358,5096,UMNO,M. IDRIS BIN MATSIL,MALE,56,1912,,,,,,,,PMIP,MUSTAPHA BIN MOHAMAD,MALE,,460,LOST DEPOSIT,,,,,,,DAP,CHAI TAK HAM @ CHAI TAK HAN,MALE,,1906,,,,,,,,,,,,,,INDEPENDENT,MD. ZAINOL BIN YATIM,MALE,,818,,,,,,,,,,,,,,,,,,,
P.80_S.5,NEGERI SEMBILAN,P.80,SEREMBAN TIMOR,S.5,RANTAU,ALLIANCE - MIC,,6622,609,76.29,5052,256,4796,MIC,S. V. VELOO (VELOO A/L SAMINATHAN),MALE,,2651,,,,,,,,,,,,,,,,,,,,DAP,MOHD. SHARIFF BIN HAJI HARUN,MALE,,2042,,UMCO,CHAN AH SUI,MALE,,103,LOST DEPOSIT,,,,,,,,,,,,,,,,,,,,,,,,,,,,,,
P.80_S.6,NEGERI SEMBILAN,P.80,SEREMBAN TIMOR,S.6,SUNGEI UJONG,DAP,,15934,2830,69.12,11014,543,10471,MCA,LEE BOON PENG,MALE,,3116,,,,,,,,PMIP,MOHD. TAHIR BIN ABU,MALE,,1007,LOST DEPOSIT,,,,,,,DAP,LIEW AH KIM,MALE,31,5946,,UMCO,CHIN SEE YIN,MALE,53,402,LOST DEPOSIT,,,,,,,,,,,,,,,,,,,,,,,,,,,,,,
P.80_S.7,NEGERI SEMBILAN,P.80,SEREMBAN TIMOR,S.7,RAHANG,DAP,,9666,3145,73.88,7141,252,6889,MCA,LOW LOO TOH @ LAU OH TOH,MALE,,1705,,,,,,,,,,,,,,,,,,,,DAP,CHEN MAN HIN,MALE,45,4850,,UMCO,TAN KEE JON,MALE,,334,LOST DEPOSIT,,,,,,,,,,,,,,,,,,,,,,,,,,,,,,
P.81_S.8,NEGERI SEMBILAN,P.81,REMBAU - TAMPIN,S.8,TERENTANG,ALLIANCE - UMNO,,5777,1608,73.07,4221,169,4052,UMNO,HAJI REDZA BIN HAJI MOHD. SAID,MALE,,2830,,,,,,,,PMIP,MOHD. YUSOF BIN HAJI IBRAHIM,MALE,,1222,,,,,,,,,,,,,,,,,,,,,,,,,,,,,,,,,,,,,,,,,,,,,,,,,
P.81_S.9,NEGERI SEMBILAN,P.81,REMBAU - TAMPIN,S.9,KOTA,ALLIANCE - UMNO,,6234,1625,81.34,5071,114,4957,UMNO,DAHALAN BIN AMAN,MALE,,3291,,,,,,,,PMIP,MAHAT BIN HAJI ISHAK,MALE,,1666,,,,,,,,,,,,,,,,,,,,,,,,,,,,,,,,,,,,,,,,,,,,,,,,,
P.81_S.10,NEGERI SEMBILAN,P.81,REMBAU - TAMPIN,S.10,TAMPIN,ALLIANCE - UMNO,Y,8022,,,,,,UMNO,MD. TAHA BIN ABD. TALIB,MALE,,,,,,,,,,,,,,,,,,,,,,,,,,,,,,,,,,,,,,,,,,,,,,,,,,,,,,,,,,,,,,,
P.81_S.11,NEGERI SEMBILAN,P.81,REMBAU - TAMPIN,S.11,GEMAS,ALLIANCE - MCA,,7112,2173,74.04,5266,75,5191,MCA,LIM HENG SENG,MALE,,3682,,,,,,,,,,,,,,,,,,,,DAP,TAN AH KAU,MALE,,1509,,,,,,,,,,,,,,,,,,,,,,,,,,,,,,,,,,,,,
P.82_S.12,NEGERI SEMBILAN,P.82,PORT DICKSON,S.12,JIMAH,DAP,,5874,897,73.8,4335,198,4137,MCA,CHEAH YEN KWEE,MALE,,1442,,,,,,,,PMIP,BAWON BIN WONGSOAJO,MALE,,304,LOST DEPOSIT,,,,,,,DAP,OH KENG SENG,MALE,,2339,,UMCO,CHAN MOON THONG,MALE,,52,LOST DEPOSIT,,,,,,,,,,,,,,,,,,,,,,,,,,,,,,
P.82_S.13,NEGERI SEMBILAN,P.82,PORT DICKSON,S.13,LUKUT,DAP,,3556,448,69.94,2487,108,2379,MCA,LEE TEE SIONG,MALE,,892,,,,,,,,,,,,,,,,,,,,DAP,CHIN CHAN SUNG,MALE,,1340,,UMCO,LEE KE KIONG,MALE,,37,LOST DEPOSIT,,,,,,,INDEPENDENT,RAJARATNAM A/L CHELLAPAH,MALE,,110,LOST DEPOSIT,,,,,,,,,,,,,,,,,,
P.82_S.14,NEGERI SEMBILAN,P.82,PORT DICKSON,S.14,SI-RUSA,DAP,,7987,230,68.95,5507,209,5298,UMNO,SAMAD BIN SAID,MALE,,2256,,,,,,,,PMIP,ISHAK BIN MAT BAKI,MALE,,480,LOST DEPOSIT,,,,,,,DAP,HAJI HASSAN BIN HAJI AHMAD,MALE,,2486,,UMCO,WONG TAI OON,MALE,,76,LOST DEPOSIT,,,,,,,,,,,,,,,,,,,,,,,,,,,,,,
P.82_S.15,NEGERI SEMBILAN,P.82,PORT DICKSON,S.15,PASIR PANJANG,DAP,,5258,135,78.83,4145,182,3963,UMNO,HAJI SULEIMAN BIN JAALAM,MALE,,1493,,,,,,,,PMIP,IBRAHIM BIN AHMAD,MALE,,771,,,,,,,,DAP,LEE GEOK SHEN,MALE,,1628,,UMCO,TEH THEAN CHOH,MALE,,71,LOST DEPOSIT,,,,,,,,,,,,,,,,,,,,,,,,,,,,,,
P.82_S.16,NEGERI SEMBILAN,P.82,PORT DICKSON,S.16,LINGGI,DAP,,3948,245,83.03,3278,134,3144,UMNO,ABDUL RASHID BIN MOHAMAD,MALE,,1427,,,,,,,,,,,,,,,,,,,,DAP,SOORIAN ARJUNAN,MALE,,1672,,UMCO,LOW YEH HONG,MALE,,45,LOST DEPOSIT,,,,,,,,,,,,,,,,,,,,,,,,,,,,,,
P.83_S.17,NEGERI SEMBILAN,P.83,JELEBU - JEMPOL,S.17,KUALA KLAWANG,ALLIANCE - MCA,,7566,640,76.82,5812,357,5455,MCA,LIM KIM KEE,MALE,,2666,,,,,,,,,,,,,,,,,,,,DAP,DAUD BIN HAJI AHMAD,MALE,,2026,,UMCO,SHI CHIN HUA,MALE,,326,LOST DEPOSIT,,,,,,,INDEPENDENT,NASIR BIN AKI,MALE,,437,LOST DEPOSIT,,,,,,,,,,,,,,,,,,
P.83_S.18,NEGERI SEMBILAN,P.83,JELEBU - JEMPOL,S.18,PERTANG,ALLIANCE - UMNO,,4520,380,82.65,3736,232,3504,UMNO,AMINUDDIN BIN ABD. MANAF,MALE,,1321,,,,,,,,,,,,,,,,,,,,DAP,POH LONG NG @ WU PAU LU,MALE,,539,,,,,,,,,,,,,,INDEPENDENT,SAAT BIN JIDIN,MALE,,941,,INDEPENDENT,MD. BAKI BIN MAAKIN,MALE,,703,,,,,,,,,,,,,
P.83_S.19,NEGERI SEMBILAN,P.83,JELEBU - JEMPOL,S.19,BAHAU,ALLIANCE - MCA,Y,7086,,,,,,MCA,THONG HIANG KIM,MALE,,,,,,,,,,,,,,,,,,,,,,,,,,,,,,,,,,,,,,,,,,,,,,,,,,,,,,,,,,,,,,,
P.83_S.20,NEGERI SEMBILAN,P.83,JELEBU - JEMPOL,S.20,ROMPIN,ALLIANCE - MCA,,5453,275,68.04,3710,259,3451,MCA,YEE KOK CHING,MALE,,1409,,,,,,,,,,,,,,,,,,,,DAP,FONG LEE CHIEN,MALE,,908,,,,,,,,,,,,,,INDEPENDENT,THAM KIN SUNG,MALE,,1134,,,,,,,,,,,,,,,,,,,
P.83_S.21,NEGERI SEMBILAN,P.83,JELEBU - JEMPOL,S.21,JEMPOL,ALLIANCE - UMNO,,5095,1492,82.2,4188,430,3758,UMNO,HAJI MOHD. KHATIB BIN MOHD. NOOR,MALE,,2625,,,,,,,,PMIP,HASSAN BIN ABDUL KARIM,MALE,,1133,,,,,,,,,,,,,,,,,,,,,,,,,,,,,,,,,,,,,,,,,,,,,,,,,
P.84_S.22,NEGERI SEMBILAN,P.84,SEREMBAN BARAT,S.22,LENGGENG,ALLIANCE - UMNO,,8684,41,76.17,6615,462,6153,UMNO,ZAINALABIDIN BIN MOHD. LATI,MALE,,2970,,,,,,,,,,,,,,,,,,,,DAP,LIM CHENG HOE,MALE,,2929,,UMCO,TAI @ TOH ANTEK @ LIAT @ ANDREW,MALE,,254,LOST DEPOSIT,,,,,,,,,,,,,,,,,,,,,,,,,,,,,,
P.84_S.23,NEGERI SEMBILAN,P.84,SEREMBAN BARAT,S.23,LABU,ALLIANCE - UMNO,,6993,364,75.65,5290,528,4762,UMNO,AHMAD BIN ABDUL MANAF,MALE,,2093,,,,,,,,,,,,,,PRM,HAJI SALLEH BIN KASSIM,MALE,,586,LOST DEPOSIT,DAP,PONNUSAMY RAMAKRISHNAN,MALE,,1729,,UMCO,CHEAH AH LEK,MALE,,128,LOST DEPOSIT,,,,,,,INDEPENDENT,PARMESWARAN,MALE,,226,LOST DEPOSIT,,,,,,,,,,,,,,,,,,
P.84_S.24,NEGERI SEMBILAN,P.84,SEREMBAN BARAT,S.24,BUKIT NANAS,DAP,,12223,4624,71.55,8745,394,8351,MCA,KAN KOK KWAN,MALE,,1712,,,,,,,,,,,,,,,,,,,,DAP,SINNATHAMBY SEEVERATNAM,MALE,,6336,,UMCO,CHAN KAI SANG,MALE,,303,LOST DEPOSIT,,,,,,,,,,,,,,,,,,,,,,,,,,,,,,
P.85_S.1,MELAKA,P.85,MALACCA TENGAH,S.1,TANJONG KLING,ALLIANCE - UMNO,,6901,1243,78.25,5400,282,5118,UMNO,HAJI AHMAD BIN HAJI MANAP,MALE,,2779,,,,,,,,PMIP,MOHAMED @ MOHD. NOR BIN NOORDIN,MALE,,1536,,PRM,HAJI MD. ZAIN BIN LAMBAK,MALE,,803,,,,,,,,,,,,,,,,,,,,,,,,,,,,,,,,,,,,,,,,,,,
P.85_S.2,MELAKA,P.85,MALACCA TENGAH,S.2,BUKIT RAMBAI,DAP,,6448,113,76.16,4911,314,4597,UMNO,HAJI AYUB BIN HAJI MAROF,MALE,,1465,,,,,,,,PMIP,HARON BIN ALI,MALE,,883,,PRM,CHE MAT BIN BAKAR,MALE,,671,,DAP,LIM YAK TE,MALE,,1578,,,,,,,,,,,,,,,,,,,,,,,,,,,,,,,,,,,,,
P.85_S.3,MELAKA,P.85,MALACCA TENGAH,S.3,BATU BERENDAM,ALLIANCE - UMNO,,7142,302,78.69,5620,367,5253,UMNO,MOHD. BIN HAJI AB. RAHMAN,MALE,,2441,,,,,,,,PMIP,HAJI MD. SAID BIN ABU BAKAR,MALE,,673,,PRM,BONG GEOK CHENG,MALE,,2139,,,,,,,,,,,,,,,,,,,,,,,,,,,,,,,,,,,,,,,,,,,
P.85_S.4,MELAKA,P.85,MALACCA TENGAH,S.4,SEMABOK,ALLIANCE - MCA,,7936,1297,77.03,6113,502,5611,MCA,NG CHONG CHEE,MALE,,2779,,,,,,,,PMIP,ABDUL JALIL BIN HAJI AHMAD,MALE,,753,,PRM,MOHD. LANI BIN KASIM,MALE,,1482,,,,,,,,,,,,,,,,,,,,INDEPENDENT,HAJI BORHAN BIN HAJI SABAN,MALE,,597,LOST DEPOSIT,,,,,,,,,,,,,,,,,,
P.85_S.5,MELAKA,P.85,MALACCA TENGAH,S.5,KANDANG,ALLIANCE - UMNO,,7190,1534,80.6,5795,329,5466,UMNO,AB. HADI BIN ABAS,MALE,,3293,,,,,,,,PMIP,MOHAMED TAHA BIN KALLU,MALE,,1759,,PRM,SIDEK BIN AHMAD,MALE,,414,LOST DEPOSIT,,,,,,,,,,,,,,,,,,,,,,,,,,,,,,,,,,,,,,,,,,
P.86_S.6,MELAKA,P.86,BANDAR MALACCA,S.6,KOTA SELATAN,GERAKAN,,9628,3101,74.68,7190,364,6826,MCA,WEE CHOON TEK,MALE,,1490,,,,,,,,,,,,,,PRM,MAH KHYE BOH,MALE,,745,LOST DEPOSIT,GERAKAN,TAN GIAP SENG,MALE,,4591,,,,,,,,,,,,,,,,,,,,,,,,,,,,,,,,,,,,,
P.86_S.7,MELAKA,P.86,BANDAR MALACCA,S.7,KOTA TENGAH,DAP,,7660,1427,72.17,5528,186,5342,MCA,LEE KIM SUN,MALE,,1454,,,,,,,,,,,,,,PRM,LOW KYE CHYE,MALE,,1007,,DAP,MICHAEL KHONG CHYE HUAT,MALE,,2881,,,,,,,,,,,,,,,,,,,,,,,,,,,,,,,,,,,,,
P.86_S.8,MELAKA,P.86,BANDAR MALACCA,S.8,KOTA BARAT,DAP,,7275,414,77.53,5640,282,5358,MCA,YOONG YONG POW,MALE,,1642,,,,,,,,,,,,,,PRM,HASNUL BIN ABDUL HADI,MALE,,1651,,DAP,HO MONG YEW,MALE,,2065,,,,,,,,,,,,,,,,,,,,,,,,,,,,,,,,,,,,,
P.86_S.9,MELAKA,P.86,BANDAR MALACCA,S.9,KOTA UTARA,ALLIANCE - MCA,,8077,364,72.69,5871,263,5608,MCA,TAN CHENG SWEE,MALE,,2611,,,,,,,,,,,,,,PRM,ABBAS BIN HAJI JALIL,MALE,,750,,DAP,TAY CHOR,MALE,,2247,,,,,,,,,,,,,,,,,,,,,,,,,,,,,,,,,,,,,
P.86_S.10,MELAKA,P.86,BANDAR MALACCA,S.10,KOTA TIMOR,DAP,,10039,2633,71.76,7204,275,6929,MIC,CHUNILAL SETH,MALE,,1761,,,,,,,,,,,,,,PRM,ERIC THESEIRA,MALE,,774,LOST DEPOSIT,DAP,BERNARD STA MARIA,MALE,25,4394,,,,,,,,,,,,,,,,,,,,,,,,,,,,,,,,,,,,,
P.87_S.11,MELAKA,P.87,MALACCA UTARA,S.11,SUNGEI BHARU,ALLIANCE - UMNO,,7961,2053,80.82,6434,429,6005,UMNO,ABDULLAH BIN SAMAD,MALE,,4029,,,,,,,,PMIP,ALI BIN MD. SALLEH,MALE,,1976,,,,,,,,,,,,,,,,,,,,,,,,,,,,,,,,,,,,,,,,,,,,,,,,,
P.87_S.12,MELAKA,P.87,MALACCA UTARA,S.12,RAMUAN CHINA,ALLIANCE - UMNO,,5696,1439,80.9,4608,394,4214,UMNO,AB. GHANI BIN MOHD. ALI,MALE,,2166,,,,,,,,PMIP,AB. LATIFF BIN MD. YASSIN,MALE,,596,,PRM,AB. RAHIM BIN HAJI BASIR,MALE,,725,,,,,,,,,,,,,,,,,,,,INDEPENDENT,AB. GHANI BIN LONG,MALE,,727,,,,,,,,,,,,,,,,,,,
P.87_S.13,MELAKA,P.87,MALACCA UTARA,S.13,MASJID TANAH,ALLIANCE - UMNO,,6851,994,76.02,5208,502,4706,UMNO,ABDUL GHANI BIN ISHAK,MALE,,2850,,,,,,,,PMIP,HAJI MOHD. YUSOFF BIN HAJI SULONG,MALE,,1856,,,,,,,,,,,,,,,,,,,,,,,,,,,,,,,,,,,,,,,,,,,,,,,,,
P.87_S.14,MELAKA,P.87,MALACCA UTARA,S.14,ALOR GAJAH,ALLIANCE - UMNO,,6232,1530,81.84,5100,472,4628,UMNO,DATO' HAJI TALIB BIN HAJI KARIM,MALE,,3079,,,,,,,,PMIP,MOHD. YASSIN BIN SAID,MALE,,1549,,,,,,,,,,,,,,,,,,,,,,,,,,,,,,,,,,,,,,,,,,,,,,,,,
P.87_S.15,MELAKA,P.87,MALACCA UTARA,S.15,PULAU SEBANG,ALLIANCE - MCA,Y,6497,,,,,,MCA,YEOW KAY,MALE,,,,,,,,,,,,,,,,,,,,,,,,,,,,,,,,,,,,,,,,,,,,,,,,,,,,,,,,,,,,,,,
P.88_S.16,MELAKA,P.88,MALACCA SELATAN,S.16,BATANG MALAKA,ALLIANCE - UMNO,,9364,2301,77.06,7216,172,7044,UMNO,HAJI AHMAD BIN HAJI JONED,MALE,,4037,,,,,,,,PMIP,ABDULLAH BIN TAIB,MALE,,1271,,PRM,MAMAT BIN BENTONG,MALE,,1736,,,,,,,,,,,,,,,,,,,,,,,,,,,,,,,,,,,,,,,,,,,
P.88_S.17,MELAKA,P.88,MALACCA SELATAN,S.17,RIM,ALLIANCE - UMNO,,7462,1947,76.19,5685,97,5588,UMNO,MOHAMED JUDDI BIN ABDULLAH,MALE,,3127,,,,,,,,PMIP,ALIAS BIN SIJAK,MALE,,1180,,PRM,MINHAD BIN MALUDIN,MALE,,728,,,,,,,,,,,,,,,,,,,,INDEPENDENT,GAN HONG HUI,MALE,,553,LOST DEPOSIT,,,,,,,,,,,,,,,,,,
P.88_S.18,MELAKA,P.88,MALACCA SELATAN,S.18,JASIN,ALLIANCE - MCA,,7404,2291,78.78,5833,82,5751,MCA,TAN NAI KWI,MALE,,3451,,,,,,,,PMIP,MOHD. ALI BIN MOJD. AKIP,MALE,,1140,,PRM,EMBI BIN LONG,MALE,,1160,,,,,,,,,,,,,,,,,,,,,,,,,,,,,,,,,,,,,,,,,,,
P.88_S.19,MELAKA,P.88,MALACCA SELATAN,S.19,SERKAM,ALLIANCE - UMNO,,6013,1067,81.97,4929,49,4880,UMNO,HUSSAIN BIN HAJI YAHYA,MALE,,2804,,,,,,,,PMIP,HAJI ABDUL RAHIM BIN BABA,MALE,,1737,,PRM,MOHD. SALLEH BIN MOHAMAD,MALE,,339,LOST DEPOSIT,,,,,,,,,,,,,,,,,,,,,,,,,,,,,,,,,,,,,,,,,,
P.88_S.20,MELAKA,P.88,MALACCA SELATAN,S.20,SUNGEI RAMBAI,ALLIANCE - UMNO,,5989,1117,79.25,4746,92,4654,UMNO,HAJI AHMAD DAHAN BIN HAJI SALLEH,MALE,,2522,,,,,,,,PMIP,JANTAN BIN LEMAN,MALE,,727,,PRM,OMAR BIN ABDULLAH,MALE,,1405,,,,,,,,,,,,,,,,,,,,,,,,,,,,,,,,,,,,,,,,,,,
P.89_S.1,JOHOR,P.89,MUAR DALAM,S.1,BUKIT SERAMPANG,ALLIANCE - UMNO,,14636,7881,73.24,10720,385,10335,UMNO,ABD. RAHMAN BIN MAHMUD,MALE,,9108,,,,,,,,PMIP,SAMINGAN BIN RABIKUN,MALE,,1227,,,,,,,,,,,,,,,,,,,,,,,,,,,,,,,,,,,,,,,,,,,,,,,,,
P.89_S.2,JOHOR,P.89,MUAR DALAM,S.2,JORAK,ALLIANCE - UMNO,Y,13887,,,,,,UMNO,DATO' HAJI OSMAN BIN SAAD,MALE,46,,,,,,,,,,,,,,,,,,,,,,,,,,,,,,,,,,,,,,,,,,,,,,,,,,,,,,,,,,,,,,
P.90_S.3,JOHOR,P.90,SEGAMAT SELATAN,S.3,LABIS,ALLIANCE - MCA,,15980,6895,72.53,11590,1119,10471,MCA,CHIANG KEE FOON @ TEO AH KHIANG,MALE,33,8683,,,,,,,,,,,,,,,,,,,,,,,,,,,,,,,,,,,,,,INDEPENDENT,ABDUL RAHMAN ABDUL RASOOL,MALE,,1788,,,,,,,,,,,,,,,,,,,
P.90_S.4,JOHOR,P.90,SEGAMAT SELATAN,S.4,BEKOK,ALLIANCE - MCA,,13750,780,70.38,9677,805,8872,MCA,SIM KIM CHONG @ SIEW AH SEE,MALE,,4826,,,,,,,,,,,,,,,,,,,,,,,,,,,,,,,,,,,,,,INDEPENDENT,TEE @ BONG HING,MALE,,4046,,,,,,,,,,,,,,,,,,,
P.91_S.5,JOHOR,P.91,MUAR PANTAI,S.5,BANDAR MAHARANI,ALLIANCE - MCA,,16094,1779,72.27,11631,788,10843,MCA,CHUA SONG LIM,MALE,,6311,,,,,,,,,,,,,,,,,,,,DAP,KHOO SIM GEOK @ KHOO CHIN TOW,MALE,,4532,,,,,,,,,,,,,,,,,,,,,,,,,,,,,,,,,,,,,
P.91_S.6,JOHOR,P.91,MUAR PANTAI,S.6,PARIT BAKAR,ALLIANCE - UMNO,Y,14464,,,,,,UMNO,HAJI AZIZ BIN ISHAK,MALE,,,,,,,,,,,,,,,,,,,,,,,,,,,,,,,,,,,,,,,,,,,,,,,,,,,,,,,,,,,,,,,
P.92_S.7,JOHOR,P.92,MUAR SELATAN,S.7,PARIT JAWA,ALLIANCE - UMNO,Y,16880,,,,,,UMNO,DATIN ZAHARAH BINTI ABDUL MAJID,FEMALE,,,,,,,,,,,,,,,,,,,,,,,,,,,,,,,,,,,,,,,,,,,,,,,,,,,,,,,,,,,,,,,
P.92_S.8,JOHOR,P.92,MUAR SELATAN,S.8,SIMPANG KIRI,ALLIANCE - UMNO,,18083,5957,68.04,12304,377,11927,UMNO,HAJI OTHMAN BIN HAJI TAIB,MALE,,8942,,,,,,,,PMIP,MD. SUM BIN DAWI,MALE,,2985,,,,,,,,,,,,,,,,,,,,,,,,,,,,,,,,,,,,,,,,,,,,,,,,,
P.93_S.9,JOHOR,P.93,BATU PAHAT,S.9,BROLEH,ALLIANCE - UMNO,,15477,908,68.12,10543,187,10356,UMNO,MOHD. SALLEH BIN HAJI TAHIR,MALE,,5632,,,,,,,,,,,,,,,,,,,,DAP,CHIAN HENG KAI @ CHIN SOO HA,MALE,,4724,,,,,,,,,,,,,,,,,,,,,,,,,,,,,,,,,,,,,
P.93_S.10,JOHOR,P.93,BATU PAHAT,S.10,BANDAR PENGGARAM,ALLIANCE - MCA,,11533,1474,67.46,7780,196,7584,MCA,TING PIK HONG @ TAN SIEW YONG,MALE,,4529,,,,,,,,,,,,,,,,,,,,,,,,,,,,,,,,,,,,,,INDEPENDENT,OTHMAN BIN LUDIN @ ABD. HAMID BIN LUDIN,MALE,,3055,,,,,,,,,,,,,,,,,,,
P.94_S.11,JOHOR,P.94,BATU PAHAT DALAM,S.11,TANJONG SEMBRONG,ALLIANCE - UMNO,,16889,5798,71.3,12042,1562,10480,UMNO,REDZUAN BIN HAJI SALIM @ RIDWAN SALIM BILAL,MALE,,8139,,,,,,,,PMIP,JAILANI BIN HAJI AMRI,MALE,,2341,,,,,,,,,,,,,,,,,,,,,,,,,,,,,,,,,,,,,,,,,,,,,,,,,
P.94_S.12,JOHOR,P.94,BATU PAHAT DALAM,S.12,AYER HITAM,ALLIANCE - UMNO,,15775,5276,68.65,10830,809,10021,UMNO,YUSA BIN HAJI NAWAWI,MALE,,7054,,,,,,,,PMIP,SHARUDIN BIN DAPATI,MALE,,1189,LOST DEPOSIT,,,,,,,GERAKAN,SAKRONI BIN AHMAD,MALE,,1778,,,,,,,,,,,,,,,,,,,,,,,,,,,,,,,,,,,,,
P.95_S.13,JOHOR,P.95,KLUANG UTARA,S.13,GUNONG LAMBAK,DAP,,12372,1104,76.94,9519,875,8644,MCA,SIEW TENG YHOI,MALE,,3580,,,,,,,,,,,,,,PRM,OSMAN BIN ABU BAKAR,MALE,,380,LOST DEPOSIT,DAP,LEE KAW,MALE,,4684,,,,,,,,,,,,,,,,,,,,,,,,,,,,,,,,,,,,,
P.95_S.14,JOHOR,P.95,KLUANG UTARA,S.14,SRI LALANG,ALLIANCE - MCA,,12962,2317,68.05,8820,930,7890,MCA,LOH FOOK YEN,MALE,,4744,,,,,,,,,,,,,,PRM,MOHD. AMIN BIN AHMAD,MALE,,719,LOST DEPOSIT,,,,,,,,,,,,,,,,,,,INDEPENDENT,TAN KHIM SECK,MALE,,2427,,,,,,,,,,,,,,,,,,,
P.96_S.15,JOHOR,P.96,JOHORE TENGGARA,S.15,KOTA TINGGI,ALLIANCE - MCA,,8106,2000,75.6,6128,458,5670,MCA,TAN SENG TOON,MALE,,3835,,,,,,,,,,,,,,,,,,,,GERAKAN,LIEW PHILLIP TECK HONG,MALE,36,1835,,,,,,,,,,,,,,,,,,,,,,,,,,,,,,,,,,,,,
P.96_S.16,JOHOR,P.96,JOHORE TENGGARA,S.16,JOHORE LAMA,ALLIANCE - UMNO,,5715,1767,83.11,4750,465,4285,UMNO,ISMAIL BIN SA'ADON,MALE,,3026,,,,,,,,,,,,,,,,,,,,GERAKAN,TUNKU MOHAMED ARCHIBALD IBNI H. J. T. T. AHMAD,MALE,45,1259,,,,,,,,,,,,,,,,,,,,,,,,,,,,,,,,,,,,,
P.97_S.17,JOHOR,P.97,PONTIAN UTARA,S.17,RENGIT,ALLIANCE - UMNO,,14672,2708,76.36,11204,1424,9780,UMNO,JALOK BIN DAING MALIBOK,MALE,,6244,,,,,,,,PMIP,MD. SULAIMAN @ MOHAMED BIN HAJI ANNUAR,MALE,,3536,,,,,,,,,,,,,,,,,,,,,,,,,,,,,,,,,,,,,,,,,,,,,,,,,
P.97_S.18,JOHOR,P.97,PONTIAN UTARA,S.18,BENUT,ALLIANCE - UMNO,,14991,4528,75.07,11253,1515,9738,UMNO,HAJI TALIB BIN ALI,MALE,,6318,,,,,,,,PMIP,MD. TURUS BIN DG MELBEK,MALE,,1630,,,,,,,,,,,,,,,,,,,,,,,,,,INDEPENDENT,M. AMIN BIN HAJI HANAN,MALE,,1790,,,,,,,,,,,,,,,,,,,
P.98_S.19,JOHOR,P.98,PONTIAN SELATAN,S.19,PONTIAN DALAM,ALLIANCE - UMNO,,14166,3338,73.54,10417,405,10012,UMNO,MOHAMED YASSIN BIN ABD. RAHMAN,MALE,54,6675,,,,,,,,,,,,,,,,,,,,,,,,,,,,,,,,,,,,,,INDEPENDENT,GHAZALI BIN BACHIK @ BACHI,MALE,,3337,,,,,,,,,,,,,,,,,,,
P.98_S.20,JOHOR,P.98,PONTIAN SELATAN,S.20,PONTIAN KECHIL,INDEPENDENT,,13758,1226,76.07,10466,130,10336,UMNO,SYED IBRAHIM BIN HUSSEIN,MALE,,4462,,,,,,,,PMIP,MUHAMAD @ ABDUL JAMIL BIN SULAIMAN,MALE,,186,LOST DEPOSIT,,,,,,,,,,,,,,,,,,,,,,,,,INDEPENDENT,ABDULLAH BIN HAJI SUDIN,MALE,,5688,,,,,,,,,,,,,,,,,,,
P.99_S.21,JOHOR,P.99,KLUANG SELATAN,S.21,RENGAM,ALLIANCE - UMNO,,15724,3329,70.88,11145,1060,10085,UMNO,SYED ZAIN BIN IDRUS,MALE,,6707,,,,,,,,,,,,,,,,,,,,DAP,KRISHNA NAIR RAMAN,MALE,,3378,,,,,,,,,,,,,,,,,,,,,,,,,,,,,,,,,,,,,
P.99_S.22,JOHOR,P.99,KLUANG SELATAN,S.22,SENAI - KULAI,ALLIANCE - MCA,,14447,1476,69.69,10068,884,9184,MCA,LAU TONG,MALE,29,5330,,,,,,,,,,,,,,,,,,,,DAP,LEE KUO MING @ LEE KOK BIN,MALE,,3854,,,,,,,,,,,,,,,,,,,,,,,,,,,,,,,,,,,,,
P.100_S.23,JOHOR,P.100,JOHORE BAHRU TIMOR,S.23,PLENTONG,ALLIANCE - UMNO,,13903,2804,77.26,10742,1128,9614,UMNO,HASNAH BINTI AHMAD,FEMALE,,6209,,,,,,,,,,,,,,,,,,,,DAP,ALI BIN IBRAHIM,MALE,,3405,,,,,,,,,,,,,,,,,,,,,,,,,,,,,,,,,,,,,
P.100_S.24,JOHOR,P.100,JOHORE BAHRU TIMOR,S.24,TANJONG PETRI,ALLIANCE - UMNO,,14826,1581,65.34,9687,294,9393,UMNO,ABDUL HAMID BIN HAJI RAHMAT,MALE,,5487,,,,,,,,,,,,,,,,,,,,DAP,LEE AH MENG,MALE,,3906,,,,,,,,,,,,,,,,,,,,,,,,,,,,,,,,,,,,,
P.101_S.25,JOHOR,P.101,JOHORE BAHRU BARAT,S.25,GELANG PATAH,ALLIANCE - UMNO,,12522,3525,71.82,8993,878,8115,UMNO,SYED MOHAMAD BIN IDRUS,MALE,,5820,,,,,,,,,,,,,,,,,,,,DAP,AHMAD BIN ABDULLAH,MALE,,2295,,,,,,,,,,,,,,,,,,,,,,,,,,,,,,,,,,,,,
P.101_S.26,JOHOR,P.101,JOHORE BAHRU BARAT,S.26,TAMPOI,ALLIANCE - UMNO,,14640,1822,72.97,10683,934,9749,UMNO,ELLAS BIN UDIN,MALE,,5589,,,,,,,,,,,,,,PRM,ABD. HAMID BIN MOHD. KATAN,MALE,,393,LOST DEPOSIT,DAP,DAING IBRAHIM BIN OTHMAN,MALE,,3767,,,,,,,,,,,,,,,,,,,,,,,,,,,,,,,,,,,,,
P.102_S.27,JOHOR,P.102,JOHORE TIMOR,S.27,ENDAU,ALLIANCE - UMNO,,10726,3028,72.05,7728,1030,6698,UMNO,RAMLI BIN HAJI OTHMAN,MALE,,4863,,,,,,,,PMIP,IBRAHIM BIN ABDULLAH,MALE,,1835,,,,,,,,,,,,,,,,,,,,,,,,,,,,,,,,,,,,,,,,,,,,,,,,,
P.102_S.28,JOHOR,P.102,JOHORE TIMOR,S.28,MERSING,ALLIANCE - MCA,Y,7576,,,,,,MCA,POH SWEE LIM,MALE,,,,,,,,,,,,,,,,,,,,,,,,,,,,,,,,,,,,,,,,,,,,,,,,,,,,,,,,,,,,,,,
P.103_S.29,JOHOR,P.103,SEGAMAT UTARA,S.29,BATU ANAM,ALLIANCE - MIC,,11058,3050,76.2,8426,378,8048,MIC,G. PASAMANICKAM,MALE,,5549,,,,,,,,,,,,,,,,,,,,DAP,QUEK KOW HIA @ QUEK SWEE SIANG,MALE,,2499,,,,,,,,,,,,,,,,,,,,,,,,,,,,,,,,,,,,,
P.103_S.30,JOHOR,P.103,SEGAMAT UTARA,S.30,BANDAR SEGAMAT,ALLIANCE - MCA,,10744,491,81.45,8751,478,8273,MCA,TAN PENG KHOON,MALE,,4230,,,,,,,,PMIP,HAJI HASSAN BIN HUSSEIN,MALE,,304,LOST DEPOSIT,,,,,,,DAP,TAN THIAN SAN @ TAN TIANG SANG,MALE,,3739,,,,,,,,,,,,,,,,,,,,,,,,,,,,,,,,,,,,,
P.104_S.31,JOHOR,P.104,MUAR UTARA,S.31,TANGKAK,ALLIANCE - MCA,,15950,2339,70.44,11235,310,10925,MCA,LAI KUEN TEE,MALE,,6632,,,,,,,,,,,,,,,,,,,,DAP,CHIAM TAU BOON,MALE,,4293,,,,,,,,,,,,,,,,,,,,,,,,,,,,,,,,,,,,,
P.104_S.32,JOHOR,P.104,MUAR UTARA,S.32,SEROM,ALLIANCE - UMNO,,14314,7364,75.94,10870,682,10188,UMNO,NGAH BIN A. RAHMAN,MALE,,8776,,,,,,,,PMIP,ROSO BIN JAMILIN,MALE,,1412,,,,,,,,,,,,,,,,,,,,,,,,,,,,,,,,,,,,,,,,,,,,,,,,,
P.121_S.1,SARAWAK,P.121,BAU - LUNDU,S.1,LUNDU,SUPP,,6000,221,90.75,5445,222,5223,,,,,,,BUMIPUTERA,T.K. SUUD BIN UDIN,MALE,,1198,,,,,,,,PESAKA (1),SIDI MUNAN,MALE,,1275,,,,,,,,SNAP,CHARLES LINANG,MALE,,1105,,SUPP,CHONG KIM MOOK,MALE,,1496,,INDEPENDENT,JIMMY SOH MOH HUAT,MALE,,82,LOST DEPOSIT,INDEPENDENT,PETER CHUNG,MALE,,67,LOST DEPOSIT,,,,,,,,,,,,
P.121_S.2,SARAWAK,P.121,BAU - LUNDU,S.2,BAU,SUPP,,9424,677,88.94,8382,641,7741,,,,,,,BUMIPUTERA,ALOYSIUS DOM NAGOK,MALE,,1257,,,,,,,,PESAKA (1),GABRIEL DAN ANAK NGANJAU,,,818,LOST DEPOSIT,,,,,,,SNAP,MICHAEL SADIN,MALE,,2225,,SUPP,ONG AH KIM,MALE,,2902,,INDEPENDENT,ONG GUAN CHENG,MALE,,539,LOST DEPOSIT,,,,,,,,,,,,,,,,,,
P.122_S.3,SARAWAK,P.122,BANDAR KUCHING,S.3,KUCHING BARAT,SARAWAK ALLIANCE  - SCA,,12914,1307,85.94,11098,317,10781,,,,,,,SCA,CHENG YEW KIEW,MALE,,5410,,,,,,,,,,,,,,,,,,,,SNAP,HAJI MOHD. ALI BIN AHMAD,MALE,,1076,LOST DEPOSIT,SUPP,ONG KEE HUI,MALE,55,4103,,INDEPENDENT,KING SHIH FAN,MALE,,192,LOST DEPOSIT,,,,,,,,,,,,,,,,,,
P.122_S.4,SARAWAK,P.122,BANDAR KUCHING,S.4,KUCHING TIMOR,SUPP,,11963,6571,80.97,9686,291,9395,,,,,,,SCA,LO YIK FONG,MALE,,989,LOST DEPOSIT,,,,,,,,,,,,,,,,,,,SNAP,THOMAS LIM THIAN HUAT,MALE,,641,LOST DEPOSIT,SUPP,STEPHEN K.T. YONG,MALE,48,7560,,INDEPENDENT,TEO SING CHIU,MALE,,124,LOST DEPOSIT,INDEPENDENT,KENNETH LAU AH LAH,MALE,,81,LOST DEPOSIT,,,,,,,,,,,,
P.123_S.5,SARAWAK,P.123,SANTUBONG,S.5,SEMARIANG,SARAWAK ALLIANCE - BUMIPUTERA,,7477,2262,84.73,6335,401,5934,,,,,,,BUMIPUTERA,AJIBAH ABOL,FEMALE,,3233,,,,,,,,,,,,,,,,,,,,SNAP,ABANG BUENG BIN ABANG AMIN,MALE,,526,LOST DEPOSIT,SUPP,ABDUL KADIR MERICAN,MALE,,971,,INDEPENDENT,CHEGU SHUKRI,MALE,,954,,INDEPENDENT,HAJI BEN BIN JOMEL,MALE,,250,LOST DEPOSIT,,,,,,,,,,,,
P.123_S.6,SARAWAK,P.123,SANTUBONG,S.6,SEKAMA,SUPP,,10269,2199,77.95,8005,416,7589,,,,,,,SCA,CLARENCE TAN,MALE,,2236,,,,,,,,,,,,,,,,,,,,SNAP,PAUL B. KUEH JEE IT,MALE,,738,LOST DEPOSIT,SUPP,SIM KHENG HONG,MALE,,4435,,INDEPENDENT,CHAI KUET SUNG,MALE,,180,LOST DEPOSIT,,,,,,,,,,,,,,,,,,
P.124_S.7,SARAWAK,P.124,SAMARAHAN,S.7,SEBANDI,SARAWAK ALLIANCE - BUMIPUTERA,,7930,2225,84.3,6685,331,6354,,,,,,,BUMIPUTERA,IKHWAN BIN ABANG HAJI ZAINEI,MALE,,3755,,,,,,,,PESAKA (1),ABANG HAJI ADENAN BIN ABANG HAJI AZAHARI,MALE,,1069,,,,,,,,,,,,,,SUPP,TUA KAMPONG SUAIDI,MALE,,1530,,,,,,,,,,,,,,,,,,,,,,,,,
P.124_S.8,SARAWAK,P.124,SAMARAHAN,S.8,MUARA TUANG,SARAWAK ALLIANCE - BUMIPUTERA,,4890,702,89,4352,175,4177,,,,,,,BUMIPUTERA,MOHAMAD MUSA,MALE,,1934,,,,,,,,,,,,,,,,,,,,SNAP,DATO ABANG OTHMAN,MALE,,717,,SUPP,CHUNG KOK CHIONG,MALE,,1232,,INDEPENDENT,ARTHUR ERNEST MUDA,MALE,,294,LOST DEPOSIT,,,,,,,,,,,,,,,,,,
P.125_S.9,SARAWAK,P.125,PADAWAN,S.9,BATU KAWAH,SUPP,,8912,2098,83.53,7444,512,6932,,,,,,,SCA,SHII DAI SENG,MALE,,1534,,,,,,,,,,,,,,,,,,,,SNAP,MRS KONG YU SIUNG,FEMALE,,1650,,SUPP,CHONG KIUN KONG,MALE,,3748,,,,,,,,,,,,,,,,,,,,,,,,,
P.125_S.10,SARAWAK,P.125,PADAWAN,S.10,BENGOH,SUPP,,4997,264,88.11,4403,116,4287,,,,,,,BUMIPUTERA,HAJI MOHAMED BIN HAJI BAKERI,MALE,,231,LOST DEPOSIT,,,,,,,PESAKA (1),GEORGE SI RICORD,MALE,,498,LOST DEPOSIT,,,,,,,SNAP,AKUI AK ASU,MALE,,1532,,SUPP,SEGUS AK GINYAI,MALE,,1796,,INDEPENDENT,WILLIAM LAIS,MALE,,230,LOST DEPOSIT,,,,,,,,,,,,,,,,,,
P.126_S.11,SARAWAK,P.126,SERIAN,S.11,TARAT,SNAP,,8605,1069,89.54,7705,392,7313,,,,,,,SCA,DATO' TEO KUI SENG,MALE,,2091,,,,,,,,,,,,,,,,,,,,SNAP,NELSON KUNDAI NGARENG,MALE,,3160,,SUPP,NYADANG AK NADOR,MALE,,2062,,,,,,,,,,,,,,,,,,,,,,,,,
P.126_S.12,SARAWAK,P.126,SERIAN,S.12,TEBAKANG,SNAP,,7754,949,88.57,6868,473,6395,,,,,,,BUMIPUTERA,JUSTIN AHAN AK ENGKOYONG,MALE,,1606,,,,,,,,,,,,,,,,,,,,SNAP,MICHAEL BEN,MALE,34,2869,,SUPP,RICHARD DAMPENG,MALE,30,1920,,,,,,,,,,,,,,,,,,,,,,,,,
P.127_S.13,SARAWAK,P.127,SIMUNJAN,S.13,SEMERA,SARAWAK ALLIANCE  - SCA,,5916,1852,88.13,5214,385,4829,,,,,,,SCA,LEE THIAM KEE (PUTEH),MALE,,3092,,,,,,,,,,,,,,,,,,,,SNAP,WAN ALKAP,MALE,,1240,,SUPP,SALLEH BIN ZEN,MALE,,497,LOST DEPOSIT,,,,,,,,,,,,,,,,,,,,,,,,
P.127_S.14,SARAWAK,P.127,SIMUNJAN,S.14,GEDONG,SARAWAK ALLIANCE - BUMIPUTERA,,5637,110,85.84,4839,313,4526,,,,,,,BUMIPUTERA,ABANG HAJI ABDULRAHIM,MALE,,1757,,,,,,,,PESAKA (1),ANDREW JIKA LANDAU,MALE,,600,,,,,,,,SNAP,KAPITAN LIEW MING CHUNG,MALE,,1647,,SUPP,ENTRI AK TUSAN,MALE,,522,LOST DEPOSIT,,,,,,,,,,,,,,,,,,,,,,,,
P.128_S.15,SARAWAK,P.128,BATANG LUPAR,S.15,LINGGA - SEBUYAU,PESAKA (1),,8376,219,77.41,6484,479,6005,,,,,,,BUMIPUTERA,AWG. MORNI BIN AWG. JAYA,MALE,,698,LOST DEPOSIT,,,,,,,PESAKA (1),DATO' PENGHULU TAWI SLI,MALE,57,2134,,,,,,,,SNAP,AUGUSTINE MERCER AK JANGGA,MALE,,1915,,SUPP,BARBARA BAY,FEMALE,69,1160,,INDEPENDENT,SYDNEY SENTU,MALE,,98,LOST DEPOSIT,,,,,,,,,,,,,,,,,,
P.128_S.16,SARAWAK,P.128,BATANG LUPAR,S.16,SIMANGGANG,SNAP,,9100,634,80.11,7290,445,6845,,,,,,,BUMIPUTERA,RABALE BIN AHMAD (WANG),MALE,,1048,,,,,,,,PESAKA (1),JIMBAI AK MAJA,MALE,,718,LOST DEPOSIT,,,,,,,SNAP,NELSON LIAP KUDU,MALE,,2513,,SUPP,HOLLIS AK TINI,MALE,,1879,,INDEPENDENT,AWAN JOHARI BIN PENGIRAN AZID,MALE,,279,LOST DEPOSIT,INDEPENDENT,JOSHUA JANGGA,MALE,,192,LOST DEPOSIT,INDEPENDENT,GOH TEO CHEN,MALE,,143,LOST DEPOSIT,INDEPENDENT,ANTHONY JIRAM,MALE,,73,LOST DEPOSIT
P.129_S.17,SARAWAK,P.129,LUBOK ANTU,S.17,ENGKILILI - SKRANG,PESAKA,,4660,125,78.09,3639,391,3248,,,,,,,,,,,,,,,,,,,PESAKA (1),SIMON DEMBAB MAJA,MALE,,1101,,,,,,,,SNAP,PENGERAN AK BLIANG,MALE,,946,,SUPP,CHANG SHUI FOH,MALE,,976,,INDEPENDENT,LEGAN AK PENGHULU NAROK,MALE,,225,LOST DEPOSIT,,,,,,,,,,,,,,,,,,
P.129_S.18,SARAWAK,P.129,LUBOK ANTU,S.18,ULU AI,SNAP,,4254,45,76.07,3236,365,2871,,,,,,,BUMIPUTERA,AHMAD BIN IBRAHIM @ LEEK,MALE,,80,LOST DEPOSIT,,,,,,,PESAKA (1),TUTONG AK NINGKAN,MALE,,889,,,,,,,,SNAP,DAVID AK JEMUT,MALE,,934,,SUPP,RABIT AK NANANG,MALE,,531,,INDEPENDENT,PENGHULU MANAU,MALE,,351,LOST DEPOSIT,INDEPENDENT,EBAI AK INYANG,MALE,,86,LOST DEPOSIT,,,,,,,,,,,,
P.130_S.19,SARAWAK,P.130,BETONG,S.19,SARIBAS,SARAWAK ALLIANCE - BUMIPUTERA,,6622,537,69.57,4607,266,4341,,,,,,,BUMIPUTERA,KIHOK BIN AMAT,MALE,,1849,,,,,,,,PESAKA (1),HAJI HAMZAWI BIN HAJI OMAR,MALE,,747,,,,,,,,SNAP,JOCELYN BEDURU AK MANAP,MALE,,1312,,,,,,,,INDEPENDENT,DENIS LAUT,MALE,,252,LOST DEPOSIT,INDEPENDENT,CR LAILI,MALE,,181,LOST DEPOSIT,,,,,,,,,,,,
P.130_S.20,SARAWAK,P.130,BETONG,S.20,LAYAR,SNAP,,6470,1389,77.37,5006,381,4625,,,,,,,,,,,,,,,,,,,PESAKA (1),EDMUND DERON,MALE,,713,,,,,,,,SNAP,DATO' STEPHEN KALONG NINGKAN,MALE,49,2546,,,,,,,,INDEPENDENT,CHARLES H. INGKA,MALE,,1157,,INDEPENDENT,JUING INSOLL,MALE,,209,LOST DEPOSIT,,,,,,,,,,,,
P.131_S.21,SARAWAK,P.131,SARATOK,S.21,KALAKA,PESAKA,,5584,556,87.39,4880,263,4617,,,,,,,BUMIPUTERA,AL-USTAZ HAJI ABG. KADIR HASSAN,MALE,,1407,,,,,,,,PESAKA (1),WAN ALWI BIN TUANKU IBRAHIM,MALE,,1963,,,,,,,,SNAP,WILLIAM AK LAMPAS,MALE,,1164,,,,,,,,INDEPENDENT,HAJI JAIS BIN SEJIN,MALE,,83,LOST DEPOSIT,,,,,,,,,,,,,,,,,,
P.131_S.22,SARAWAK,P.131,SARATOK,S.22,KRIAN,SNAP,,6308,2061,79.79,5033,404,4629,,,,,,,,,,,,,,,,,,,PESAKA (1),MELING AK JAN,MALE,,872,,,,,,,,SNAP,DUNSTAN ENDAWI AK ENCHANA,MALE,,2933,,SUPP,ROBINSON JELEMIN,MALE,,824,,,,,,,,,,,,,,,,,,,,,,,,,
P.132_S.23,SARAWAK,P.132,SARIKEI,S.23,KUALA RAJANG,SARAWAK ALLIANCE - BUMIPUTERA,,5732,1330,88.75,5087,222,4865,,,,,,,BUMIPUTERA,DATO' HAJI ABDUL RAHMAN YA'KUB,MALE,41,2161,,,,,,,,PESAKA (1),BILIANG AK TINGGI,MALE,,371,LOST DEPOSIT,,,,,,,SNAP,AINIE BIN DHOBBY,MALE,,743,,SUPP,DRAHMAN BIN KARIA,MALE,,831,,INDEPENDENT,THEN KWAN LONG,MALE,,656,,INDEPENDENT,MAJIDI BIN SUHAILI,MALE,,103,LOST DEPOSIT,,,,,,,,,,,,
P.132_S.24,SARAWAK,P.132,SARIKEI,S.24,REPOK,SUPP,,6225,612,85.83,5343,255,5088,,,,,,,SCA,CHEN KO MING,MALE,,1787,,,,,,,,,,,,,,,,,,,,SNAP,NGO KING HUONG,MALE,,844,,SUPP,KHOO PENG LOONG,MALE,,2399,,INDEPENDENT,CHING TING CHICK,MALE,,58,LOST DEPOSIT,,,,,,,,,,,,,,,,,,
P.133_S.25,SARAWAK,P.133,PAYANG,S.25,MATU-DARO,SARAWAK ALLIANCE - BUMIPUTERA,,6302,2795,86.51,5452,286,5166,,,,,,,BUMIPUTERA,AWANG HIPNI BIN PENGIRAN ARU,MALE,,3360,,,,,,,,PESAKA (1),AWANG MASHOR BIN AWG. LAGA,MALE,,565,LOST DEPOSIT,,,,,,,SNAP,ABANG HAJI ABDUL RAZAK,MALE,,124,LOST DEPOSIT,SUPP,GEORGE BIN HAJI DRAHMAN,MALE,,506,LOST DEPOSIT,INDEPENDENT,WAINI BIN HAJI SAHARI,MALE,,429,LOST DEPOSIT,INDEPENDENT,SIA SIONG YUNG,MALE,,136,LOST DEPOSIT,INDEPENDENT,HAJI ROSLI BIN KIOK,MALE,,46,LOST DEPOSIT,,,,,,
P.133_S.26,SARAWAK,P.133,PAYANG,S.26,BINATANG,SUPP,,8961,918,82.62,7404,300,7104,,,,,,,SCA,LUK TAI LIK,MALE,,2130,,,,,,,,PESAKA (1),SANDOM AK NYUAK,MALE,,1077,,,,,,,,SNAP,TENG TUN HSIN,MALE,,849,LOST DEPOSIT,SUPP,ANTHONY TEO TIAO GIN,MALE,,3048,,,,,,,,,,,,,,,,,,,,,,,,,
P.134_S.27,SARAWAK,P.134,BANDAR SIBU,S.27,SIBU TENGAH,SUPP,,10413,2372,74.94,7804,363,7441,,,,,,,SCA,CHIENG HIE KWONG,MALE,,2098,,,,,,,,,,,,,,,,,,,,SNAP,YAP SIEW HOE,MALE,,493,LOST DEPOSIT,SUPP,CHEW KIM POON,MALE,,4470,,INDEPENDENT,LIM UNG CHIEW,MALE,,380,LOST DEPOSIT,,,,,,,,,,,,,,,,,,
P.134_S.28,SARAWAK,P.134,BANDAR SIBU,S.28,SIBU LUAR,SUPP,,8366,708,76.72,6418,324,6094,,,,,,,SCA,TAI SING CHII,MALE,,2261,,,,,,,,,,,,,,,,,,,,SNAP,JOSEPH C. C. TANG,MALE,,562,LOST DEPOSIT,SUPP,WONG KAH SING,MALE,,2969,,INDEPENDENT,PETER HWANG,MALE,,135,LOST DEPOSIT,INDEPENDENT,JAMAL BIN HAJI DRIS,MALE,,92,LOST DEPOSIT,INDEPENDENT,NGU TECK SING,MALE,,75,LOST DEPOSIT,,,,,,
P.135_S.29,SARAWAK,P.135,RAJANG,S.29,IGAN,SARAWAK ALLIANCE  - SCA,,7313,769,87.73,6416,288,6128,,,,,,,SCA,LING BENG SIONG,MALE,,3264,,,,,,,,,,,,,,,,,,,,SNAP,GELANGGANG AK MUJAN,MALE,,213,LOST DEPOSIT,SUPP,WONG TUONG KWANG,MALE,,2495,,INDEPENDENT,AMPI AK MATARI,MALE,,75,LOST DEPOSIT,INDEPENDENT,JAWI AK SURENG,MALE,,46,LOST DEPOSIT,INDEPENDENT,PENGHULU PENGABANG AK IMPAK,MALE,,35,LOST DEPOSIT,,,,,,
P.135_S.30,SARAWAK,P.135,RAJANG,S.30,DUDONG,SUPP,,6198,241,78.11,4841,280,4561,,,,,,,,,,,,,,,,,,,PESAKA (1),JONATHAN BANGAU,MALE,45,1434,,,,,,,,SNAP,SANDAH AK PENGHULU JARROW,MALE,,1138,,SUPP,KONG CHUNG SIEW,MALE,,1675,,INDEPENDENT,GALAU AK KUMBANG,MALE,,195,LOST DEPOSIT,INDEPENDENT,LANGGAI AK ABOL,MALE,,119,LOST DEPOSIT,,,,,,,,,,,,
P.136_S.31,SARAWAK,P.136,MUKAH,S.31,BALINGIAN,SARAWAK ALLIANCE - BUMIPUTERA,,8265,699,63.24,5227,362,4865,,,,,,,BUMIPUTERA,MOHD. PAUZI BIN HAMDANI,MALE,,1555,,,,,,,,PESAKA (1),SIPUK BIN ANI,MALE,,523,LOST DEPOSIT,PESAKA (2),TAMPANG AK BASEK,MALE,,267,LOST DEPOSIT,SNAP,JANG AK KANDAWANG,MALE,,827,,SUPP,HO THIAN TING,MALE,,856,,INDEPENDENT,MOHD. NOH BIN HAMDAN,MALE,,606,LOST DEPOSIT,INDEPENDENT,TAN YONG BEE,MALE,,231,LOST DEPOSIT,,,,,,,,,,,,
P.136_S.32,SARAWAK,P.136,MUKAH,S.32,OYA,SARAWAK ALLIANCE - BUMIPUTERA,,7533,171,75.26,5669,436,5233,,,,,,,BUMIPUTERA,VINCENT FERRER SUYONG,MALE,,1510,,,,,,,,PESAKA (1),ALEH AK JUENG,MALE,,618,,PESAKA (2),AUGUSTINE DRUCE BIN DAWAN,MALE,,702,,SNAP,SIM BOON LIANG,MALE,,1339,,SUPP,TING UNG PANG,MALE,,468,LOST DEPOSIT,INDEPENDENT,IBRAHIM BIN TAKONG,MALE,,396,LOST DEPOSIT,INDEPENDENT,SONG ING HUO,MALE,,200,LOST DEPOSIT,,,,,,,,,,,,
P.137_S.33,SARAWAK,P.137,JULAU,S.33,PAKAN,PESAKA,,3851,71,70.73,2724,327,2397,,,,,,,,,,,,,,,,,,,PESAKA (1),MANDI AK SANAR,MALE,,748,,,,,,,,SNAP,DUNDANG AK IBI,MALE,,667,,,,,,,,INDEPENDENT,LAU MEE EE,MALE,,677,,INDEPENDENT,LAIYAU AK BOLENG,MALE,,305,LOST DEPOSIT,,,,,,,,,,,,
P.137_S.34,SARAWAK,P.137,JULAU,S.34,MELUAN,SNAP,,3789,70,69.99,2652,347,2305,,,,,,,,,,,,,,,,,,,PESAKA (1),PHILIP NYADANG AK JANTING,MALE,,810,,,,,,,,SNAP,GRAMONG AK JELIAN,MALE,,880,,,,,,,,INDEPENDENT,EMPALING,MALE,,381,LOST DEPOSIT,INDEPENDENT,TEDONG AK ENTALAI,MALE,,234,LOST DEPOSIT,,,,,,,,,,,,
P.138_S.35,SARAWAK,P.138,KANOWIT,S.35,MACHAN,PESAKA,,5496,870,80.9,4446,71,4375,,,,,,,,,,,,,,,,,,,PESAKA (1),THOMAS KANA,MALE,48,2459,,,,,,,,SNAP,STEPHEN MAPANG ANAK SANGGAU,MALE,,327,LOST DEPOSIT,SUPP,KONG FOH KIN,MALE,,1589,,,,,,,,,,,,,,,,,,,,,,,,,
P.138_S.36,SARAWAK,P.138,KANOWIT,S.36,NGEMAH,IND,,4728,136,71.34,3373,267,3106,,,,,,,,,,,,,,,,,,,PESAKA (1),PENGHULU FRANCIS UMPAU AK EMPAU,MALE,,660,,,,,,,,SNAP,JARRAU AK SERIT,MALE,,603,,SUPP,ANSI AK ANYAU,MALE,,428,,INDEPENDENT,LIAS AK KANA,MALE,,796,,INDEPENDENT,GUNTOL AK BANA,MALE,,539,,INDEPENDENT,UNGAI AK SUMPON,MALE,,47,LOST DEPOSIT,INDEPENDENT,PENGHULU UJOK AK ANDENG,MALE,,33,LOST DEPOSIT
P.139_S.37,SARAWAK,P.139,KAPIT,S.37,SONG,SNAP,,5917,320,76.17,4507,395,4112,,,,,,,,,,,,,,,,,,,PESAKA (1),MANGAI AK LAJANG,MALE,,1294,,,,,,,,SNAP,NGELAMBONG BANGAU,MALE,,1614,,SUPP,DINGAI AK UJOM,MALE,,1204,,,,,,,,,,,,,,,,,,,,,,,,,
P.139_S.38,SARAWAK,P.139,KAPIT,S.38,PELAGUS,PESAKA,,4604,320,74.17,3415,241,3174,,,,,,,,,,,,,,,,,,,PESAKA (1),BENNET JARROW,MALE,,1389,,,,,,,,SNAP,FRANCIS AK NYUAK,MALE,,716,,SUPP,JUGAH AK LASAK,MALE,,1069,,,,,,,,,,,,,,,,,,,,,,,,,
P.140_S.39,SARAWAK,P.140,ULU RAJANG,S.39,BALEH,PESAKA,,6412,425,80.32,5150,371,4779,,,,,,,,,,,,,,,,,,,PESAKA (1),KANYAN AK TEMENGGONG KOH,MALE,,1953,,,,,,,,SNAP,WESLEY AJAN AK NABAU,MALE,,1528,,SUPP,KULLEH AK SEMADA,MALE,,806,,INDEPENDENT,PENGARAH SIBAT AK SEMADA,MALE,55,492,LOST DEPOSIT,,,,,,,,,,,,,,,,,,
P.140_S.40,SARAWAK,P.140,ULU RAJANG,S.40,BELAGA,SUPP,,3027,84,74.96,2269,136,2133,,,,,,,,,,,,,,,,,,,PESAKA (1),TAJANG LAING,MALE,31,688,,,,,,,,SNAP,LISUT TINGGANG,MALE,,67,LOST DEPOSIT,SUPP,NYIPA KILAH,MALE,33,772,,INDEPENDENT,PENGHULU MATU PUSO,MALE,,606,,,,,,,,,,,,,,,,,,,
P.141_S.41,SARAWAK,P.141,BINTULU,S.41,TATAU,SARAWAK ALLIANCE - BUMIPUTERA,,6450,149,73.21,4722,253,4469,,,,,,,BUMIPUTERA,AWG. ISMAIL BIN PG. ZAINUDDIN,MALE,,1340,,,,,,,,PESAKA (1),PENGHULU ANGKALOM AK LATIB,MALE,,415,,,,,,,,SNAP,NANANG AK ENTIGAI,MALE,,1191,,SUPP,GOH NGIAP JOON,MALE,,827,,INDEPENDENT,JULAIHI HANAFFIE,MALE,,571,,INDEPENDENT,MENG CHENG,MALE,,125,LOST DEPOSIT,,,,,,,,,,,,
P.141_S.42,SARAWAK,P.141,BINTULU,S.42,KEMENA,PESAKA,,6619,211,70.99,4699,349,4350,,,,,,,BUMIPUTERA,ASGHAR KHAN,MALE,,1155,,,,,,,,PESAKA (1),AHOK AK JALIN,MALE,45,1366,,,,,,,,SNAP,TING LIAN TUNG,MALE,,884,,SUPP,PNG TAI YOK,MALE,,733,,INDEPENDENT,MEDAN AK SUHANG,MALE,,212,LOST DEPOSIT,,,,,,,,,,,,,,,,,,
P.142_S.43,SARAWAK,P.142,MIRI - SUBIS,S.43,SUBIS,SNAP,,7913,308,75.19,5950,583,5367,,,,,,,,,,,,,,,,,,,PESAKA (1),JACKIE YONG,MALE,,832,,,,,,,,SNAP,FRANCIS LOKE,MALE,,1728,,SUPP,LEE FUONG CHEW,MALE,,1420,,INDEPENDENT,HASHIM BIN HAJI LADIS,MALE,,1387,,,,,,,,,,,,,,,,,,,
P.142_S.44,SARAWAK,P.142,MIRI - SUBIS,S.44,MIRI,SARAWAK ALLIANCE  - SCA,,9946,365,72.67,7228,277,6951,,,,,,,SCA,CHIA CHIN SHIN,MALE,,2876,,,,,,,,,,,,,,,,,,,,SNAP,JOHN LEONG CHEE YUN,MALE,,1256,,SUPP,YANG SIEW SIANG,MALE,,2511,,INDEPENDENT,KEPOL SAMAT,MALE,,166,LOST DEPOSIT,INDEPENDENT,LAU SIN WAI,MALE,,142,LOST DEPOSIT,,,,,,,,,,,,
P.143_S.45,SARAWAK,P.143,BARAM,S.45,MARUDI,SNAP,,7290,2176,73.9,5387,275,5112,,,,,,,,,,,,,,,,,,,PESAKA (1),BAYA MALANG,MALE,,910,,,,,,,,SNAP,EDWARD JELI AK BLAYONG,MALE,45,3134,,SUPP,TAMA WENG TINGGANG WAN,MALE,,958,,INDEPENDENT,PENGHULU ARIN,MALE,,110,LOST DEPOSIT,,,,,,,,,,,,,,,,,,
P.143_S.46,SARAWAK,P.143,BARAM,S.46,TELANG USAN,SNAP,,5761,850,68.13,3925,363,3562,,,,,,,,,,,,,,,,,,,PESAKA (1),ABENG NAWAN LAWAI,MALE,,750,,,,,,,,SNAP,BALAN SELING,MALE,33,1718,,,,,,,,INDEPENDENT,LEE KEE BIAN,MALE,,868,,INDEPENDENT,PENGHULU BALAN LAJAI,MALE,,226,LOST DEPOSIT,,,,,,,,,,,,
P.144_S.47,SARAWAK,P.144,LIMBANG - LAWAS,S.47,LIMBANG,SNAP,,6184,1867,79.85,4938,330,4608,,,,,,,BUMIPUTERA,HAJI ABU BAKAR BIN ABDULLAH,MALE,,1068,,,,,,,,,,,,,,,,,,,,SNAP,DATO' JAMES WONG KIM MIN,MALE,47,2935,,,,,,,,INDEPENDENT,PUGI AK YABAI,MALE,,385,LOST DEPOSIT,INDEPENDENT,TAHIR BIN HASSAN,MALE,,220,LOST DEPOSIT,,,,,,,,,,,,
P.144_S.48,SARAWAK,P.144,LIMBANG - LAWAS,S.48,LAWAS,SARAWAK ALLIANCE - BUMIPUTERA,,5380,226,84.44,4543,190,4353,,,,,,,BUMIPUTERA,AWANG DAUD BIN AWANG METUSIN,MALE,,1698,,,,,,,,PESAKA (1),RACHA UMONG,MALE,,1053,,,,,,,,SNAP,CHEGU PUDUN RANGAT,MALE,,1472,,,,,,,,INDEPENDENT,LING TUNG KIET,MALE,,82,LOST DEPOSIT,INDEPENDENT,MAH CHUAN SIN,MALE,,48,LOST DEPOSIT,,,,,,,,,,,,
