UNIQUE CODE,STATE,PARLIAMENTARY CODE,PARLIAMENTARY NAME,STATE CONSTITUENCY CODE,STATE CONSTITUENCY NAME,WINNING PARTY,UNCONTESTED VICTORY,TOTAL ELECTORATE,WINNING MAJORITY,TURNOUT (%),TOTAL BALLOTS ISSUED,TOTAL UNRETURNED VOTES,TOTAL REJECTED VOTES,TOTAL VALID VOTES,BN,BN CANDIDATE,BN CANDIDATE GENDER,BN CANDIDATE AGE,BN VOTE,BN CANDIDATE LOST DEPOSIT,PH,PH CANDIDATE,PH CANDIDATE GENDER,PH CANDIDATE AGE,PH VOTE,PH CANDIDATE LOST DEPOSIT,PN,PN CANDIDATE,PN CANDIDATE GENDER,PN CANDIDATE AGE,PN VOTE,PN CANDIDATE LOST DEPOSIT,OTHER PARTY (1),OTHER PARTY (1) CANDIDATE,OTHER PARTY (1) CANDIDATE GENDER,OTHER PARTY (1) CANDIDATE AGE,OTHER PARTY (1) VOTE,OTHER PARTY (1) CANDIDATE LOST DEPOSIT,OTHER PARTY (2),OTHER PARTY (2) CANDIDATE,OTHER PARTY (2) CANDIDATE GENDER,OTHER PARTY (2) CANDIDATE AGE,OTHER PARTY (2) VOTE,OTHER PARTY (2) CANDIDATE LOST DEPOSIT,INDEPENDENT (1),INDEPENDENT (1) CANDIDATE,INDEPENDENT (1) CANDIDATE GENDER,INDEPENDENT (1) CANDIDATE AGE,INDEPENDENT (1) VOTE,INDEPENDENT (1) CANDIDATE LOST DEPOSIT,INDEPENDENT (2),INDEPENDENT (2) CANDIDATE,INDEPENDENT (2) CANDIDATE GENDER,INDEPENDENT (2) CANDIDATE AGE,INDEPENDENT (2) VOTE,INDEPENDENT (2) CANDIDATE LOST DEPOSIT,INDEPENDENT (3),INDEPENDENT (3) CANDIDATE,INDEPENDENT (3) CANDIDATE GENDER,INDEPENDENT (3) CANDIDATE AGE,INDEPENDENT (3) VOTE,INDEPENDENT (3) CANDIDATE LOST DEPOSIT
P.004_N.01,KEDAH,P.004,LANGKAWI,N.01,AYER HANGAT,PN - PPBM,,33156,3824,68.95,22861,18,222,22621,UMNO,HISHAM SUHAILY BINTI OTHMAN,FEMALE,46,4909,,,,,,,,PPBM,SHAMSILAH BINTI SIRU,FEMALE,48,10701,,,,,,,,,,,,,,INDEPENDENT - RING,SAFWAN HANIF,MALE,34,6877,,INDEPENDENT - PEN,ZULFADLI BIN MOHD YUSOF,MALE,37,134,LOST DEPOSIT,,,,,,
P.004_N.02,KEDAH,P.004,LANGKAWI,N.02,KUAH,PN - PPBM,,34694,7970,60.49,20988,78,139,20771,,,,,,,PKR,AHMAD FAUZI BIN CHIK,MALE,63,5394,,PPBM,AMAR PARED BIN MAHMUD,MALE,32,13364,,,,,,,,,,,,,,INDEPENDENT - BOOK,MAZLAN BIN AHMAD,MALE,67,2013,LOST DEPOSIT,,,,,,,,,,,,
P.005_N.03,KEDAH,P.005,JERLUN,N.03,KOTA SIPUTEH,PN - PPBM,,29777,13090,72.89,21703,13,108,21582,,,,,,,PAN,DR SALMEE BINTI SAID,FEMALE,57,4090,,PPBM,MOHD ASHRAF MUSTAQIM,MALE,36,17180,,,,,,,,,,,,,,INDEPENDENT - KEY,ABDUL BIN RAMLI @ LATIF,MALE,53,312,LOST DEPOSIT,,,,,,,,,,,,
P.005_N.04,KEDAH,P.005,JERLUN,N.04,AYER HITAM,PN - PAS,,37819,15973,75.01,28369,23,163,28183,UMNO,HAYAZI BIN AZIZAN,MALE,44,6105,,,,,,,,PAS,CIKGU AZHAR,MALE,59,22078,,,,,,,,,,,,,,,,,,,,,,,,,,,,,,,
P.006_N.05,KEDAH,P.006,KUBANG PASU,N.05,BUKIT KAYU HITAM,PN - PPBM,,46054,15434,73.67,33926,43,215,33668,UMNO,CIKGU NON,MALE,65,9117,,,,,,,,PPBM,DATO' HAJAH HALIMATON SHAADIAH SAAD (KAK TON),FEMALE,53,24551,,,,,,,,,,,,,,,,,,,,,,,,,,,,,,,
P.006_N.06,KEDAH,P.006,KUBANG PASU,N.06,JITRA,PN - PAS,,63059,23172,72.62,45792,64,216,45512,,,,,,,PKR,SABRINA AHMAD,FEMALE,45,11170,,PAS,DR HAIM HILMAN ABDULLAH (PROF. HAIM),MALE,50,34342,,,,,,,,,,,,,,,,,,,,,,,,,,,,,,,
P.007_N.07,KEDAH,P.007,PADANG TERAP,N.07,KUALA NERANG,PN - PAS,,31481,15446,76.45,24067,26,165,23876,,,,,,,PAN,RIDZWAN ABU BAKAR,MALE,46,4215,,PAS,HJ. MUNIR,MALE,59,19661,,,,,,,,,,,,,,,,,,,,,,,,,,,,,,,
P.007_N.08,KEDAH,P.007,PADANG TERAP,N.08,PEDU,PN - PAS,,28606,6373,78.99,22595,14,160,22421,UMNO,MAHDZIR BIN KHALID,MALE,62,8024,,,,,,,,PAS,MOHD RADZI BIN MD AMIN,MALE,53,14397,,,,,,,,,,,,,,,,,,,,,,,,,,,,,,,
P.008_N.09,KEDAH,P.008,POKOK SENA,N.09,BUKIT LADA,PN - PAS,,40729,17411,76.56,31184,33,196,30955,UMNO,SAID ALI BIN SYED RASTAN,MALE,67,6772,,,,,,,,PAS,USTAZ SALIM MAHMOOD AL-HAFIZ,MALE,45,24183,,,,,,,,,,,,,,,,,,,,,,,,,,,,,,,
P.008_N.10,KEDAH,P.008,POKOK SENA,N.10,BUKIT PINANG,PN - PAS,,36791,18261,76.19,28030,53,156,27821,,,,,,,PKR,DATO' HJ. HADZIR,MALE,66,4780,,PAS,DATO' WAN ROMANI,MALE,67,23041,,,,,,,,,,,,,,,,,,,,,,,,,,,,,,,
P.008_N.11,KEDAH,P.008,POKOK SENA,N.11,DERGA,PN - PPBM,,37738,3662,67.84,25602,42,115,25445,,,,,,,DAP,TAN KOK YEW,MALE,56,10771,,PPBM,MUHAMAD AMRI,MALE,40,14433,,,,,,,,,,,,,,INDEPENDENT - KEY,MAN BASIRON,MALE,58,241,LOST DEPOSIT,,,,,,,,,,,,
P.009_N.12,KEDAH,P.009,ALOR STAR,N.12,SUKA MENANTI,PN - PPBM,,41957,8245,68.53,28755,53,155,28547,,,,,,,PKR,DATO' ZAMRI YUSOF,MALE,57,10151,,PPBM,DZOWAHIR BIN AB GHANI,MALE,66,18396,,,,,,,,,,,,,,,,,,,,,,,,,,,,,,,
P.009_N.13,KEDAH,P.009,ALOR STAR,N.13,KOTA DARUL AMAN,PH - DAP,,25829,5650,65.11,16816,19,91,16706,,,,,,,DAP,TEH SWEE LEONG,MALE,34,11178,,GERAKAN,CHUAH SEE SENG,MALE,49,5528,,,,,,,,,,,,,,,,,,,,,,,,,,,,,,,
P.009_N.14,KEDAH,P.009,ALOR STAR,N.14,ALOR MENGKUDU,PN - PAS,,38193,10104,73.11,27921,36,117,27768,,,,,,,PAN,DATO' WIRA MAHFUZ OMAR,MALE,65,8832,,PAS,RADHI MAT DIN,MALE,58,18936,,,,,,,,,,,,,,,,,,,,,,,,,,,,,,,
P.010_N.15,KEDAH,P.010,KUALA KEDAH,N.15,ANAK BUKIT,PN - PAS,,36491,15831,76.24,27822,37,140,27645,UMNO,DATIN NOOR HASITA,FEMALE,55,5907,,,,,,,,PAS,RASHIDI BIN RAZAK,MALE,58,21738,,,,,,,,,,,,,,,,,,,,,,,,,,,,,,,
P.010_N.16,KEDAH,P.010,KUALA KEDAH,N.16,KUBANG ROTAN,PN - PPBM,,50233,10786,70.26,35294,42,136,35116,,,,,,,PAN,ASMIRUL ANUAR BIN ARIS,MALE,46,12165,,PPBM,DATO' MOHD SALLEH BIN SAIDIN,MALE,45,22951,,,,,,,,,,,,,,,,,,,,,,,,,,,,,,,
P.010_N.17,KEDAH,P.010,KUALA KEDAH,N.17,PENGKALAN KUNDOR,PN - PAS,,46235,11032,73.25,33868,43,159,33666,,,,,,,PAN,DATO' DR. ISMAIL SALLEH,MALE,59,11317,,PAS,MARDHIYYAH JOHARI,FEMALE,35,22349,,,,,,,,,,,,,,,,,,,,,,,,,,,,,,,
P.011_N.18,KEDAH,P.011,PENDANG,N.18,TOKAI,PN - PAS,,45374,23919,77,34936,37,160,34739,,,,,,,PAN,ZAINAL ABIDIN SAAD,MALE,60,5410,,PAS,DATO' DR. MOHD HAYATI,MALE,66,29329,,,,,,,,,,,,,,,,,,,,,,,,,,,,,,,
P.011_N.19,KEDAH,P.011,PENDANG,N.19,SUNGAI TIANG,PN - PPBM,,49414,17099,75.79,37449,27,213,37209,UMNO,MOHAMAD FADZIL,MALE,45,10055,,,,,,,,PPBM,RAZAK KHAMIS,MALE,63,27154,,,,,,,,,,,,,,,,,,,,,,,,,,,,,,,
P.012_N.20,KEDAH,P.012,JERAI,N.20,SUNGAI LIMAU,PN - PAS,,34283,18904,79.47,27244,18,130,27096,,,,,,,PAN,SITI BALKHIS BINTI HUSAIN,FEMALE,47,4096,,PAS,USTAZ MOHD AZAM BIN ABD SAMAT,MALE,47,23000,,,,,,,,,,,,,,,,,,,,,,,,,,,,,,,
P.012_N.21,KEDAH,P.012,JERAI,N.21,GUAR CHEMPEDAK,PN - PPBM,,30085,12109,75.64,22755,24,132,22599,UMNO,ABDUL PARIS BIN ABDUL HAMID (PARIS),MALE,55,5157,,,,,,,,PPBM,ABDUL GHAFAR SAAD,MALE,58,17266,,,,,,,,,,,,,,INDEPENDENT - TREE,CIKGU KU ABDUL HALIM,MALE,65,176,LOST DEPOSIT,,,,,,,,,,,,
P.012_N.22,KEDAH,P.012,JERAI,N.22,GURUN,PN - PAS,,40941,6584,71.38,29224,21,245,28958,,,,,,,PKR,FIRDAUS JOHARI,MALE,39,11187,,PAS,BADDROL BIN BAKHTIAR,MALE,35,17771,,,,,,,,,,,,,,,,,,,,,,,,,,,,,,,
P.013_N.23,KEDAH,P.013,SIK,N.23,BELANTEK,PN - PAS,,28165,14156,76.67,21595,17,170,21408,,,,,,,PAN,MAZLI BINTI SAIPI,FEMALE,58,3626,,PAS,HAJI AHMAD SULAIMAN,MALE,63,17782,,,,,,,,,,,,,,,,,,,,,,,,,,,,,,,
P.013_N.24,KEDAH,P.013,SIK,N.24,JENERI,PN - PAS,,35097,16050,79.08,27754,14,144,27596,UMNO,DATO' MUHAMAD KHIZRI BIN ABU KASSIM,MALE,45,5773,,,,,,,,PAS,MUHAMMAD SANUSI MD NOR,MALE,48,21823,,,,,,,,,,,,,,,,,,,,,,,,,,,,,,,
P.014_N.25,KEDAH,P.014,MERBOK,N.25,BUKIT SELAMBAU,PN - PAS,,79518,11665,70.55,56100,61,313,55726,,,,,,,PKR,SUMMUGAM RENGASAMY,MALE,63,21843,,PAS,USTAZ AZIZAN BIN HAMZAH,MALE,67,33508,,,,,,,,,,,,,,INDEPENDENT - PEN,DINESH A/L MUNIANDY,MALE,30,375,LOST DEPOSIT,,,,,,,,,,,,
P.014_N.26,KEDAH,P.014,MERBOK,N.26,TANJONG DAWAI,PN - PAS,,54629,22405,76.77,41937,43,307,41587,UMNO,DATO' SHAIFUL HAZIZY (TOK PON),MALE,47,9591,,,,,,,,PAS,USTAZ HANIF BIN GHAZALI,MALE,50,31996,,,,,,,,,,,,,,,,,,,,,,,,,,,,,,,
P.015_N.27,KEDAH,P.015,SUNGAI PETANI,N.27,PANTAI MERDEKA,PN - PAS,,51502,23691,79.6,40994,35,200,40759,UMNO,KAK WAN MOHALINA,FEMALE,53,8534,,,,,,,,PAS,USTAZ SHARIR LONG,MALE,68,32225,,,,,,,,,,,,,,,,,,,,,,,,,,,,,,,
P.015_N.28,KEDAH,P.015,SUNGAI PETANI,N.28,BAKAR ARANG,PH - PKR,,57867,3683,69.99,40504,54,217,40233,,,,,,,PKR,ADAM LOH,MALE,35,21889,,GERAKAN,RAYMOND TAI KUANG TEE,MALE,44,18206,,,,,,,,PRM,TAN KEE CHYE,MALE,67,138,LOST DEPOSIT,,,,,,,,,,,,,,,,,,
P.015_N.29,KEDAH,P.015,SUNGAI PETANI,N.29,SIDAM,PH - PKR,,60983,954,70.66,43093,69,260,42764,,,,,,,PKR,BAU WONG,MALE,56,21859,,PPBM,JULIANA ABDUL GHANI,FEMALE,48,20905,,,,,,,,,,,,,,,,,,,,,,,,,,,,,,,
P.016_N.30,KEDAH,P.016,BALING,N.30,BAYU,PN - PPBM,,47613,17582,78.25,37259,45,222,36992,UMNO,DATO' ISHAK BIN MAT,MALE,61,9705,,,,,,,,PPBM,MOHD TAUFIK BIN YAACOB,MALE,54,27287,,,,,,,,,,,,,,,,,,,,,,,,,,,,,,,
P.016_N.31,KEDAH,P.016,BALING,N.31,KUPANG,PN - PAS,,42720,19275,79,33747,38,252,33457,,,,,,,PAN,SUHAIMI HAMZAH,MALE,42,7091,,PAS,DATO' NAJMI BIN HAJI AHMAD,MALE,72,26366,,,,,,,,,,,,,,,,,,,,,,,,,,,,,,,
P.016_N.32,KEDAH,P.016,BALING,N.32,KUALA KETIL,PN - PAS,,42184,16565,79.13,33380,36,165,33179,UMNO,SURIATI BINTI CHE MID,FEMALE,43,8307,,,,,,,,PAS,MEJ (B) MANSOR BIN ZAKARIA,MALE,54,24872,,,,,,,,,,,,,,,,,,,,,,,,,,,,,,,
P.017_N.33,KEDAH,P.017,PADANG SERAI,N.33,MERBAU PULAS,PN - PAS,,53323,19285,76.6,40848,54,241,40553,UMNO,DATO' CHEGU MADI,MALE,54,10634,,,,,,,,PAS,DATO' USTAZAH SITI ASHAH,FEMALE,60,29919,,,,,,,,,,,,,,,,,,,,,,,,,,,,,,,
P.017_N.34,KEDAH,P.017,PADANG SERAI,N.34,LUNAS,PN - PPBM,,82212,4483,72.89,59927,97,310,59520,,,,,,,PKR,CIKGU SHAMSUL,MALE,63,27054,,PPBM,KHAIRUL ANUAR BIN RAMLI,MALE,41,31537,,,,,,,,,,,,,,INDEPENDENT - TREE,RAJENDARAN A/L NADARAJAH,MALE,61,364,LOST DEPOSIT,INDEPENDENT - PEN,PANNIR SELVAM A/L SUPPIAH,MALE,56,148,LOST DEPOSIT,INDEPENDENT - KEY,ARI,MALE,63,417,LOST DEPOSIT
P.018_N.35,KEDAH,P.018,KULIM-BANDAR BAHARU,N.35,KULIM,PN - GERAKAN,,54169,7742,72.32,39177,36,327,38814,,,,,,,PKR,AWANG TEH,MALE,46,15536,,GERAKAN,WONG CHIA ZHEN,MALE,38,23278,,,,,,,,,,,,,,,,,,,,,,,,,,,,,,,
P.018_N.36,KEDAH,P.018,KULIM-BANDAR BAHARU,N.36,BANDAR BAHARU,PN - PAS,,36164,11577,75.41,27270,24,169,27077,UMNO,NURAINI BINTI YUSOFF (NONI),FEMALE,34,7750,,,,,,,,PAS,PROF. DR. SUFFIAN HAJI YUSOF,MALE,54,19327,,,,,,,,,,,,,,,,,,,,,,,,,,,,,,,
P.019_N.01,KELANTAN,P.019,TUMPAT,N.01,PENGKALAN KUBOR,PN - PAS,,36492,6040,61.01,22262,21,195,22046,UMNO,DATUK ZULKIFLI TOK KRAWAT,MALE,59,8003,,,,,,,,PAS,USTAZ LAN,MALE,57,14043,,,,,,,,,,,,,,,,,,,,,,,,,,,,,,,
P.019_N.02,KELANTAN,P.019,TUMPAT,N.02,KELABORAN,PN - PAS,,38198,9372,59.31,22655,29,218,22408,UMNO,ROSDI RAZALI (RR24),MALE,39,6518,,,,,,,,PAS,CIKGU NAN,MALE,67,15890,,,,,,,,,,,,,,,,,,,,,,,,,,,,,,,
P.019_N.03,KELANTAN,P.019,TUMPAT,N.03,PASIR PEKAN,PN - PAS,,39119,12811,63.88,24988,54,179,24755,,,,,,,PKR,ZAMAKH SARI HJ. HIM,MALE,51,5972,,PAS,DATO' USTAZ MAD,MALE,73,18783,,,,,,,,,,,,,,,,,,,,,,,,,,,,,,,
P.019_N.04,KELANTAN,P.019,TUMPAT,N.04,WAKAF BHARU,PN - PAS,,36439,8127,63.53,23149,38,194,22917,UMNO,ABE NAN,MALE,44,7395,,,,,,,,PAS,HJ MOHD RUSLI,MALE,52,15522,,,,,,,,,,,,,,,,,,,,,,,,,,,,,,,
P.020_N.05,KELANTAN,P.020,PENGKALAN CHEPA,N.05,KIJANG,PN - PAS,,30405,9908,63.68,19363,21,146,19196,UMNO,HARIS HUSSIN,MALE,47,4644,,,,,,,,PAS,DR. IZANI,MALE,60,14552,,,,,,,,,,,,,,,,,,,,,,,,,,,,,,,
P.020_N.06,KELANTAN,P.020,PENGKALAN CHEPA,N.06,CHEMPAKA,PN - PAS,,34641,11224,65.5,22691,28,197,22466,UMNO,NIK NORMI,FEMALE,50,5504,,,,,,,,PAS,NIK BAHRUM,MALE,50,16728,,,,,,,,,,,,,,INDEPENDENT - PEN,TOK GAWA HJ. HIM / ABE LI TOK GAWA,MALE,70,234,LOST DEPOSIT,,,,,,,,,,,,
P.020_N.07,KELANTAN,P.020,PENGKALAN CHEPA,N.07,PANCHOR,PN - PAS,,42768,10686,63.46,27140,108,318,26714,,,,,,,PKR,SYED MOHD ALIDUSTUR BIN SYED MOHD ZAIN,MALE,50,8014,,PAS,DATO' NIK AMAR,MALE,63,18700,,,,,,,,,,,,,,,,,,,,,,,,,,,,,,,
P.021_N.08,KELANTAN,P.021,KOTA BHARU,N.08,TANJONG MAS,PN - PAS,,45579,8593,58.52,26672,62,145,26465,,,,,,,PKR,ZINDA KHALIL,MALE,47,8936,,PAS,KAK ANI,FEMALE,58,17529,,,,,,,,,,,,,,,,,,,,,,,,,,,,,,,
P.021_N.09,KELANTAN,P.021,KOTA BHARU,N.09,KOTA LAMA,PH - PAN,,33043,202,59.35,19610,27,192,19391,,,,,,,PAN,DR HAFIDZAH,FEMALE,59,9691,,PAS,DATO' ZAMRI,MALE,61,9489,,,,,,,,PRM,ANDY TAN @ AWANG,MALE,54,126,LOST DEPOSIT,INDEPENDENT - PEN,IZAT BUKHARY,MALE,56,85,LOST DEPOSIT,,,,,,,,,,,,
P.021_N.10,KELANTAN,P.021,KOTA BHARU,N.10,BUNUT PAYONG,PN - PAS,,36844,5610,60.62,22335,57,114,22164,UMNO,DATUK MOHAMED HASNAN BIN CHE HUSSIN,MALE,65,8277,,,,,,,,PAS,SHAARI,MALE,58,13887,,,,,,,,,,,,,,,,,,,,,,,,,,,,,,,
P.022_N.11,KELANTAN,P.022,PASIR MAS,N.11,TENDONG,PN - PAS,,31768,5846,63.51,20175,26,189,19960,UMNO,ABE HARIRI,MALE,43,6514,,,,,,,,PAS,ROZI MUHAMAD,MALE,51,12360,,,,,,,,,,,,,,INDEPENDENT - TREE,TOK NAN,MALE,43,1086,LOST DEPOSIT,,,,,,,,,,,,
P.022_N.12,KELANTAN,P.022,PASIR MAS,N.12,PENGKALAN PASIR,PN - PAS,,33007,7661,56.66,18701,42,166,18493,,,,,,,PAN,HJ RUSHDAN,MALE,59,5416,,PAS,HAJI NASRIFF DAUD YATIMEE,MALE,57,13077,,,,,,,,,,,,,,,,,,,,,,,,,,,,,,,
P.022_N.13,KELANTAN,P.022,PASIR MAS,N.13,MERANTI,PN - PAS,,29980,9154,58.47,17528,39,123,17366,UMNO,TOK GAWA ZAHRI,MALE,57,4106,,,,,,,,PAS,DATO' US. HJ. NASSURUDDIN,MALE,57,13260,,,,,,,,,,,,,,,,,,,,,,,,,,,,,,,
P.023_N.14,KELANTAN,P.023,RANTAU PANJANG,N.14,CHETOK,PN - PAS,,29111,7999,56.96,16581,29,147,16405,,,,,,,PKR,EZZAT HANUZI,MALE,33,4203,,PAS,HAJI ZURAIDIN ABDULLAH,MALE,54,12202,,,,,,,,,,,,,,,,,,,,,,,,,,,,,,,
P.023_N.15,KELANTAN,P.023,RANTAU PANJANG,N.15,GUAL PERIOK,PN - PAS,,36081,5109,50.5,18220,36,179,18005,UMNO,ABE WA,MALE,44,6448,,,,,,,,PAS,KAMARUZAMAN,MALE,50,11557,,,,,,,,,,,,,,,,,,,,,,,,,,,,,,,
P.023_N.16,KELANTAN,P.023,RANTAU PANJANG,N.16,APAM PUTRA,PN - PAS,,28834,3859,60.76,17520,19,148,17353,UMNO,DATUK AKBAR,MALE,46,6747,,,,,,,,PAS,ABE ZAM,MALE,52,10606,,,,,,,,,,,,,,,,,,,,,,,,,,,,,,,
P.024_N.17,KELANTAN,P.024,KUBANG KERIAN,N.17,SALOR,PN - PAS,,36294,9460,62.12,22545,60,159,22326,UMNO,ADIK MAD,MALE,39,6433,,,,,,,,PAS,ABE JOE,MALE,43,15893,,,,,,,,,,,,,,,,,,,,,,,,,,,,,,,
P.024_N.18,KELANTAN,P.024,KUBANG KERIAN,N.18,PASIR TUMBOH,PN - PAS,,37498,12374,62.65,23493,76,163,23254,,,,,,,PKR,AINA SAYUTY,FEMALE,37,5440,,PAS,USTAZ ABD RAHMAN,MALE,60,17814,,,,,,,,,,,,,,,,,,,,,,,,,,,,,,,
P.024_N.19,KELANTAN,P.024,KUBANG KERIAN,N.19,DEMIT,PN - PAS,,40561,12585,61.63,24999,74,144,24781,,,,,,,PAN,TOK WEIL,MALE,69,6098,,PAS,USTAZ ASRI,MALE,46,18683,,,,,,,,,,,,,,,,,,,,,,,,,,,,,,,
P.025_N.20,KELANTAN,P.025,BACHOK,N.20,TAWANG,PN - PAS,,43441,15982,63.59,27623,60,215,27348,,,,,,,PAN,CHE MAT,MALE,71,5683,,PAS,USTAZ HARUN,MALE,52,21665,,,,,,,,,,,,,,,,,,,,,,,,,,,,,,,
P.025_N.21,KELANTAN,P.025,BACHOK,N.21,PANTAI IRAMA,PN - PAS,,40512,10449,62.56,25344,31,204,25109,UMNO,KAK YAH,FEMALE,63,7330,,,,,,,,PAS,HAJI MIE,MALE,57,17779,,,,,,,,,,,,,,,,,,,,,,,,,,,,,,,
P.025_N.22,KELANTAN,P.025,BACHOK,N.22,JELAWAT,PN - PAS,,40012,9608,61.67,24674,36,199,24439,UMNO,DATO' YUSRI,MALE,51,7277,,,,,,,,PAS,LOYAR ZAMERI,MALE,53,16885,,,,,,,,,,,,,,INDEPENDENT - BOOK,BABA ZUL,MALE,62,277,LOST DEPOSIT,,,,,,,,,,,,
P.026_N.23,KELANTAN,P.026,KETEREH,N.23,MELOR,PN - PAS,,28387,7283,64.28,18246,26,127,18093,UMNO,CIKGU HJ. AZMI,MALE,62,5405,,,,,,,,PAS,WAN ROHIMI,MALE,47,12688,,,,,,,,,,,,,,,,,,,,,,,,,,,,,,,
P.026_N.24,KELANTAN,P.026,KETEREH,N.24,KADOK,PN - PAS,,21833,7135,63.63,13892,34,109,13749,,,,,,,PAN,IR AZIZAN RAZAK,MALE,51,3307,,PAS,DATO' AZAMI,MALE,65,10442,,,,,,,,,,,,,,,,,,,,,,,,,,,,,,,
P.026_N.25,KELANTAN,P.026,KETEREH,N.25,KOK LANAS,PN - PPBM,,35679,8219,65.64,23419,37,645,22737,UMNO,AHMAD DERAMAN (ABE MAT JELIRA),MALE,56,7259,,,,,,,,PPBM,DATO' FARID,MALE,56,15478,,,,,,,,,,,,,,,,,,,,,,,,,,,,,,,
P.027_N.26,KELANTAN,P.027,TANAH MERAH,N.26,BUKIT PANAU,PN - PAS,,50237,16628,57.29,28780,76,168,28536,,,,,,,PAN,DATO' DR. SAMSUL ADABI,MALE,54,5954,,PAS,DATO' ABDUL FATTAH,MALE,59,22582,,,,,,,,,,,,,,,,,,,,,,,,,,,,,,,
P.027_N.27,KELANTAN,P.027,TANAH MERAH,N.27,GUAL IPOH,PN - PPBM,,25718,5952,57.63,14822,25,109,14688,UMNO,ZUHAIRI (JERI),MALE,32,4368,,,,,,,,PPBM,BAHARI,MALE,55,10320,,,,,,,,,,,,,,,,,,,,,,,,,,,,,,,
P.027_N.28,KELANTAN,P.027,TANAH MERAH,N.28,KEMAHANG,PN - PAS,,23258,7311,58.2,13535,12,84,13439,UMNO,MAZLI (ABE JEK),MALE,55,3064,,,,,,,,PAS,DATO' MEJAR(B) NIZAM,MALE,69,10375,,,,,,,,,,,,,,,,,,,,,,,,,,,,,,,
P.028_N.29,KELANTAN,P.028,PASIR PUTEH,N.29,SELISING,PN - PAS,,28725,6903,63.44,18222,28,135,18059,UMNO,DATO' CIKGU HASHIM,MALE,57,5578,,,,,,,,PAS,UST TUAN SARIPUDIN,MALE,51,12481,,,,,,,,,,,,,,,,,,,,,,,,,,,,,,,
P.028_N.30,KELANTAN,P.028,PASIR PUTEH,N.30,LIMBONGAN,PN - PAS,,35393,9580,59.26,20973,30,157,20786,,,,,,,PKR,CIKGU DIN,MALE,57,5603,,PAS,USTAZAH ASILAH,FEMALE,50,15183,,,,,,,,,,,,,,,,,,,,,,,,,,,,,,,
P.028_N.31,KELANTAN,P.028,PASIR PUTEH,N.31,SEMERAK,PN - PAS,,26781,5828,64.86,17369,24,111,17234,UMNO,SHELA CIKGU ALI GOLOK,FEMALE,41,5703,,,,,,,,PAS,NORSHAM CIKGU ABANG,MALE,58,11531,,,,,,,,,,,,,,,,,,,,,,,,,,,,,,,
P.028_N.32,KELANTAN,P.028,PASIR PUTEH,N.32,GAAL,PN - PAS,,22671,6477,63.64,14428,15,114,14299,UMNO,ALIF,MALE,36,3911,,,,,,,,PAS,USTAZ RODZI,MALE,55,10388,,,,,,,,,,,,,,,,,,,,,,,,,,,,,,,
P.029_N.33,KELANTAN,P.029,MACHANG,N.33,PULAI CHONDONG,PN - PAS,,28169,6037,61.61,17356,33,88,17235,UMNO,FAKHRAN,MALE,26,5599,,,,,,,,PAS,USTAZ AZHAR,MALE,56,11636,,,,,,,,,,,,,,,,,,,,,,,,,,,,,,,
P.029_N.34,KELANTAN,P.029,MACHANG,N.34,TEMANGAN,PN - PAS,,26012,7479,60.6,15764,21,118,15625,,,,,,,PAN,CIKGU KADIR,MALE,61,3967,,PAS,DATO' DR. FADZLI HASSAN,MALE,55,11446,,,,,,,,,,,,,,INDEPENDENT - TREE,PAK TUA FAUZI,MALE,60,212,LOST DEPOSIT,,,,,,,,,,,,
P.029_N.35,KELANTAN,P.029,MACHANG,N.35,KEMUNING,PN - PAS,,35015,5687,59.55,20850,38,163,20649,UMNO,ABE FAKARUDIN,MALE,43,7481,,,,,,,,PAS,LAWYER ZAKHRAN,MALE,40,13168,,,,,,,,,,,,,,,,,,,,,,,,,,,,,,,
P.030_N.36,KELANTAN,P.030,JELI,N.36,BUKIT BUNGA,PN - PPBM,,21722,4152,60.21,13078,17,133,12928,UMNO,DATO' ADHAN,MALE,68,4388,,,,,,,,PPBM,ALMIDI,MALE,47,8540,,,,,,,,,,,,,,,,,,,,,,,,,,,,,,,
P.030_N.37,KELANTAN,P.030,JELI,N.37,AIR LANAS,PN - PPBM,,22468,5009,63.24,14209,20,128,14061,UMNO,NH NASRUL HADI,MALE,42,4526,,,,,,,,PPBM,DATUK KAMARUDIN,MALE,76,9535,,,,,,,,,,,,,,,,,,,,,,,,,,,,,,,
P.030_N.38,KELANTAN,P.030,JELI,N.38,KUALA BALAH,PN - PAS,,15704,2601,62.84,9869,10,88,9771,UMNO,YAMIN ANUAR,MALE,37,3585,,,,,,,,PAS,DATO' HADI,MALE,69,6186,,,,,,,,,,,,,,,,,,,,,,,,,,,,,,,
P.031_N.39,KELANTAN,P.031,KUALA KRAI,N.39,MENGKEBANG,PN - PAS,,26843,9127,60.07,16125,21,169,15935,,,,,,,PKR,ABE YIE,MALE,64,3404,,PAS,HAJI ZUBIR,MALE,50,12531,,,,,,,,,,,,,,,,,,,,,,,,,,,,,,,
P.031_N.40,KELANTAN,P.031,KUALA KRAI,N.40,GUCHIL,PN - PAS,,27785,6294,55.71,15480,21,101,15358,UMNO,DR ZUBER,MALE,61,4532,,,,,,,,PAS,LAWYER MIE,MALE,46,10826,,,,,,,,,,,,,,,,,,,,,,,,,,,,,,,
P.031_N.41,KELANTAN,P.031,KUALA KRAI,N.41,MANEK URAI,PN - PAS,,22611,7490,59.02,13346,13,113,13220,UMNO,CHE NIE,FEMALE,49,2865,,,,,,,,PAS,ABE UJI,MALE,63,10355,,,,,,,,,,,,,,,,,,,,,,,,,,,,,,,
P.031_N.42,KELANTAN,P.031,KUALA KRAI,N.42,DABONG,PN - PAS,,15255,2446,60.59,9243,39,106,9098,UMNO,ABE FIRDAUS,MALE,41,3326,,,,,,,,PAS,TOK IME KU ZAKI,MALE,50,5772,,,,,,,,,,,,,,,,,,,,,,,,,,,,,,,
P.032_N.43,KELANTAN,P.032,GUA MUSANG,N.43,NENGGIRI,PN - PPBM,,20219,810,61.09,12351,7,120,12224,UMNO,AB AZIZ BIN YUSOFF,MALE,62,5707,,,,,,,,PPBM,MOHD AZIZI ABU NAIM,MALE,51,6517,,,,,,,,,,,,,,,,,,,,,,,,,,,,,,,
P.032_N.44,KELANTAN,P.032,GUA MUSANG,N.44,PALOH,PN - PPBM,,21162,2205,60.08,12714,13,92,12609,UMNO,AMRAN ARIFIN,MALE,45,5202,,,,,,,,PPBM,DATO SHAARI,MALE,61,7407,,,,,,,,,,,,,,,,,,,,,,,,,,,,,,,
P.032_N.45,KELANTAN,P.032,GUA MUSANG,N.45,GALAS,BN - UMNO,,29638,3337,61.79,18314,27,140,18147,UMNO,ABE DIN,MALE,42,10742,,,,,,,,PAS,USTAZ JI,MALE,45,7405,,,,,,,,,,,,,,,,,,,,,,,,,,,,,,,
P.033_N.01,TERENGGANU,P.033,BESUT,N.01,KUALA BESUT,PN - PAS,,26992,4119,70.61,19058,13,172,18873,UMNO,TENGKU ZAIHAN,MALE,46,7377,,,,,,,,PAS,HAJI AZBI,MALE,54,11496,,,,,,,,,,,,,,,,,,,,,,,,,,,,,,,
P.033_N.02,TERENGGANU,P.033,BESUT,N.02,KOTA PUTERA,PN - PAS,,32792,3809,70.37,23076,35,130,22911,UMNO,DATO' MUHAMMAD PEHIMI YUSOF,MALE,60,9551,,,,,,,,PAS,HJ KHUZ,MALE,51,13360,,,,,,,,,,,,,,,,,,,,,,,,,,,,,,,
P.033_N.03,TERENGGANU,P.033,BESUT,N.03,JERTIH,PN - PAS,,29088,4723,67.77,19714,24,169,19521,UMNO,ROZAINI @ KOJA,MALE,35,7399,,,,,,,,PAS,DR RIDUAN MOHAMAD NOR,MALE,52,12122,,,,,,,,,,,,,,,,,,,,,,,,,,,,,,,
P.033_N.04,TERENGGANU,P.033,BESUT,N.04,HULU BESUT,PN - PPBM,,23846,2860,69.42,16553,16,167,16370,UMNO,NAWI BIN MOHAMAD,MALE,60,6665,,,,,,,,PPBM,MIE CHE HUSSIN,MALE,49,9525,,,,,,,,,,,,,,INDEPENDENT - BOOK,DR. CIKGU CHE HARUN KAMARIAH,MALE,61,180,LOST DEPOSIT,,,,,,,,,,,,
P.034_N.05,TERENGGANU,P.034,SETIU,N.05,JABI,PN - PAS,,25192,4676,73.44,18502,16,116,18370,UMNO,USTAZ ROSDI ZAKARIA,MALE,49,6847,,,,,,,,PAS,DR. AZMAN,MALE,48,11523,,,,,,,,,,,,,,,,,,,,,,,,,,,,,,,
P.034_N.06,TERENGGANU,P.034,SETIU,N.06,PERMAISURI,PN - PPBM,,30739,7538,72.62,22322,15,171,22136,UMNO,HAMDAN HAMZAH,MALE,52,7299,,,,,,,,PPBM,YUSOP MAJID,MALE,60,14837,,,,,,,,,,,,,,,,,,,,,,,,,,,,,,,
P.034_N.07,TERENGGANU,P.034,SETIU,N.07,LANGKAP,PN - PAS,,22439,2734,73.42,16474,6,96,16372,UMNO,DATO' HAJI SABRI MOHD NOOR,MALE,60,6819,,,,,,,,PAS,AZMI MAAROF,MALE,62,9553,,,,,,,,,,,,,,,,,,,,,,,,,,,,,,,
P.034_N.08,TERENGGANU,P.034,SETIU,N.08,BATU RAKIT,PN - PAS,,29919,6019,77.14,23081,17,153,22911,UMNO,BAZLAN BIN ABDUL RAHMAN,MALE,59,8446,,,,,,,,PAS,USTAZ MOHD SHAFIZI,MALE,39,14465,,,,,,,,,,,,,,,,,,,,,,,,,,,,,,,
P.035_N.09,TERENGGANU,P.035,KUALA NERUS,N.09,TEPUH,PN - PAS,,30448,10894,76.69,23352,26,122,23204,UMNO,MUHAMMAD HANAFI HASAN,MALE,44,6155,,,,,,,,PAS,USTAZ HISHAMUDDIN,MALE,44,17049,,,,,,,,,,,,,,,,,,,,,,,,,,,,,,,
P.035_N.10,TERENGGANU,P.035,KUALA NERUS,N.10,BULUH GADING,PN - PAS,,27845,10366,79.73,22202,14,128,22060,UMNO,OMAR BIN ADAM,MALE,49,5847,,,,,,,,PAS,USTAZ RIDZUAN HASHIM,MALE,51,16213,,,,,,,,,,,,,,,,,,,,,,,,,,,,,,,
P.035_N.11,TERENGGANU,P.035,KUALA NERUS,N.11,SEBERANG TAKIR,PN - PPBM,,27733,2797,78.08,21655,19,121,21515,UMNO,CIKGU RAZIF,MALE,57,9359,,,,,,,,PPBM,USTAZ HAJI KHAZAN,MALE,54,12156,,,,,,,,,,,,,,,,,,,,,,,,,,,,,,,
P.035_N.12,TERENGGANU,P.035,KUALA NERUS,N.12,BUKIT TUNGGAL,PN - PAS,,21055,7721,78.53,16535,16,108,16411,UMNO,WAN NOORISLAM BIN WAN HASHIM,MALE,62,4345,,,,,,,,PAS,HAJI ZAHARUDIN,MALE,55,12066,,,,,,,,,,,,,,,,,,,,,,,,,,,,,,,
P.036_N.13,TERENGGANU,P.036,KUALA TERENGGANU,N.13,WAKAF MEMPELAM,PN - PAS,,34509,18627,76.17,26286,27,196,26063,,,,,,,PKR,WAN HAIKAL,MALE,26,3718,,PAS,USTAZ WAN SUKAIRI,MALE,51,22345,,,,,,,,,,,,,,,,,,,,,,,,,,,,,,,
P.036_N.14,TERENGGANU,P.036,KUALA TERENGGANU,N.14,BANDAR,PN - PAS,,22057,2364,68.09,15019,12,123,14884,UMNO,ARMI IRZAN MOHD,MALE,43,6074,,,,,,,,PAS,USTAZ AHMAD SHAH,MALE,55,8438,,MUDA,LUQMAN LONG,MALE,29,372,LOST DEPOSIT,,,,,,,,,,,,,,,,,,,,,,,,
P.036_N.15,TERENGGANU,P.036,KUALA TERENGGANU,N.15,LADANG,PN - PAS,,26250,4373,72.9,19136,22,161,18953,UMNO,DATUK MAT,MALE,59,7290,,,,,,,,PAS,ZURAIDA MD NOOR,FEMALE,42,11663,,,,,,,,,,,,,,,,,,,,,,,,,,,,,,,
P.036_N.16,TERENGGANU,P.036,KUALA TERENGGANU,N.16,BATU BURUK,PN - PAS,,40759,17668,74.08,30193,30,297,29866,,,,,,,PAN,ZAMIR GHAZALI,MALE,41,6099,,PAS,USTAZ KHALIL,MALE,46,23767,,,,,,,,,,,,,,,,,,,,,,,,,,,,,,,
P.037_N.17,TERENGGANU,P.037,MARANG,N.17,ALUR LIMBAT,PN - PAS,,36087,12656,77.19,27856,34,212,27610,UMNO,CIKGU MOHD YUSERI,MALE,56,7477,,,,,,,,PAS,USTAZ ARIFFIN,MALE,55,20133,,,,,,,,,,,,,,,,,,,,,,,,,,,,,,,
P.037_N.18,TERENGGANU,P.037,MARANG,N.18,BUKIT PAYUNG,PN - PAS,,28823,10956,79.34,22868,19,129,22720,UMNO,MOHD KHAN,MALE,62,5882,,,,,,,,PAS,USTAZ MOHD NOR,MALE,51,16838,,,,,,,,,,,,,,,,,,,,,,,,,,,,,,,
P.037_N.19,TERENGGANU,P.037,MARANG,N.19,RU RENDANG,PN - PAS,,32867,17286,75.37,24773,26,179,24568,,,,,,,PAN,HAJI SUHAIMI,MALE,59,3641,,PAS,DR SAM,MALE,52,20927,,,,,,,,,,,,,,,,,,,,,,,,,,,,,,,
P.037_N.20,TERENGGANU,P.037,MARANG,N.20,PENGKALAN BERANGAN,PN - PAS,,35248,8276,78.91,27814,31,167,27616,UMNO,DATO' HAJI NIK DIR,MALE,65,9670,,,,,,,,PAS,USTAZ SULAIMAN,MALE,47,17946,,,,,,,,,,,,,,,,,,,,,,,,,,,,,,,
P.038_N.21,TERENGGANU,P.038,HULU TERENGGANU,N.21,TELEMUNG,PN - PPBM,,21495,295,77.28,16612,14,133,16465,UMNO,DATO' ROZI MAMAT,MALE,52,8085,,,,,,,,PPBM,CIKGU AWI,MALE,63,8380,,,,,,,,,,,,,,,,,,,,,,,,,,,,,,,
P.038_N.22,TERENGGANU,P.038,HULU TERENGGANU,N.22,MANIR,PN - PAS,,20639,11260,76.91,15873,19,172,15682,,,,,,,PKR,EKA LISUT,FEMALE,61,2211,,PAS,USTAZ HILMI,MALE,46,13471,,,,,,,,,,,,,,,,,,,,,,,,,,,,,,,
P.038_N.23,TERENGGANU,P.038,HULU TERENGGANU,N.23,KUALA BERANG,PN - PAS,,21428,5917,78.05,16725,14,88,16623,UMNO,CG. JALAL,MALE,58,5353,,,,,,,,PAS,DR.MAMAD,MALE,66,11270,,,,,,,,,,,,,,,,,,,,,,,,,,,,,,,
P.038_N.24,TERENGGANU,P.038,HULU TERENGGANU,N.24,AJIL,PN - PAS,,24922,6258,74.67,18610,12,132,18466,UMNO,JAILANI JOHARI,MALE,57,6104,,,,,,,,PAS,USTAZ MALIAMAN KASSIM,MALE,60,12362,,,,,,,,,,,,,,,,,,,,,,,,,,,,,,,
P.039_N.25,TERENGGANU,P.039,DUNGUN,N.25,BUKIT BESI,PN - PAS,,18195,3712,74.17,13495,10,93,13392,UMNO,DATO DIN ADAM,MALE,62,4840,,,,,,,,PAS,HAJI GHAZALI,MALE,59,8552,,,,,,,,,,,,,,,,,,,,,,,,,,,,,,,
P.039_N.26,TERENGGANU,P.039,DUNGUN,N.26,RANTAU ABANG,PN - PAS,,33394,12922,75.38,25171,19,156,24996,UMNO,MOHD ASRI BIN MOHAMAD,MALE,48,6037,,,,,,,,PAS,USTAZ MOHD FADHLI,MALE,35,18959,,,,,,,,,,,,,,,,,,,,,,,,,,,,,,,
P.039_N.27,TERENGGANU,P.039,DUNGUN,N.27,SURA,PN - PAS,,30206,13848,69.89,21111,23,146,20942,,,,,,,PKR,CIKGU OBO OTHMAN BIN OMAR,MALE,63,3547,,PAS,DR DIN,MALE,34,17395,,,,,,,,,,,,,,,,,,,,,,,,,,,,,,,
P.039_N.28,TERENGGANU,P.039,DUNGUN,N.28,PAKA,PN - PAS,,34839,11876,73.7,25676,22,168,25486,UMNO,MAD PAKA,MALE,38,6805,,,,,,,,PAS,DATO' USTAZ SAIFUL BAHRI,MALE,55,18681,,,,,,,,,,,,,,,,,,,,,,,,,,,,,,,
P.040_N.29,TERENGGANU,P.040,KEMAMAN,N.29,KEMASIK,PN - PAS,,28618,6505,74.21,21236,21,164,21051,UMNO,KHAIRI AFIQ,MALE,36,7273,,,,,,,,PAS,IR HJ SAIFUL AZMI,MALE,46,13778,,,,,,,,,,,,,,,,,,,,,,,,,,,,,,,
P.040_N.30,TERENGGANU,P.040,KEMAMAN,N.30,KIJAL,PN - PPBM,,29491,3758,78.65,23194,9,137,23048,UMNO,DATO' SERI (DR.) HJ. AHMAD BIN SAID,MALE,66,9645,,,,,,,,PPBM,TOK LI,MALE,57,13403,,,,,,,,,,,,,,,,,,,,,,,,,,,,,,,
P.040_N.31,TERENGGANU,P.040,KEMAMAN,N.31,CUKAI,PN - PAS,,39153,8106,73.62,28823,21,120,28682,UMNO,DATO' SRI HAJI MOHAMED RAHIM BIN HUSSIN,MALE,64,10288,,,,,,,,PAS,HAJI HANAFIAH MAT,MALE,62,18394,,,,,,,,,,,,,,,,,,,,,,,,,,,,,,,
P.040_N.32,TERENGGANU,P.040,KEMAMAN,N.32,AIR PUTIH,PN - PAS,,43826,10328,75.7,33176,17,159,33000,UMNO,DR. MOHD ZAKI BIN SALLEH,MALE,54,11336,,,,,,,,PAS,MOHD HAFIZ,MALE,45,21664,,,,,,,,,,,,,,,,,,,,,,,,,,,,,,,
P.041_N. 01,PULAU PINANG,P.041,KEPALA BATAS,N. 01,PENAGA,PN - PAS,,25468,5537,82.54,21022,16,97,20909,UMNO,USTAZ MOHD NAIM BIN HJ. SALLEH,MALE,43,7686,,,,,,,,PAS,USTAZ YUSNI,MALE,49,13223,,,,,,,,,,,,,,,,,,,,,,,,,,,,,,,
P.041_N. 02,PULAU PINANG,P.041,KEPALA BATAS,N. 02,BERTAM,BN - UMNO,,23999,2321,78.08,18739,28,126,18585,UMNO,DATO SRI REEZAL MERICAN BIN NAINA MERICAN,MALE,50,10453,,,,,,,,PPBM,KHALIQ MEHTAB,MALE,47,8132,,,,,,,,,,,,,,,,,,,,,,,,,,,,,,,
P.041_N. 03,PULAU PINANG,P.041,KEPALA BATAS,N. 03,PINANG TUNGGAL,PN - PAS,,34723,6928,78.96,27418,30,196,27192,,,,,,,PKR,ZAINUDDIN MOHAMED,MALE,38,10132,,PAS,BUKHORI GHAZALI,MALE,60,17060,,,,,,,,,,,,,,,,,,,,,,,,,,,,,,,
P.042_N. 04,PULAU PINANG,P.042,TASEK GELUGOR,N. 04,PERMATANG BERANGAN,PN - PAS,,28519,8949,81.02,23107,34,122,22951,UMNO,NOR HAFIZAH BINTI OTHMAN,FEMALE,46,7001,,,,,,,,PAS,PAKCIK SOBRI,MALE,58,15950,,,,,,,,,,,,,,,,,,,,,,,,,,,,,,,
P.042_N. 05,PULAU PINANG,P.042,TASEK GELUGOR,N. 05,SUNGAI DUA,PN - PAS,,28100,5509,80.43,22600,50,83,22467,UMNO,DATO DR. SHAIK HUSSEIN MYDIN,MALE,50,8479,,,,,,,,PAS,USTAZ FAUZI,MALE,51,13988,,,,,,,,,,,,,,,,,,,,,,,,,,,,,,,
P.042_N. 06,PULAU PINANG,P.042,TASEK GELUGOR,N. 06,TELOK AYER TAWAR,PN - PPBM,,24784,1947,75.17,18630,22,109,18499,,,,,,,PKR,MOHSEIN SHARIFF,MALE,44,8276,,PPBM,AZMI ALANG,MALE,58,10223,,,,,,,,,,,,,,,,,,,,,,,,,,,,,,,
P.043_N. 07,PULAU PINANG,P.043,BAGAN,N. 07,SUNGAI PUYU,PH - DAP,,35904,21330,74,26569,16,207,26346,,,,,,,DAP,PHEE SYN TZE,FEMALE,38,23838,,PAS,ANDREW TEOW,MALE,39,2508,LOST DEPOSIT,,,,,,,,,,,,,,,,,,,,,,,,,,,,,,
P.043_N. 08,PULAU PINANG,P.043,BAGAN,N. 08,BAGAN JERMAL,PH - DAP,,32529,16149,72.08,23446,25,196,23225,,,,,,,DAP,CHEE YEEH KEEN,MALE,41,19687,,PPBM,CJ ONG,MALE,60,3538,,,,,,,,,,,,,,,,,,,,,,,,,,,,,,,
P.043_N. 09,PULAU PINANG,P.043,BAGAN,N. 09,BAGAN DALAM,PH - DAP,,21221,7542,70.06,14868,24,148,14696,,,,,,,DAP,KUMARAN KRISHNAN @ CALVIN,MALE,45,10506,,PAS,K. JAYARAMAN,MALE,56,2964,,,,,,,,PFP,RAJASAKANAN A/L SINNAKANNU,MALE,65,115,LOST DEPOSIT,INDEPENDENT - TREE,SATEES MUNIANDY,MALE,38,1111,LOST DEPOSIT,,,,,,,,,,,,
P.044_N. 10,PULAU PINANG,P.044,PERMATANG PAUH,N. 10,SEBERANG JAYA,PN - PPBM,,49215,4926,75.29,37054,53,173,36828,,,,,,,PKR,JOHARI KASSIM,MALE,61,15951,,PPBM,IZHAR SHAH DATUK ARIF SHAH,MALE,30,20877,,,,,,,,,,,,,,,,,,,,,,,,,,,,,,,
P.044_N. 11,PULAU PINANG,P.044,PERMATANG PAUH,N. 11,PERMATANG PASIR,PN - PAS,,30464,3108,79.01,24070,24,102,23944,,,,,,,PAN,FAIZ FADZIL,MALE,46,10418,,PAS,HAJI AMIR HAMZAH,MALE,58,13526,,,,,,,,,,,,,,,,,,,,,,,,,,,,,,,
P.044_N. 12,PULAU PINANG,P.044,PERMATANG PAUH,N. 12,PENANTI,PN - PPBM,,28170,3575,77.16,21735,28,110,21597,,,,,,,PKR,USTAZ ROSIDI HUSSAIN,MALE,51,9011,,PPBM,ZULKEFLI BIN BAKAR,MALE,62,12586,,,,,,,,,,,,,,,,,,,,,,,,,,,,,,,
P.045_N. 13,PULAU PINANG,P.045,BUKIT MERTAJAM,N. 13,BERAPIT,PH - DAP,,29076,18053,70.46,20486,19,154,20313,,,,,,,DAP,HENG LEE LEE,FEMALE,43,19183,,GERAKAN,LEE KOK KEONG,MALE,38,1130,LOST DEPOSIT,,,,,,,,,,,,,,,,,,,,,,,,,,,,,,
P.045_N. 14,PULAU PINANG,P.045,BUKIT MERTAJAM,N. 14,MACHANG BUBUK,PH - PKR,,56538,15922,74.1,41897,52,213,41632,,,,,,,PKR,LEE KHAI LOON,MALE,45,28777,,GERAKAN,ANDY TAN HUM WEI,MALE,39,12855,,,,,,,,,,,,,,,,,,,,,,,,,,,,,,,
P.045_N. 15,PULAU PINANG,P.045,BUKIT MERTAJAM,N. 15,PADANG LALANG,PH - DAP,,36001,19448,70.98,25553,31,122,25400,,,,,,,DAP,GOOI ZI SEN,MALE,36,22315,,PPBM,SURESH,MALE,49,2867,LOST DEPOSIT,,,,,,,PFP,OOI KHAR GIAP,MALE,56,218,LOST DEPOSIT,,,,,,,,,,,,,,,,,,
P.046_N. 16,PULAU PINANG,P.046,BATU KAWAN,N. 16,PERAI,PH - DAP,,20479,9139,68.58,14044,11,120,13913,,,,,,,DAP,SUNDARAJOO SOMU,MALE,61,10680,,GERAKAN,SIVASUNTARAM A/L RAJALINGGAM,MALE,52,1541,LOST DEPOSIT,MUDA,VIKY,FEMALE,36,253,LOST DEPOSIT,,,,,,,INDEPENDENT - TREE,DAVID MARSHEL,MALE,48,1439,LOST DEPOSIT,,,,,,,,,,,,
P.046_N. 17,PULAU PINANG,P.046,BATU KAWAN,N. 17,BUKIT TENGAH,PH - PKR,,31635,8697,74.69,23629,18,208,23403,,,,,,,PKR,GOOI HSIAO-LEUNG,MALE,50,16050,,GERAKAN,BALJIT SINGH,MALE,57,7353,,,,,,,,,,,,,,,,,,,,,,,,,,,,,,,
P.046_N. 18,PULAU PINANG,P.046,BATU KAWAN,N. 18,BUKIT TAMBUN,PH - PKR,,37496,17175,73.23,27459,23,173,27263,,,,,,,PKR,GOH CHOON AIK,MALE,49,21985,,GERAKAN,TAN GIA WEI,MALE,43,4810,,,,,,,,,,,,,,INDEPENDENT - HORSE,SAMUGANATHAN A/L MUNIANDY,MALE,57,468,LOST DEPOSIT,,,,,,,,,,,,
P.047_N. 19,PULAU PINANG,P.047,NIBONG TEBAL,N. 19,JAWI,PH - DAP,,36601,15319,71.81,26284,31,290,25963,,,,,,,DAP,H'NG MOOI LYE,MALE,45,20641,,PAS,STEVEN KOH,MALE,42,5322,,,,,,,,,,,,,,,,,,,,,,,,,,,,,,,
P.047_N. 20,PULAU PINANG,P.047,NIBONG TEBAL,N. 20,SUNGAI BAKAP,PN - PAS,,38409,1563,76.88,29530,26,201,29303,,,,,,,PKR,NURHIDAYAH,FEMALE,32,13870,,PAS,ABANG ZAM,MALE,54,15433,,,,,,,,,,,,,,,,,,,,,,,,,,,,,,,
P.047_N. 21,PULAU PINANG,P.047,NIBONG TEBAL,N. 21,SUNGAI ACHEH,BN - UMNO,,26095,124,73.45,19167,29,150,18988,UMNO,RASHIDI BIN ZINOL,MALE,52,9556,,,,,,,,PPBM,ZULKIFLI BIN IBRAHIM,MALE,43,9432,,,,,,,,,,,,,,,,,,,,,,,,,,,,,,,
P.048_N. 22,PULAU PINANG,P.048,BUKIT BENDERA,N. 22,TANJONG BUNGA,PH - DAP,,29477,8827,62.39,18390,59,126,18205,,,,,,,DAP,ZAIRIL KHIR JOHARI,MALE,40,13257,,GERAKAN,HNG CHEE WEY,MALE,46,4430,,,,,,,,PRM,LEE CHUI WAH,FEMALE,63,518,LOST DEPOSIT,,,,,,,,,,,,,,,,,,
P.048_N. 23,PULAU PINANG,P.048,BUKIT BENDERA,N. 23,AIR PUTIH,PH - DAP,,15371,7923,68.85,10583,16,61,10506,,,,,,,DAP,LIM GUAN ENG,MALE,62,8996,,GERAKAN,IVAN KONG,MALE,27,1073,LOST DEPOSIT,,,,,,,PRM,TEH YEE CHEU,MALE,65,437,LOST DEPOSIT,,,,,,,,,,,,,,,,,,
P.048_N. 24,PULAU PINANG,P.048,BUKIT BENDERA,N. 24,KEBUN BUNGA,PH - PKR,,24532,12955,66.33,16273,22,131,16120,,,,,,,PKR,LEE BOON HENG,MALE,37,14159,,GERAKAN,TAN ZHEN ZUNE,MALE,27,1204,LOST DEPOSIT,,,,,,,,,,,,,INDEPENDENT - PEN,RAZALIF BIN MOHAMAD ZAIN,MALE,33,757,LOST DEPOSIT,,,,,,,,,,,,
P.048_N. 25,PULAU PINANG,P.048,BUKIT BENDERA,N. 25,PULAU TIKUS,PH - DAP,,23257,9769,58.99,13719,33,81,13605,,,,,,,DAP,JOSHUA WOO SZE ZENG,MALE,41,11577,,GERAKAN,DAVE TANG,MALE,42,1808,,,,,,,,PRM,GOH CHUIN LOON,FEMALE,56,220,LOST DEPOSIT,,,,,,,,,,,,,,,,,,
P.049_N. 26,PULAU PINANG,P.049,TANJONG,N. 26,PADANG KOTA,PH - DAP,,15165,7116,62.65,9501,16,79,9406,,,,,,,DAP,CHOW KON YEOW,MALE,64,8261,,GERAKAN,H'NG KHOON LENG,MALE,58,1145,LOST DEPOSIT,,,,,,,,,,,,,,,,,,,,,,,,,,,,,,
P.049_N. 27,PULAU PINANG,P.049,TANJONG,N. 27,PENGKALAN KOTA,PH - DAP,,21568,14076,73.68,15892,10,116,15766,,,,,,,DAP,WONG YUEE HARNG,MALE,34,14921,,GERAKAN,S. KARAN MAYAN,MALE,55,845,LOST DEPOSIT,,,,,,,,,,,,,,,,,,,,,,,,,,,,,,
P.049_N. 28,PULAU PINANG,P.049,TANJONG,N. 28,KOMTAR,PH - DAP,,15532,7844,69.69,10824,17,93,10714,,,,,,,DAP,TEH LAI HENG,MALE,42,9279,,PPBM,CHEAH KIM HUAT,MALE,45,1435,,,,,,,,,,,,,,,,,,,,,,,,,,,,,,,
P.050_N. 29,PULAU PINANG,P.050,JELUTONG,N. 29,DATOK KERAMAT,PH - DAP,,26791,8344,69.56,18635,31,152,18452,,,,,,,DAP,JAGDEEP SINGH DEO A/L KARPAL SINGH,MALE,52,13398,,GERAKAN,HENG SEE LIN,FEMALE,42,5054,,,,,,,,,,,,,,,,,,,,,,,,,,,,,,,
P.050_N. 30,PULAU PINANG,P.050,JELUTONG,N. 30,SUNGAI PINANG,PH - DAP,,34416,8288,72.19,24846,38,200,24608,,,,,,,DAP,LIM SIEW KHIM,FEMALE,52,16026,,GERAKAN,NG FOOK ON,MALE,63,7738,,,,,,,,PRM,ABDUL GHANI HAROON,MALE,58,623,LOST DEPOSIT,INDEPENDENT - PEN,ANDREW RAJAH,MALE,52,221,LOST DEPOSIT,,,,,,,,,,,,
P.050_N. 31,PULAU PINANG,P.050,JELUTONG,N. 31,BATU LANCANG,PH - DAP,,33106,19931,72.04,23848,39,148,23661,,,,,,,DAP,ONG AH TEONG,MALE,53,21796,,GERAKAN,MOHD ASWAAD BIN JAAFAR,MALE,40,1865,LOST DEPOSIT,,,,,,,,,,,,,,,,,,,,,,,,,,,,,,
P.051_N. 32,PULAU PINANG,P.051,BUKIT GELUGOR,N. 32,SERI DELIMA,PH - DAP,,31574,12434,64.99,20521,47,140,20334,,,,,,,DAP,CONNIE TAN HOOI PENG,FEMALE,32,16384,,PPBM,A MOHAN,MALE,62,3950,,,,,,,,,,,,,,,,,,,,,,,,,,,,,,,
P.051_N. 33,PULAU PINANG,P.051,BUKIT GELUGOR,N. 33,AIR ITAM,PH - DAP,,23085,9189,68.76,15873,26,124,15723,,,,,,,DAP,JOSEPH NG SOON SIANG,MALE,44,12456,,GERAKAN,CHEANG CHEE GOOI,MALE,73,3267,,,,,,,,,,,,,,,,,,,,,,,,,,,,,,,
P.051_N. 34,PULAU PINANG,P.051,BUKIT GELUGOR,N. 34,PAYA TERUBONG,PH - DAP,,62734,36802,71.05,44574,71,245,44258,,,,,,,DAP,WONG HON WAI,MALE,50,40530,,GERAKAN,ANDREW OOI,MALE,39,3728,LOST DEPOSIT,,,,,,,,,,,,,,,,,,,,,,,,,,,,,,
P.052_N. 35,PULAU PINANG,P.052,BAYAN BARU,N. 35,BATU UBAN,PH - PKR,,43529,16708,68.6,29859,82,136,29641,,,,,,,PKR,A.KUMARESAN,MALE,35,22773,,GERAKAN,MOK KOK ON,MALE,52,6065,,MUDA,KN LEE,FEMALE,59,803,LOST DEPOSIT,,,,,,,,,,,,,,,,,,,,,,,,
P.052_N. 36,PULAU PINANG,P.052,BAYAN BARU,N. 36,PANTAI JEREJAK,PH - PKR,,29890,8597,68.03,20334,41,110,20183,,,,,,,PKR,FAHMI ZAINOL,MALE,31,14116,,GERAKAN,OH TONG KEONG,MALE,55,5519,,MUDA,PRIYANKAA LOH,FEMALE,27,472,LOST DEPOSIT,PRM,RAVINDER SINGH,MALE,80,76,LOST DEPOSIT,,,,,,,,,,,,,,,,,,
P.052_N. 37,PULAU PINANG,P.052,BAYAN BARU,N. 37,BATU MAUNG,PH - PKR,,47226,3221,73.95,34922,52,213,34657,,,,,,,PKR,PROF. DATO' DR. MOHAMAD,MALE,48,18939,,PPBM,AZAHARI BIN ARIS,MALE,57,15718,,,,,,,,,,,,,,,,,,,,,,,,,,,,,,,
P.053_N. 38,PULAU PINANG,P.053,BALIK PULAU,N. 38,BAYAN LEPAS,PH - PAN,,39754,1889,73.63,29269,54,180,29035,,,,,,,PAN,AZRUL MAHATHIR BIN AZIZ,MALE,46,15462,,GERAKAN,DR DOMINIC LAU HOE CHAI,MALE,55,13573,,,,,,,,,,,,,,,,,,,,,,,,,,,,,,,
P.053_N. 39,PULAU PINANG,P.053,BALIK PULAU,N. 39,PULAU BETONG,PN - PAS,,23838,1051,76.07,18134,20,97,18017,,,,,,,PKR,HJ. TUAH B. ISMAIL,MALE,56,8483,,PAS,HJ. SHUKOR,MALE,60,9534,,,,,,,,,,,,,,,,,,,,,,,,,,,,,,,
P.053_N. 40,PULAU PINANG,P.053,BALIK PULAU,N. 40,TELOK BAHANG,PN - PPBM,,17927,944,76.13,13648,22,80,13546,UMNO,AHMAD ZAKI SHAH BIN SHAH HEADAN,MALE,33,6301,,,,,,,,PPBM,KOLONEL MUHAMAD BIN KASIM (B),MALE,62,7245,,,,,,,,,,,,,,,,,,,,,,,,,,,,,,,
P.092_N. 01,SELANGOR,P.092,SABAK BERNAM,N. 01,SUNGAI AIR TAWAR,BN - UMNO,,20026,846,74.9,14999,13,92,14894,UMNO,DATUK HAJI RIZAM ISMAIL,MALE,42,7870,,,,,,,,PPBM,CIKGU ZAIDI SELAMAT,MALE,54,7024,,,,,,,,,,,,,,,,,,,,,,,,,,,,,,,
P.092_N. 02,SELANGOR,P.092,SABAK BERNAM,N. 02,SABAK,PN - PAS,,31816,4215,71.72,22819,18,154,22647,,,,,,,PAN,CIKGU SAMAD BIN HASHIM,MALE,53,9216,,PAS,USTAZ SALLEHEN MUKHYI,MALE,56,13431,,,,,,,,,,,,,,,,,,,,,,,,,,,,,,,
P.093_N. 03,SELANGOR,P.093,SUNGAI BESAR,N. 03,SUNGAI PANJANG,PN - PAS,,40786,3576,75.32,30719,135,206,30378,UMNO,MOHD IMRAN BIN TAMRIN,MALE,36,13401,,,,,,,,PAS,USTAZ RAZALI SAARI,MALE,41,16977,,,,,,,,,,,,,,,,,,,,,,,,,,,,,,,
P.093_N. 04,SELANGOR,P.093,SUNGAI BESAR,N. 04,SEKINCHAN,PH - DAP,,23936,4018,69.47,16628,25,157,16446,,,,,,,DAP,NG SUEE LIM,MALE,53,10232,,PPBM,GOH GAIK MENG,MALE,50,6214,,,,,,,,,,,,,,,,,,,,,,,,,,,,,,,
P.094_N. 05,SELANGOR,P.094,HULU SELANGOR,N. 05,HULU BERNAM,PN - PAS,,30367,669,69.1,20983,22,194,20767,,,,,,,PAN,HAJI AMRAN SAKIR,MALE,59,10049,,PAS,MUIZ MAHYUDDIN,MALE,35,10718,,,,,,,,,,,,,,,,,,,,,,,,,,,,,,,
P.094_N. 06,SELANGOR,P.094,HULU SELANGOR,N. 06,KUALA KUBU BAHARU,PH - DAP,,40015,4119,69.25,27709,27,364,27318,,,,,,,DAP,LEE KEE HIONG,FEMALE,57,14862,,GERAKAN,HENRY TEOH,MALE,42,10743,,MUDA,DR SIVA,MALE,40,1186,LOST DEPOSIT,PRM,CHNG BOON LAI,MALE,63,527,LOST DEPOSIT,,,,,,,,,,,,,,,,,,
P.094_N. 07,SELANGOR,P.094,HULU SELANGOR,N. 07,BATANG KALI,PN - PPBM,,86282,2978,71.86,61999,59,348,61592,UMNO,MOHD ISA BIN ABU KASIM,MALE,58,29307,,,,,,,,PPBM,MUHAIMIN HARITH,MALE,40,32285,,,,,,,,,,,,,,,,,,,,,,,,,,,,,,,
P.095_N. 08,SELANGOR,P.095,TANJONG KARANG,N. 08,SUNGAI BURONG,PN - PAS,,31715,6842,76.38,24224,33,139,24052,UMNO,USTAZ KHIR,MALE,53,8605,,,,,,,,PAS,DR ZAMRI MANTOP,MALE,44,15447,,,,,,,,,,,,,,,,,,,,,,,,,,,,,,,
P.095_N. 09,SELANGOR,P.095,TANJONG KARANG,N. 09,PERMATANG,PN - PPBM,,30796,1728,78.5,24175,16,187,23972,,,,,,,PKR,PAKYA,MALE,57,11122,,PPBM,NURUL NOH OMAR,FEMALE,34,12850,,,,,,,,,,,,,,,,,,,,,,,,,,,,,,,
P.096_N. 10,SELANGOR,P.096,KUALA SELANGOR,N. 10,BUKIT MELAWATI,PN - PPBM,,37956,877,75.82,28780,24,289,28467,,,,,,,PKR,THIBAN A/L SUBBRAMANIAM,MALE,35,13795,,PPBM,HJ. AZLEY YAHYA,MALE,40,14672,,,,,,,,,,,,,,,,,,,,,,,,,,,,,,,
P.096_N. 11,SELANGOR,P.096,KUALA SELANGOR,N. 11,IJOK,PN - PAS,,30662,912,77.7,23823,19,156,23648,,,,,,,PKR,CIKGU AMIDI,MALE,49,11271,,PAS,JEFRI BIN MEJAN,MALE,44,12183,,,,,,,,,,,,,,INDEPENDENT - KEY,CK TAN,MALE,59,194,LOST DEPOSIT,,,,,,,,,,,,
P.096_N. 12,SELANGOR,P.096,KUALA SELANGOR,N. 12,JERAM,PN - PPBM,,36707,5398,77.03,28275,30,181,28064,UMNO,JAHAYA IBRAHIM,MALE,69,11333,,,,,,,,PPBM,HARRISON BIN HASSAN,MALE,49,16731,,,,,,,,,,,,,,,,,,,,,,,,,,,,,,,
P.097_N. 13,SELANGOR,P.097,SELAYANG,N. 13,KUANG,PN - PPBM,,45606,4875,73.87,33690,84,206,33400,UMNO,HASNAL REZUA MERICAN,MALE,53,13619,,,,,,,,PPBM,MOHD RAFIQ ABDULLAH,MALE,47,18494,,,,,,,,,,,,,,INDEPENDENT - TREE,YB. SALLEH AMIRUDDIN,MALE,60,1287,LOST DEPOSIT,,,,,,,,,,,,
P.097_N. 14,SELANGOR,P.097,SELAYANG,N. 14,RAWANG,PH - PKR,,76841,25658,69.1,53097,62,357,52678,,,,,,,PKR,CHUA WEI KIAT,MALE,34,39168,,PPBM,R. REJEAN KUMAR,MALE,25,13510,,,,,,,,,,,,,,,,,,,,,,,,,,,,,,,
P.097_N. 15,SELANGOR,P.097,SELAYANG,N. 15,TAMAN TEMPLER,PH - PAN,,62978,467,71.52,45043,53,198,44792,,,,,,,PAN,ANFAAL SAARI,FEMALE,43,22247,,PAS,ZAIDY ABDUL TALIB,MALE,51,21780,,MUDA,AIDA RAHMAN,FEMALE,30,765,LOST DEPOSIT,,,,,,,,,,,,,,,,,,,,,,,,
P.098_N. 16,SELANGOR,P.098,GOMBAK,N. 16,SUNGAI TUA,PH - PKR,,49055,5185,70.92,34791,33,157,34601,,,,,,,PKR,AMIRUDIN SHARI,MALE,43,19678,,PAS,HANIF JAMALUDDIN,MALE,36,14493,,,,,,,,,,,,,,INDEPENDENT - KEY,SUMAN GOPAL,MALE,35,430,LOST DEPOSIT,,,,,,,,,,,,
P.098_N. 17,SELANGOR,P.098,GOMBAK,N. 17,GOMBAK SETIA,PN - PPBM,,88480,58,70.1,62027,114,297,61616,UMNO,MEGAT ZULKARNAIN OMARDIN,MALE,53,30241,,,,,,,,PPBM,HILMAN IDHAM,MALE,34,30299,,,,,,,,,,,,,,INDEPENDENT - CLOCK,MOHAMED SALIM BIN MOHAMED ALI,MALE,53,1076,LOST DEPOSIT,,,,,,,,,,,,
P.098_N. 18,SELANGOR,P.098,GOMBAK,N. 18,HULU KELANG,PN - PPBM,,71702,1617,69.52,49844,73,194,49577,,,,,,,PKR,JUWAIRIYA ZULKIFLI,FEMALE,38,23980,,PPBM,AZMIN ALI,MALE,58,25597,,,,,,,,,,,,,,,,,,,,,,,,,,,,,,,
P.099_N. 19,SELANGOR,P.099,AMPANG,N. 19,BUKIT ANTARABANGSA,PH - PKR,,69501,16280,67.57,46964,65,173,46726,,,,,,,PKR,KAMRI KAMARUDDIN,MALE,54,30772,,PPBM,SASHA LYNA,FEMALE,40,14492,,MUDA,MELANIE TING,FEMALE,23,1462,LOST DEPOSIT,,,,,,,,,,,,,,,,,,,,,,,,
P.099_N. 20,SELANGOR,P.099,AMPANG,N. 20,LEMBAH JAYA,PH - PKR,,65650,6678,70.28,46141,39,184,45918,,,,,,,PKR,SYED AHMAD @ ALTIMET,MALE,44,26298,,PAS,CIKGU SHARIFAH,FEMALE,45,19620,,,,,,,,,,,,,,,,,,,,,,,,,,,,,,,
P.100_N. 21,SELANGOR,P.100,PANDAN,N. 21,PANDAN INDAH,PH - PAN,,70776,10591,66.09,46778,45,231,46502,,,,,,,PAN,IZHAM HASHIM,MALE,61,27878,,PPBM,FAZIL MOHAMAD DALI (CIKTON),MALE,47,17287,,MUDA,LISA REDZUAN,FEMALE,41,1166,LOST DEPOSIT,,,,,,,INDEPENDENT - PEN,SIVANESWARAN A/L RAMASUNDRAM,MALE,48,171,LOST DEPOSIT,,,,,,,,,,,,
P.100_N. 22,SELANGOR,P.100,PANDAN,N. 22,TERATAI,PH - DAP,,79579,31933,67.07,53375,48,222,53105,,,,,,,DAP,YEW JIA HAUR,MALE,44,42519,,PPBM,CHEW HAN KEAI,MALE,43,10586,,,,,,,,,,,,,,,,,,,,,,,,,,,,,,,
P.101_N. 23,SELANGOR,P.101,HULU LANGAT,N. 23,DUSUN TUA,BN - UMNO,,74419,3014,72.55,53988,76,306,53606,UMNO,JOHAN ABD AZIZ,MALE,56,26755,,,,,,,,PPBM,AZHAR HAMBALI,MALE,53,23741,,MUDA,AL HAFIZ IKHWAN,MALE,33,3110,LOST DEPOSIT,,,,,,,,,,,,,,,,,,,,,,,,
P.101_N. 24,SELANGOR,P.101,HULU LANGAT,N. 24,SEMENYIH,PN - PAS,,97300,1262,75.46,73426,92,460,72874,UMNO,WAN ZULAIKA ANUA,FEMALE,48,35806,,,,,,,,PAS,NUSHI MAHFODZ,MALE,47,37068,,,,,,,,,,,,,,,,,,,,,,,,,,,,,,,
P.102_N. 25,SELANGOR,P.102,BANGI,N. 25,KAJANG,PH - PKR,,109785,34394,71.36,78347,114,358,77875,,,,,,,PKR,DAVID CHEONG,MALE,58,54794,,PPBM,ALLAN LIEW SIN KIN,MALE,64,20400,,PSM,ARUL,MALE,56,2681,LOST DEPOSIT,,,,,,,,,,,,,,,,,,,,,,,,
P.102_N. 26,SELANGOR,P.102,BANGI,N. 26,SUNGAI RAMAL,PN - PAS,,97415,7767,75.07,73126,104,271,72751,,,,,,,PAN,HAJI MAZWAN JOHAR,MALE,54,32492,,PAS,SHAFIE NGAH,MALE,56,40259,,,,,,,,,,,,,,,,,,,,,,,,,,,,,,,
P.102_N. 27,SELANGOR,P.102,BANGI,N. 27,BALAKONG,PH - DAP,,104269,37832,69.83,72811,395,258,72158,,,,,,,DAP,WAYNE ONG CHUN WEI,MALE,34,54995,,PPBM,STEVEN LAI,MALE,43,17163,,,,,,,,,,,,,,,,,,,,,,,,,,,,,,,
P.103_N. 28,SELANGOR,P.103,PUCHONG,N. 28,SERI KEMBANGAN,PH - DAP,,62822,36160,71.09,44660,15,208,44437,,,,,,,DAP,WONG SIEW KI,FEMALE,37,39684,,PPBM,KEN LIAU,MALE,30,3524,LOST DEPOSIT,,,,,,,,,,,,,INDEPENDENT - KEY,SERDANG WONG JUNG LIK,MALE,40,1229,LOST DEPOSIT,,,,,,,,,,,,
P.103_N. 29,SELANGOR,P.103,PUCHONG,N. 29,SERI SERDANG,PH - PAN,,93235,10752,71.16,66348,148,296,65904,,,,,,,PAN,ABBAS AZMI,MALE,43,37411,,PPBM,MOHD SHUKOR,MALE,54,26659,,MUDA,AMIR HADI,MALE,32,1834,LOST DEPOSIT,,,,,,,,,,,,,,,,,,,,,,,,
P.104_N. 30,SELANGOR,P.104,SUBANG,N. 30,KINRARA,PH - DAP,,123782,54535,71.56,88576,124,407,88045,,,,,,,DAP,NG SZE HAN,MALE,51,71290,,PPBM,WONG YONG KANG,MALE,49,16755,,,,,,,,,,,,,,,,,,,,,,,,,,,,,,,
P.104_N. 31,SELANGOR,P.104,SUBANG,N. 31,SUBANG JAYA,PH - DAP,,111970,51191,66.69,74673,174,213,74286,,,,,,,DAP,MICHELLE NG MEI SZE,FEMALE,33,60364,,PPBM,S.GANA,MALE,54,9173,LOST DEPOSIT,MUDA,ZAYD SHAUKAT,MALE,26,4749,LOST DEPOSIT,,,,,,,,,,,,,,,,,,,,,,,,
P.105_N. 32,SELANGOR,P.105,PETALING JAYA,N. 32,SERI SETIA,PH - PKR,,80371,11331,69.6,55942,85,404,55453,,,,,,,PKR,DR.FAHMI NGAH,MALE,48,32367,,PAS,MOHD ZUBIR EMBONG,MALE,51,21036,,MUDA,DOBBY CHEW,MALE,33,1357,LOST DEPOSIT,,,,,,,INDEPENDENT - TREE,HARINDRAN A/L KRISHNAN,MALE,28,693,LOST DEPOSIT,,,,,,,,,,,,
P.105_N. 33,SELANGOR,P.105,PETALING JAYA,N. 33,TAMAN MEDAN,PN - PPBM,,61959,30,72.54,44946,43,301,44602,,,,,,,PKR,AHMAD AKHIR PAWAN CHIK,MALE,55,22286,,PPBM,DR. AFIF BAHARDIN,MALE,38,22316,,,,,,,,,,,,,,,,,,,,,,,,,,,,,,,
P.105_N. 34,SELANGOR,P.105,PETALING JAYA,N. 34,BUKIT GASING,PH - DAP,,54238,24972,60.93,33045,63,110,32872,,,,,,,DAP,RAJIV RISHYAKARAN,MALE,41,28227,,GERAKAN,NALLAN DHANABALAN,MALE,50,3255,LOST DEPOSIT,MUDA,VKK RAJA,MALE,44,1390,LOST DEPOSIT,,,,,,,,,,,,,,,,,,,,,,,,
P.106_N. 35,SELANGOR,P.106,DAMANSARA,N. 35,KAMPUNG TUNKU,PH - DAP,,58357,30378,63.96,37324,63,149,37112,,,,,,,DAP,LIM YI WEI,FEMALE,33,33745,,PPBM,RUBY CHIN,FEMALE,42,3367,LOST DEPOSIT,,,,,,,,,,,,,,,,,,,,,,,,,,,,,,
P.106_N. 36,SELANGOR,P.106,DAMANSARA,N. 36,BANDAR UTAMA,PH - DAP,,73038,35446,64.35,47001,108,153,46740,,,,,,,DAP,JAMALIAH BINTI JAMALUDDIN,FEMALE,34,39845,,GERAKAN,ALIFF TAUFID,MALE,28,4399,LOST DEPOSIT,MUDA,ABE LIM,FEMALE,27,2496,LOST DEPOSIT,,,,,,,,,,,,,,,,,,,,,,,,
P.106_N. 37,SELANGOR,P.106,DAMANSARA,N. 37,BUKIT LANJAN,PH - PKR,,110583,41227,66.22,73232,102,255,72875,,,,,,,PKR,PEI LING,FEMALE,31,57051,,GERAKAN,MUNIRAA ABU BAKAR,FEMALE,37,15824,,,,,,,,,,,,,,,,,,,,,,,,,,,,,,,
P.107_N. 38,SELANGOR,P.107,SUNGAI BULOH,N. 38,PAYA JARAS,PN - PAS,,72563,2086,74.04,53725,66,246,53413,,,,,,,PKR,KHAIRUDDIN OTHMAN,MALE,51,25541,,PAS,DATO' DR HALIM TAMURI,MALE,55,27627,,,,,,,,,,,,,,INDEPENDENT - BOOK,SIFU LINDA,FEMALE,34,245,LOST DEPOSIT,,,,,,,,,,,,
P.107_N. 39,SELANGOR,P.107,SUNGAI BULOH,N. 39,KOTA DAMANSARA,PH - PKR,,90130,5694,71.95,64851,86,308,64457,,,,,,,PKR,IZUAN KASIM,MALE,32,34628,,PPBM,RADZLAN JALALUDIN,MALE,43,28934,,PSM,SIVARAJAN ARUMUGAM,MALE,54,895,LOST DEPOSIT,,,,,,,,,,,,,,,,,,,,,,,,
P.108_N. 40,SELANGOR,P.108,SHAH ALAM,N. 40,KOTA ANGGERIK,PH - PKR,,95104,10834,72.72,69155,114,304,68737,,,,,,,PKR,NAJWAN HALIMI,MALE,38,38470,,PAS,SUKRI OMAR,MALE,36,27636,,MUDA,AZAD AKBAR,MALE,35,2631,LOST DEPOSIT,,,,,,,,,,,,,,,,,,,,,,,,
P.108_N. 41,SELANGOR,P.108,SHAH ALAM,N. 41,BATU TIGA,PH - PAN,,75486,3382,75.6,57069,67,348,56654,,,,,,,PAN,DANIAL AL-RASHID,MALE,36,29064,,PPBM,RINA HARUN,FEMALE,50,25682,,MUDA,CHEDA RAZAK,FEMALE,35,1908,LOST DEPOSIT,,,,,,,,,,,,,,,,,,,,,,,,
P.109_N. 42,SELANGOR,P.109,KAPAR,N. 42,MERU,PH - PAN,,65801,3422,78.73,51808,63,308,51437,,,,,,,PAN,MARIAM ABDUL RASHID,FEMALE,62,26980,,PPBM,HASNIZAM ADHAM,MALE,49,23558,,PSM,SIVARANJANI MANICKAM,FEMALE,42,899,LOST DEPOSIT,,,,,,,,,,,,,,,,,,,,,,,,
P.109_N. 43,SELANGOR,P.109,KAPAR,N. 43,SEMENTA,PN - PAS,,68969,10039,79.61,54905,67,277,54561,,,,,,,PKR,AFRISHAH AZIZI,FEMALE,25,22261,,PAS,USTAZ NAJHAN SALLEH,MALE,51,32300,,,,,,,,,,,,,,,,,,,,,,,,,,,,,,,
P.109_N. 44,SELANGOR,P.109,KAPAR,N. 44,SELAT KLANG,PN - PPBM,,57613,8325,74.66,43012,55,254,42703,UMNO,DATUK HJ MOHD ROSLEE BIN ABD HAMID,MALE,54,16818,,,,,,,,PPBM,DATUK ABDUL RASHID BIN ASARI,MALE,71,25143,,,,,,,,PRM,DATUK EZAM MOHD NOR,MALE,56,742,LOST DEPOSIT,,,,,,,,,,,,,,,,,,
P.110_N. 45,SELANGOR,P.110,KLANG,N. 45,BANDAR BARU KLANG,PH - DAP,,82826,45672,74.85,61993,65,284,61644,,,,,,,DAP,DR. QUAH,MALE,48,53658,,GERAKAN,TAN SENG HUAT,MALE,44,7986,,,,,,,,,,,,,,,,,,,,,,,,,,,,,,,
P.110_N. 46,SELANGOR,P.110,KLANG,N. 46,PELABUHAN KLANG,PH - PKR,,51907,5231,75.31,39091,26,249,38816,,,,,,,PKR,AZMIZAM ZAMAN HURI,MALE,50,21889,,PAS,WAN HASRINA WAN HASSAN,FEMALE,58,16658,,,,,,,,PRM,SYED AHMAD PUTRA,MALE,57,269,LOST DEPOSIT,,,,,,,,,,,,,,,,,,
P.110_N. 47,SELANGOR,P.110,KLANG,N. 47,PANDAMARAN,PH - DAP,,75777,40298,71.91,54488,51,258,54179,,,,,,,DAP,TONY LEONG TUCK CHEE,MALE,47,46999,,PPBM,B.GUNALAN,MALE,47,6701,LOST DEPOSIT,,,,,,,PRM,TAN KANG YAP,MALE,60,479,LOST DEPOSIT,,,,,,,,,,,,,,,,,,
P.111_N. 48,SELANGOR,P.111,KOTA RAJA,N. 48,SENTOSA,PH - PKR,,90270,46349,72.97,65873,84,423,65366,,,,,,,PKR,GUNARAJ G,MALE,59,54601,,GERAKAN,PARAMESWARAN A/L GANASON,MALE,66,8252,,MUDA,TEACHER THANUSHA,FEMALE,24,2357,LOST DEPOSIT,PRM,JEICHANDRAN A/L WADIVELU,MALE,43,156,LOST DEPOSIT,,,,,,,,,,,,,,,,,,
P.111_N. 49,SELANGOR,P.111,KOTA RAJA,N. 49,SUNGAI KANDIS,PN - PPBM,,78605,167,75.62,59440,110,304,59026,,,,,,,PKR,USTAZ ZAWAWI MUGHNI,MALE,52,28759,,PPBM,WAN DZAHANURIN AHMAD,MALE,59,28926,,MUDA,AFRIENA SHAQIRA,FEMALE,25,1341,LOST DEPOSIT,,,,,,,,,,,,,,,,,,,,,,,,
P.111_N. 50,SELANGOR,P.111,KOTA RAJA,N. 50,KOTA KEMUNING,PH - DAP,,81946,24288,72.28,59229,116,242,58871,,,,,,,DAP,PREAKAS SAMPUNATHAN,MALE,41,41254,,GERAKAN,JIMMY CHEW JYH GANG,MALE,54,16966,,,,,,,,PRM,K GUNASEKARAN KUPPAN,MALE,52,651,LOST DEPOSIT,,,,,,,,,,,,,,,,,,
P.112_N. 51,SELANGOR,P.112,KUALA LANGAT,N. 51,SIJANGKANG,PN - PAS,,62907,11308,79.31,49890,43,311,49536,UMNO,AL-HAFIZI,MALE,37,19114,,,,,,,,PAS,DR AHMAD YUNUS,MALE,58,30422,,,,,,,,,,,,,,,,,,,,,,,,,,,,,,,
P.112_N. 52,SELANGOR,P.112,KUALA LANGAT,N. 52,BANTING,PH - DAP,,44972,22102,75.64,34017,29,205,33783,,,,,,,DAP,PAPPARAIDU VERAMAN,MALE,48,27223,,GERAKAN,SARAVANAN A/L MUTTO KRISHNAN,MALE,48,5121,,,,,,,,,,,,,,INDEPENDENT - HORSE,ANG WEI YANG,MALE,23,1439,LOST DEPOSIT,,,,,,,,,,,,
P.112_N. 53,SELANGOR,P.112,KUALA LANGAT,N. 53,MORIB,PN - PPBM,,43828,3843,78.14,34246,29,188,34029,,,,,,,PAN,HJ HASNUL BAHARUDDIN,MALE,55,15093,,PPBM,ROSNIZAN BIN AHMAD,MALE,50,18936,,,,,,,,,,,,,,,,,,,,,,,,,,,,,,,
P.113_N. 54,SELANGOR,P.113,SEPANG,N. 54,TANJONG SEPAT,PH - PKR,,32312,2524,78.62,25403,18,189,25196,,,,,,,PKR,BORHAN BIN AMAN SHAH,MALE,61,13860,,PAS,SABIRIN BIN MARSONO,MALE,55,11336,,,,,,,,,,,,,,,,,,,,,,,,,,,,,,,
P.113_N. 55,SELANGOR,P.113,SEPANG,N. 55,DENGKIL,PN - PPBM,,93931,381,74.24,69731,95,437,69199,UMNO,NOORAZLI BIN SAID,MALE,44,33184,,,,,,,,PPBM,DATUK SERI JAMIL SALLEH,MALE,64,33565,,PSM,DARREN ONG CHUNG LEE,MALE,36,1782,LOST DEPOSIT,PUR,MOHD DAUD LEONG,MALE,58,668,LOST DEPOSIT,,,,,,,,,,,,,,,,,,
P.113_N. 56,SELANGOR,P.113,SEPANG,N. 56,SUNGAI PELEK,PH - DAP,,47335,1458,73.89,34974,40,194,34740,,,,,,,DAP,LWI KIAN KEONG,MALE,47,17984,,PPBM,DATO SUHAIMI GHAZALI,MALE,55,16526,,,,,,,,,,,,,,INDEPENDENT - ELEPHANT,NAGESWARAN RAVI,MALE,34,230,LOST DEPOSIT,,,,,,,,,,,,
P.126_N.01,NEGERI SEMBILAN,P.126,JELEBU,N.01,CHENNAH,PH - DAP,,14554,2200,66.68,9705,14,115,9576,,,,,,,DAP,LOKE SIEW FOOK,MALE,46,5888,,PPBM,ROSMADI BIN ARIF,MALE,51,3688,,,,,,,,,,,,,,,,,,,,,,,,,,,,,,,
P.126_N.02,NEGERI SEMBILAN,P.126,JELEBU,N.02,PERTANG,BN - UMNO,,12897,2790,66.47,8572,11,83,8478,UMNO,JALALUDDIN BIN ALIAS,MALE,59,5634,,,,,,,,PAS,CIKGU AMIR,MALE,64,2844,,,,,,,,,,,,,,,,,,,,,,,,,,,,,,,
P.126_N.03,NEGERI SEMBILAN,P.126,JELEBU,N.03,SUNGAI LUI,BN - UMNO,,20206,535,67.39,13616,18,255,13343,UMNO,MOHD. RAZI BIN MOHD. ALI,MALE,50,6939,,,,,,,,PAS,NORDIN HASIM,MALE,43,6404,,,,,,,,,,,,,,,,,,,,,,,,,,,,,,,
P.126_N.04,NEGERI SEMBILAN,P.126,JELEBU,N.04,KLAWANG,PH - PAN,,13163,577,68.93,9073,10,80,8983,,,,,,,PAN,BAKRI SAWIR,MALE,64,4598,,PPBM,DANNI RAIS,MALE,35,4021,,,,,,,,,,,,,,INDEPENDENT - PEN,ANGAH SAIFUL,MALE,56,364,LOST DEPOSIT,,,,,,,,,,,,
P.127_N.05,NEGERI SEMBILAN,P.127,JEMPOL,N.05,SERTING,PN - PAS,,30287,843,65.89,19957,36,140,19781,UMNO,MUHAMAD ZAMRI OMAR,MALE,56,9469,,,,,,,,PAS,USTAZ FAIRUZ,MALE,47,10312,,,,,,,,,,,,,,,,,,,,,,,,,,,,,,,
P.127_N.06,NEGERI SEMBILAN,P.127,JEMPOL,N.06,PALONG,BN - UMNO,,23494,564,65.8,15458,21,121,15316,UMNO,MUSTAPHA BIN NAGOOR,MALE,55,7940,,,,,,,,PPBM,NOOR AZUAN,MALE,52,7376,,,,,,,,,,,,,,,,,,,,,,,,,,,,,,,
P.127_N.07,NEGERI SEMBILAN,P.127,JEMPOL,N.07,JERAM PADANG,BN - UMNO,,16332,693,63.42,10358,12,115,10231,UMNO,MOHD ZAIDY ABDUL KADIR,MALE,41,5462,,,,,,,,PPBM,SURASH A/L SREENIVASAN,MALE,49,4769,,,,,,,,,,,,,,,,,,,,,,,,,,,,,,,
P.127_N.08,NEGERI SEMBILAN,P.127,JEMPOL,N.08,BAHAU,PH - DAP,,25769,8408,60.6,15617,15,132,15470,,,,,,,DAP,TEO KOK SEONG,MALE,43,11939,,PAS,P. M. KUMAR,MALE,53,3531,,,,,,,,,,,,,,,,,,,,,,,,,,,,,,,
P.128_N.09,NEGERI SEMBILAN,P.128,SEREMBAN,N.09,LENGGENG,BN - UMNO,,27386,685,73.08,20014,45,170,19799,UMNO,HJ ASNA,MALE,44,10040,,,,,,,,PAS,HAJI FADLI CHE ME,MALE,50,9355,,,,,,,,,,,,,,INDEPENDENT - BOOK,ZUL AZKI MAT SULOP,MALE,57,404,LOST DEPOSIT,,,,,,,,,,,,
P.128_N.10,NEGERI SEMBILAN,P.128,SEREMBAN,N.10,NILAI,PH - DAP,,42168,10889,68.99,29091,24,203,28864,,,,,,,DAP,J ARUL KUMAR,MALE,37,19133,,PPBM,GAN CHEE BIOW,MALE,56,8244,,,,,,,,,,,,,,INDEPENDENT - KEY,OMAR BIN MOHD ISA,MALE,57,1430,LOST DEPOSIT,INDEPENDENT - CANOE,YESSU,MALE,47,57,LOST DEPOSIT,,,,,,
P.128_N.11,NEGERI SEMBILAN,P.128,SEREMBAN,N.11,LOBAK,PH - DAP,,23193,13504,66.06,15321,12,99,15210,,,,,,,DAP,CHEW SEH YONG,MALE,61,14357,,GERAKAN,NG SOON LEAN,FEMALE,58,853,LOST DEPOSIT,,,,,,,,,,,,,,,,,,,,,,,,,,,,,,
P.128_N.12,NEGERI SEMBILAN,P.128,SEREMBAN,N.12,TEMIANG,PH - DAP,,13085,3068,69.31,9069,14,63,8992,,,,,,,DAP,NG CHIN TSAI,MALE,45,5710,,GERAKAN,CHUA ENG PU,MALE,54,2642,,MUDA,QUSYAIRY AHMAD,MALE,34,640,LOST DEPOSIT,,,,,,,,,,,,,,,,,,,,,,,,
P.128_N.13,NEGERI SEMBILAN,P.128,SEREMBAN,N.13,SIKAMAT,PH - PKR,,32343,2662,72.49,23444,67,157,23220,,,,,,,PKR,AMINUDDIN HARUN,MALE,56,12730,,PPBM,RAIHAN HILAL,MALE,33,10068,,,,,,,,,,,,,,INDEPENDENT - GLASSES,BUJANG BIN ABU,MALE,71,83,LOST DEPOSIT,INDEPENDENT - HOUSE,MOHAMMED HAFIZ (TOK MERAH),MALE,47,339,LOST DEPOSIT,,,,,,
P.128_N.14,NEGERI SEMBILAN,P.128,SEREMBAN,N.14,AMPANGAN,PH - PKR,,20992,329,71.28,14963,26,79,14858,,,,,,,PKR,TENGKU ZAMRAH BINTI TENGKU SULAIMAN,FEMALE,64,6054,,PPBM,MUHAMMAD GHAZALI BIN ZAINAL ABIDIN,MALE,37,5725,,,,,,,,,,,,,,INDEPENDENT - TREE,DATO' DR MOHAMAD RAFIE BIN AB MALEK,MALE,59,3079,,,,,,,,,,,,,
P.129_N.15,NEGERI SEMBILAN,P.129,KUALA PILAH,N.15,JUASSEH,BN - UMNO,,13408,78,68.03,9122,15,87,9020,UMNO,PUAN SRI BIBI SHARLIZA,FEMALE,52,4549,,,,,,,,PPBM,EDDIN SYAZLEE BIN SHITH,MALE,49,4471,,,,,,,,,,,,,,,,,,,,,,,,,,,,,,,
P.129_N.16,NEGERI SEMBILAN,P.129,KUALA PILAH,N.16,SERI MENANTI,BN - UMNO,,10045,370,70.96,7128,7,69,7052,UMNO,USTAZ SUFIAN MARADZI,MALE,40,3711,,,,,,,,PPBM,JAMALI BIN SALAM,MALE,70,3341,,,,,,,,,,,,,,,,,,,,,,,,,,,,,,,
P.129_N.17,NEGERI SEMBILAN,P.129,KUALA PILAH,N.17,SENALING,BN - UMNO,,9886,662,69.31,6852,13,53,6786,UMNO,ISMAIL LASIM,MALE,64,3724,,,,,,,,PPBM,AMRINA BINTI MOHD KHALID,FEMALE,52,3062,,,,,,,,,,,,,,,,,,,,,,,,,,,,,,,
P.129_N.18,NEGERI SEMBILAN,P.129,KUALA PILAH,N.18,PILAH,PH - PKR,,17692,1079,64.96,11493,25,103,11365,,,,,,,PKR,NOORZUNITA BEGUM MOHD IBRAHIM,FEMALE,42,6222,,PAS,CIKGU RAFIEI,MALE,69,5143,,,,,,,,,,,,,,,,,,,,,,,,,,,,,,,
P.129_N.19,NEGERI SEMBILAN,P.129,KUALA PILAH,N.19,JOHOL,BN - UMNO,,12313,2117,68.32,8412,7,66,8339,UMNO,HJ SAIFUL YAZAN SULAIMAN,MALE,56,5228,,,,,,,,PAS,HJ KAMARUDIN TAHIR,MALE,75,3111,,,,,,,,,,,,,,,,,,,,,,,,,,,,,,,
P.130_N.20,NEGERI SEMBILAN,P.130,RASAH,N.20,LABU,PN - PPBM,,30478,1640,71.77,21873,32,159,21682,,,,,,,PKR,HJ ISMAIL BIN AHMAD,MALE,67,10021,,PPBM,ANIP ABU BAKER,MALE,42,11661,,,,,,,,,,,,,,,,,,,,,,,,,,,,,,,
P.130_N.21,NEGERI SEMBILAN,P.130,RASAH,N.21,BUKIT KEPAYANG,PH - DAP,,46229,19684,66.33,30664,68,107,30489,,,,,,,DAP,NICOLE TAN LEE KOON,FEMALE,52,24626,,PPBM,SUBRAMANIAM A/L PURUSHOTHAMA,MALE,62,4942,,,,,,,,,,,,,,INDEPENDENT - SPECTACLES,AHMAD ZAMALI MOHAMAD,MALE,49,921,LOST DEPOSIT,,,,,,,,,,,,
P.130_N.22,NEGERI SEMBILAN,P.130,RASAH,N.22,RAHANG,PH - DAP,,20182,6432,66.77,13476,20,152,13304,,,,,,,DAP,SIAU MEOW KONG,MALE,51,9868,,GERAKAN,LEE BOON SHIN,MALE,38,3436,,,,,,,,,,,,,,,,,,,,,,,,,,,,,,,
P.130_N.23,NEGERI SEMBILAN,P.130,RASAH,N.23,MAMBAU,PH - DAP,,28952,14940,67.2,19456,20,135,19301,,,,,,,DAP,YAP YEW WENG,MALE,59,17039,,PAS,SATHES KUMAR NILAMEHAM,MALE,43,2099,LOST DEPOSIT,,,,,,,,,,,,,INDEPENDENT - HOE,KUMARAVEL A/L RAMIAH,MALE,50,163,LOST DEPOSIT,,,,,,,,,,,,
P.130_N.24,NEGERI SEMBILAN,P.130,RASAH,N.24,SEREMBAN JAYA,PH - DAP,,32290,12703,67.09,21664,36,171,21457,,,,,,,DAP,P.GUNA,MALE,64,17080,,GERAKAN,GARY LEE,MALE,48,4377,,,,,,,,,,,,,,,,,,,,,,,,,,,,,,,
P.131_N.25,NEGERI SEMBILAN,P.131,REMBAU,N.25,PAROI,PN - PAS,,60704,5539,71.62,43475,91,299,43085,,,,,,,PAN,NORWANI AHMAT,FEMALE,47,18301,,PAS,HJ KAMAROL RIDZUAN,MALE,56,23840,,,,,,,,,,,,,,INDEPENDENT - TREE,SYAKIR FITRI,MALE,25,944,LOST DEPOSIT,,,,,,,,,,,,
P.131_N.26,NEGERI SEMBILAN,P.131,REMBAU,N.26,CHEMBONG,BN - UMNO,,25625,4335,71.76,18389,39,163,18187,UMNO,DATO' HAJI ZAIFULBAHRI BIN HAJI IDRIS,MALE,55,11261,,,,,,,,PPBM,BAKLY BIN BABA,MALE,70,6926,,,,,,,,,,,,,,,,,,,,,,,,,,,,,,,
P.131_N.27,NEGERI SEMBILAN,P.131,REMBAU,N.27,RANTAU,BN - UMNO,,32890,10280,72.47,23834,39,161,23634,UMNO,TOK MAT,MALE,67,16957,,,,,,,,PAS,ROZMAL BIN MALAKAN,MALE,57,6677,,,,,,,,,,,,,,,,,,,,,,,,,,,,,,,
P.131_N.28,NEGERI SEMBILAN,P.131,REMBAU,N.28,KOTA,BN - UMNO,,16510,135,71.01,11723,24,96,11603,UMNO,SUHAIMI BIN AINI,MALE,43,5869,,,,,,,,PPBM,SHUKRI BIN SHUKOR,MALE,61,5734,,,,,,,,,,,,,,,,,,,,,,,,,,,,,,,
P.132_N.29,NEGERI SEMBILAN,P.132,PORT DICKSON,N.29,CHUAH,PH - PKR,,15095,6298,67.3,10159,12,101,10046,,,,,,,PKR,YEW BOON LYE,MALE,52,8172,,GERAKAN,TANG JAY SON,MALE,49,1874,,,,,,,,,,,,,,,,,,,,,,,,,,,,,,,
P.132_N.30,NEGERI SEMBILAN,P.132,PORT DICKSON,N.30,LUKUT,PH - DAP,,26806,10135,64.98,17418,16,145,17257,,,,,,,DAP,CHOO KEN HWA,MALE,46,13696,,PAS,S. RAGU,MALE,49,3561,,,,,,,,,,,,,,,,,,,,,,,,,,,,,,,
P.132_N.31,NEGERI SEMBILAN,P.132,PORT DICKSON,N.31,BAGAN PINANG,PN - PAS,,27790,3426,75.68,21031,30,2585,18416,UMNO,NAJIB TAN SRI ISA,MALE,44,7495,,,,,,,,PAS,USTAZ FATAH,MALE,57,10921,,,,,,,,,,,,,,,,,,,,,,,,,,,,,,,
P.132_N.32,NEGERI SEMBILAN,P.132,PORT DICKSON,N.32,LINGGI,BN - UMNO,,20696,1461,70.31,14551,250,98,14203,UMNO,DATUK MOHD FAIZAL RAMLI,MALE,51,7832,,,,,,,,PPBM,ZAMRI BIN MD SAID,MALE,51,6371,,,,,,,,,,,,,,,,,,,,,,,,,,,,,,,
P.132_N.33,NEGERI SEMBILAN,P.132,PORT DICKSON,N.33,SRI TANJUNG,PH - PKR,,19431,3996,64.84,12599,19,98,12482,,,,,,,PKR,DR.RAJA,MALE,42,8239,,PPBM,ZABIDI BIN ARIFFIN,MALE,60,4243,,,,,,,,,,,,,,,,,,,,,,,,,,,,,,,
P.133_N.34,NEGERI SEMBILAN,P.133,TAMPIN,N.34,GEMAS,PN - PPBM,,29648,3120,68.99,20453,16,251,20186,UMNO,ABD RAZAK BIN AB SAID,MALE,58,8533,,,,,,,,PPBM,HAJI RIDZUAN AHMAD,MALE,46,11653,,,,,,,,,,,,,,,,,,,,,,,,,,,,,,,
P.133_N.35,NEGERI SEMBILAN,P.133,TAMPIN,N.35,GEMENCHEH,BN - UMNO,,24602,2434,63.08,15519,20,123,15376,UMNO,SUHAIMIZAN BIZAR (HAI),MALE,39,8905,,,,,,,,PAS,USTAZ TENGKU,MALE,64,6471,,,,,,,,,,,,,,,,,,,,,,,,,,,,,,,
P.133_N.36,NEGERI SEMBILAN,P.133,TAMPIN,N.36,REPAH,PH - DAP,,27284,5950,63.32,17277,20,193,17064,,,,,,,DAP,VEERAPAN A/L SUPERAMANIAM,MALE,48,11507,,GERAKAN,ELAINE YONG LI YI,FEMALE,34,5557,,,,,,,,,,,,,,,,,,,,,,,,,,,,,,,
