UNIQUE CODE,STATE,PARLIAMENTARY CODE,PARLIAMENTARY NAME,STATE CONSTITUENCY CODE,STATE CONSTITUENCY NAME,TOTAL ELECTORS,MALAY (%),CHINESE (%),INDIANS (%),ORANG ASLI (%),BUMIPUTERA SABAH (%),BUMIPUTERA SARAWAK (%),OTHERS (%),ELECTORS - NORMAL VOTERS (%),ELECTORS - ABSENT VOTERS (%),ELECTORS - POLICE (%),ELECTORS - MILITARY (%),18-20 (%),21-29 (%),30-39 (%),40-49 (%),50-59 (%),60-69 (%),70-79 (%),80-89 (%),ABOVE 90 (%),MALE ELECTORS (%),WOMEN ELECTORS (%),URBAN-RURAL CLASSIFICATION (2023)
P.004_N.01,KEDAH,P.004,LANGKAWI,N.01,AYER HANGAT,33156,95.01,1.25,2.60,0.07,0.24,0.13,0.71,98.49,0.00,1.51,0.00,7.7,26.4,22.7,17.6,12.9,7.9,3.6,1.1,0.2,50.6,49.4,SEMI URBAN
P.004_N.02,KEDAH,P.004,LANGKAWI,N.02,KUAH,34694,84.47,11.92,2.15,0.04,0.36,0.19,0.87,97.50,0.01,1.36,1.14,7.9,25.6,22.8,17.4,13.6,8.2,3.2,0.9,0.2,51.3,48.7,SEMI URBAN
P.005_N.03,KEDAH,P.005,JERLUN,N.03,KOTA SIPUTEH,29777,91.58,6.85,0.12,0.01,0.04,0.02,1.38,99.95,0.00,0.05,0.00,5.7,19.7,21.7,17.8,15.1,11.4,6.2,2.1,0.3,49.3,50.7,RURAL
P.005_N.04,KEDAH,P.005,JERLUN,N.04,AYER HITAM,37819,90.24,6.58,0.10,0.01,0.07,0.03,2.97,99.94,0.01,0.05,0.00,5.4,18.6,21.3,17.8,15.6,12,6.7,2.1,0.3,49.1,50.9,SEMI URBAN
P.006_N.05,KEDAH,P.006,KUBANG PASU,N.05,BUKIT KAYU HITAM,46054,89.32,6.59,2.11,0.02,0.29,0.22,1.44,97.49,0.00,0.79,1.71,6.7,22.5,22.9,17,13.3,10.3,5.6,1.6,0.2,50.2,49.8,SEMI URBAN
P.006_N.06,KEDAH,P.006,KUBANG PASU,N.06,JITRA,63059,83.82,10.09,4.28,0.02,0.10,0.08,1.61,97.75,0.02,0.61,1.62,7.6,25.3,23.4,15.5,12,10,4.6,1.4,0.2,49.3,50.7,SEMI URBAN
P.007_N.07,KEDAH,P.007,PADANG TERAP,N.07,KUALA NERANG,31481,96.77,1.51,0.16,0.02,0.07,0.04,1.43,99.38,0.00,0.61,0.00,6.2,22.3,23.6,16.8,13.9,10.6,4.6,1.7,0.3,49.2,50.8,RURAL
P.007_N.08,KEDAH,P.007,PADANG TERAP,N.08,PEDU,28606,85.97,1.09,0.12,0.01,0.06,0.01,12.75,99.93,0.00,0.07,0.00,5.9,21.4,23,18.4,14.4,9.5,5.1,2,0.2,48.7,51.3,RURAL
P.008_N.09,KEDAH,P.008,POKOK SENA,N.09,BUKIT LADA,40729,90.00,7.09,1.87,0.01,0.05,0.03,0.94,99.97,0.00,0.03,0.00,6.2,21.9,22.7,17.3,13.9,10.2,5.5,2,0.3,49.5,50.5,RURAL
P.008_N.10,KEDAH,P.008,POKOK SENA,N.10,BUKIT PINANG,36791,93.14,5.34,0.94,0.03,0.12,0.10,0.35,95.94,0.01,0.13,3.92,5.6,20.9,23.5,17.3,13.3,11.1,6,2.1,0.3,49.6,50.4,SEMI URBAN
P.008_N.11,KEDAH,P.008,POKOK SENA,N.11,DERGA,37738,61.27,32.96,4.57,0.02,0.10,0.08,1.00,97.80,0.04,2.16,0.00,4.9,19.7,23.2,17,13.4,12.5,6.8,2.3,0.3,49.5,50.5,URBAN
P.009_N.12,KEDAH,P.009,ALOR STAR,N.12,SUKA MENANTI,41957,72.20,23.19,4.02,0.01,0.06,0.05,0.46,99.98,0.02,0.00,0.00,5.2,20,23.3,17.8,13.3,11.6,6.4,2,0.3,48.2,51.8,URBAN
P.009_N.13,KEDAH,P.009,ALOR STAR,N.13,KOTA DARUL AMAN,25829,35.57,56.59,6.79,0.01,0.14,0.07,0.82,97.43,0.02,2.55,0.00,3,12.2,17.5,15.8,15.9,18.6,11.7,3.8,1.5,50.5,49.5,URBAN
P.009_N.14,KEDAH,P.009,ALOR STAR,N.14,ALOR MENGKUDU,38193,72.59,23.81,2.73,0.02,0.07,0.03,0.76,99.99,0.01,0.00,0.00,6.3,22.2,23,16.5,13.4,11.1,5.5,1.7,0.3,48.6,51.4,SEMI URBAN
P.010_N.15,KEDAH,P.010,KUALA KEDAH,N.15,ANAK BUKIT,36491,88.70,9.43,1.30,0.01,0.05,0.03,0.48,99.90,0.01,0.09,0.00,5.9,20.1,21.5,17.4,14.6,12.2,5.9,2,0.3,48.4,51.6,SEMI URBAN
P.010_N.16,KEDAH,P.010,KUALA KEDAH,N.16,KUBANG ROTAN,50233,70.50,27.80,0.98,0.01,0.04,0.04,0.63,99.96,0.01,0.03,0.00,6.2,21.4,22.8,17.9,13.2,10.9,5.5,1.7,0.3,49.4,50.6,SEMI URBAN
P.010_N.17,KEDAH,P.010,KUALA KEDAH,N.17,PENGKALAN KUNDOR,46235,72.08,26.16,1.26,0.00,0.03,0.04,0.42,99.95,0.01,0.05,0.00,5.9,21.6,22.5,17.6,13.5,11.4,5.5,1.8,0.2,49.2,50.8,SEMI URBAN
P.011_N.18,KEDAH,P.011,PENDANG,N.18,TOKAI,45374,91.58,7.69,0.25,0.01,0.05,0.04,0.38,99.60,0.00,0.40,0.00,5.9,19.7,21.5,18.2,14.8,11.2,6.2,2.2,0.3,48.3,51.7,SEMI URBAN
P.011_N.19,KEDAH,P.011,PENDANG,N.19,SUNGAI TIANG,49414,85.68,1.93,0.76,0.01,0.03,0.01,11.57,99.93,0.00,0.06,0.00,6,21.4,22.2,17.6,14.8,10.6,5.2,2,0.3,48.8,51.2,RURAL
P.012_N.20,KEDAH,P.012,JERAI,N.20,SUNGAI LIMAU,34283,94.08,5.61,0.07,0.00,0.04,0.01,0.20,99.99,0.01,0.00,0.00,5.2,18.4,20.5,18.9,16.6,11.6,6.1,2.3,0.3,48.5,51.5,RURAL
P.012_N.21,KEDAH,P.012,JERAI,N.21,GUAR CHEMPEDAK,30085,89.83,9.14,0.69,0.01,0.08,0.03,0.22,99.37,0.02,0.61,0.00,6.2,22.4,21.6,16.7,14.6,11,5.4,1.8,0.4,49.3,50.7,SEMI URBAN
P.012_N.22,KEDAH,P.012,JERAI,N.22,GURUN,40941,62.67,21.61,14.79,0.03,0.08,0.05,0.77,99.69,0.00,0.18,0.13,7.1,22.6,20.8,17.3,14.2,10.4,5.4,1.8,0.4,49.8,50.2,SEMI URBAN
P.013_N.23,KEDAH,P.013,SIK,N.23,BELANTEK,28165,93.03,1.63,0.20,0.02,0.17,0.04,4.92,99.44,0.00,0.56,0.00,6,21.2,22.8,18,14.7,10.2,4.9,1.9,0.3,49.3,50.7,RURAL
P.013_N.24,KEDAH,P.013,SIK,N.24,JENERI,35097,92.16,1.29,0.12,0.02,0.03,0.03,6.34,99.95,0.01,0.04,0.00,6,20.8,23.4,19.1,13.5,9.9,5.3,1.6,0.2,49.3,50.7,RURAL
P.014_N.25,KEDAH,P.014,MERBOK,N.25,BUKIT SELAMBAU,79518,61.36,17.42,20.08,0.02,0.15,0.09,0.88,99.39,0.03,0.58,0.00,8.2,26.2,21.7,15.6,13,10.2,3.9,0.9,0.2,49.1,50.9,URBAN
P.014_N.26,KEDAH,P.014,MERBOK,N.26,TANJONG DAWAI,54629,81.20,11.69,5.69,0.08,0.34,0.55,0.45,91.23,0.01,0.06,8.70,6.3,23,24.4,18.2,12.9,8.9,4.7,1.4,0.2,50.6,49.4,SEMI URBAN
P.015_N.27,KEDAH,P.015,SUNGAI PETANI,N.27,PANTAI MERDEKA,51502,91.11,6.05,2.37,0.02,0.07,0.05,0.34,99.93,0.01,0.06,0.00,7.3,25.3,21.1,15.9,14.8,9.8,4.3,1.4,0.2,49.2,50.8,SEMI URBAN
P.015_N.28,KEDAH,P.015,SUNGAI PETANI,N.28,BAKAR ARANG,57867,47.58,36.99,14.64,0.01,0.08,0.04,0.64,99.71,0.03,0.26,0.00,5.7,22.4,22.2,16.1,14,12.1,5.5,1.6,0.4,48.7,51.3,URBAN
P.015_N.29,KEDAH,P.015,SUNGAI PETANI,N.29,SIDAM,60983,49.29,30.81,18.70,0.02,0.12,0.06,0.99,99.99,0.01,0.00,0.00,8.7,24.7,19.5,16.4,14.1,10.2,4.7,1.5,0.3,48.9,51.1,URBAN
P.016_N.30,KEDAH,P.016,BALING,N.30,BAYU,47613,92.97,3.58,0.66,0.39,0.11,0.07,2.22,99.39,0.00,0.61,0.00,5.8,21,22.3,17.9,14.8,10.5,5.3,2,0.3,49.1,50.9,SEMI URBAN
P.016_N.31,KEDAH,P.016,BALING,N.31,KUPANG,42720,92.33,3.36,2.50,0.01,0.06,0.04,1.69,99.94,0.00,0.06,0.00,6.1,22,22.8,17.8,14,10.4,4.9,1.6,0.3,49,51,SEMI URBAN
P.016_N.32,KEDAH,P.016,BALING,N.32,KUALA KETIL,42184,82.35,5.68,11.08,0.01,0.09,0.03,0.75,99.90,0.01,0.09,0.00,6.4,22.6,22.4,17.4,14.6,9.9,4.6,1.7,0.4,48.8,51.2,RURAL
P.017_N.33,KEDAH,P.017,PADANG SERAI,N.33,MERBAU PULAS,53323,76.68,6.74,15.89,0.00,0.09,0.10,0.50,99.88,0.01,0.11,0.00,9.1,26.3,19.4,16.7,14.1,8.9,4,1.2,0.2,48.7,51.3,SEMI URBAN
P.017_N.34,KEDAH,P.017,PADANG SERAI,N.34,LUNAS,82212,53.69,24.29,21.30,0.01,0.07,0.06,0.59,99.96,0.01,0.03,0.00,8.6,26.7,20.8,15.8,13.5,9.4,3.8,1.2,0.2,49.2,50.8,URBAN
P.018_N.35,KEDAH,P.018,KULIM-BANDAR BAHARU,N.35,KULIM,54169,63.40,19.40,16.51,0.02,0.14,0.08,0.45,97.56,0.01,2.43,0.00,6.2,22.5,22.6,16.6,14.2,11,4.9,1.5,0.4,49.5,50.5,URBAN
P.018_N.36,KEDAH,P.018,KULIM-BANDAR BAHARU,N.36,BANDAR BAHARU,36164,79.98,13.30,6.36,0.02,0.09,0.06,0.20,99.44,0.00,0.55,0.00,5.8,20.7,21.2,18.1,15.1,10.9,5.8,2.2,0.3,49.4,50.6,RURAL
P.019_N.01,KELANTAN,P.019,TUMPAT,N.01,PENGKALAN KUBOR,36492,92.54,0.90,0.09,0.02,0.04,0.03,6.38,99.70,0.00,0.30,0.00,6.5,21.5,22.8,17.1,13.9,10.1,5.1,2.1,0.9,51.2,48.8,SEMI URBAN
P.019_N.02,KELANTAN,P.019,TUMPAT,N.02,KELABORAN,38198,92.48,1.95,0.26,0.03,0.06,0.04,5.17,99.39,0.00,0.61,0.00,6.5,22.9,24.3,16.8,13.5,9.8,4.4,1.4,0.5,50.2,49.8,SEMI URBAN
P.019_N.03,KELANTAN,P.019,TUMPAT,N.03,PASIR PEKAN,39119,97.07,2.40,0.10,0.01,0.04,0.02,0.36,99.94,0.03,0.03,0.00,7.2,24.6,24.8,16.9,12.2,8.8,4.1,1.2,0.2,49.3,50.7,URBAN
P.019_N.04,KELANTAN,P.019,TUMPAT,N.04,WAKAF BHARU,36439,86.78,9.51,0.10,0.02,0.03,0.03,3.54,99.88,0.01,0.11,0.00,7,22.5,23.2,16.9,13.7,10,4.9,1.6,0.3,49.3,50.7,SEMI URBAN
P.020_N.05,KELANTAN,P.020,PENGKALAN CHEPA,N.05,KIJANG,30405,95.34,2.53,0.07,0.01,0.05,0.02,1.99,99.94,0.01,0.06,0.00,7.1,24.1,24.4,18.2,12.6,8.4,3.9,1.1,0.3,49.2,50.8,SEMI URBAN
P.020_N.06,KELANTAN,P.020,PENGKALAN CHEPA,N.06,CHEMPAKA,34641,98.60,0.76,0.06,0.01,0.10,0.08,0.38,95.69,0.02,0.00,4.30,7.1,24.8,26.5,17.1,11.7,8,3.6,0.9,0.2,50.1,49.9,URBAN
P.020_N.07,KELANTAN,P.020,PENGKALAN CHEPA,N.07,PANCHOR,42768,96.73,2.21,0.22,0.05,0.16,0.09,0.55,97.11,0.03,2.86,0.00,8.3,27,26.2,15.5,11,7.9,3.3,0.8,0.2,49.4,50.6,URBAN
P.021_N.08,KELANTAN,P.021,KOTA BHARU,N.08,TANJONG MAS,45579,90.36,7.70,0.43,0.03,0.06,0.03,1.41,99.98,0.02,0.00,0.00,6.4,24.7,27.4,16.4,11.4,8.7,3.9,0.9,0.2,49.4,50.6,URBAN
P.021_N.09,KELANTAN,P.021,KOTA BHARU,N.09,KOTA LAMA,33043,66.18,30.99,1.51,0.01,0.11,0.07,1.13,97.25,0.01,2.74,0.00,3.6,13.2,18.8,17.7,17.1,16.3,9.3,3,0.9,49.6,50.4,URBAN
P.021_N.10,KELANTAN,P.021,KOTA BHARU,N.10,BUNUT PAYONG,36844,93.77,5.17,0.46,0.01,0.04,0.03,0.52,99.97,0.03,0.00,0.00,5.6,21.6,24.4,17.4,13.6,10.4,5.3,1.5,0.3,49,51,URBAN
P.022_N.11,KELANTAN,P.022,PASIR MAS,N.11,TENDONG,31768,97.83,1.60,0.03,0.02,0.04,0.01,0.47,99.96,0.00,0.04,0.00,6.7,22.7,23.6,16.8,13.5,9.6,5.1,1.7,0.4,49.3,50.7,SEMI URBAN
P.022_N.12,KELANTAN,P.022,PASIR MAS,N.12,PENGKALAN PASIR,33007,95.30,3.95,0.12,0.01,0.06,0.02,0.54,99.76,0.00,0.24,0.00,6,21.1,23.9,17.6,13.6,10.6,5.2,1.7,0.4,49.2,50.8,SEMI URBAN
P.022_N.13,KELANTAN,P.022,PASIR MAS,N.13,MERANTI,29980,98.94,0.11,0.03,0.02,0.04,0.01,0.85,99.87,0.01,0.12,0.00,6.6,22.8,23.4,16.5,13.4,9.4,5.2,1.9,0.8,49.6,50.4,RURAL
P.023_N.14,KELANTAN,P.023,RANTAU PANJANG,N.14,CHETOK,29111,95.06,4.47,0.04,0.01,0.04,0.03,0.34,99.99,0.01,0.00,0.00,6.5,21.8,23.5,17.1,13.5,10.3,5.1,1.7,0.4,48.7,51.3,SEMI URBAN
P.023_N.15,KELANTAN,P.023,RANTAU PANJANG,N.15,GUAL PERIOK,36081,96.98,1.17,0.09,0.02,0.06,0.02,1.66,99.66,0.02,0.20,0.12,6.9,23.1,22.4,16.5,13.8,10,4.6,1.8,0.8,51.6,48.4,SEMI URBAN
P.023_N.16,KELANTAN,P.023,RANTAU PANJANG,N.16,APAM PUTRA,28834,97.83,0.32,0.09,0.01,0.09,0.07,1.59,98.85,0.01,1.14,0.00,7.3,24.1,23.4,15.8,13.3,9.7,4.5,1.5,0.4,50.2,49.8,SEMI URBAN
P.024_N.17,KELANTAN,P.024,KUBANG KERIAN,N.17,SALOR,36294,98.11,1.46,0.08,0.01,0.04,0.03,0.28,99.99,0.01,0.00,0.00,6.5,23,23.7,17.4,13.4,9.3,5,1.5,0.3,48.9,51.1,SEMI URBAN
P.024_N.18,KELANTAN,P.024,KUBANG KERIAN,N.18,PASIR TUMBOH,37498,98.03,1.21,0.12,0.02,0.05,0.06,0.52,99.93,0.02,0.05,0.00,8.1,26.6,25,15.1,11.5,8.7,3.8,1,0.2,49.2,50.8,SEMI URBAN
P.024_N.19,KELANTAN,P.024,KUBANG KERIAN,N.19,DEMIT,40561,96.04,3.17,0.25,0.02,0.05,0.03,0.44,99.78,0.02,0.20,0.00,7.5,25.4,26,15.6,11.8,8.5,4,1,0.2,49.2,50.8,URBAN
P.025_N.20,KELANTAN,P.025,BACHOK,N.20,TAWANG,43441,98.76,0.84,0.03,0.02,0.04,0.03,0.28,99.97,0.00,0.02,0.00,7.7,24.7,24.8,17.2,12.3,8,4.1,1,0.2,49.1,50.9,SEMI URBAN
P.025_N.21,KELANTAN,P.025,BACHOK,N.21,PANTAI IRAMA,40512,97.43,1.44,0.04,0.02,0.07,0.04,0.96,99.44,0.01,0.55,0.00,7,23.2,25.1,17.4,13.1,9,4,1,0.2,49.1,50.9,SEMI URBAN
P.025_N.22,KELANTAN,P.025,BACHOK,N.22,JELAWAT,40012,98.52,0.96,0.05,0.02,0.06,0.02,0.37,99.98,0.00,0.02,0.00,6.8,23.2,25,17.2,12.7,8.9,4.6,1.2,0.2,48.8,51.2,SEMI URBAN
P.026_N.23,KELANTAN,P.026,KETEREH,N.23,MELOR,28387,97.23,1.56,0.07,0.01,0.04,0.05,1.04,99.94,0.00,0.06,0.00,6.9,23.3,23.8,17.3,13.3,9.5,4.4,1.2,0.3,49.3,50.7,SEMI URBAN
P.026_N.24,KELANTAN,P.026,KETEREH,N.24,KADOK,21833,97.90,1.43,0.03,0.02,0.04,0.06,0.53,100.00,0.00,0.00,0.00,7,22.6,24.2,17.3,13.5,9.3,4.7,1.3,0.2,48.8,51.2,SEMI URBAN
P.026_N.25,KELANTAN,P.026,KETEREH,N.25,KOK LANAS,35679,95.40,2.47,0.12,0.07,0.52,0.99,0.42,91.22,0.01,0.10,8.67,6.5,24.4,26.4,17.3,12.3,8.5,3.5,1,0.1,51.3,48.7,SEMI URBAN
P.027_N.26,KELANTAN,P.027,TANAH MERAH,N.26,BUKIT PANAU,50237,90.88,7.58,0.16,0.01,0.07,0.04,1.27,99.50,0.01,0.48,0.00,7.3,24.8,23.6,16.3,13.6,9.5,3.7,1,0.2,49.3,50.7,SEMI URBAN
P.027_N.27,KELANTAN,P.027,TANAH MERAH,N.27,GUAL IPOH,25718,97.44,0.66,1.42,0.01,0.05,0.05,0.37,99.93,0.00,0.07,0.00,6.1,20.8,24.4,19.1,13.3,10.3,4.4,1.3,0.2,49.3,50.7,RURAL
P.027_N.28,KELANTAN,P.027,TANAH MERAH,N.28,KEMAHANG,23258,98.64,0.22,0.09,0.01,0.06,0.05,0.94,99.95,0.00,0.04,0.00,5.9,21.4,27.6,19.2,11,9.4,4.5,0.8,0.1,49.3,50.7,RURAL
P.028_N.29,KELANTAN,P.028,PASIR PUTEH,N.29,SELISING,28725,99.08,0.42,0.02,0.02,0.05,0.02,0.39,99.98,0.01,0.02,0.00,7.2,23.6,24,16.8,13.3,9.1,4.3,1.5,0.2,48.9,51.1,SEMI URBAN
P.028_N.30,KELANTAN,P.028,PASIR PUTEH,N.30,LIMBONGAN,35393,97.25,1.93,0.07,0.02,0.06,0.05,0.62,99.39,0.01,0.60,0.00,7.4,24.6,24.1,16.5,12.7,9,4.4,1.2,0.2,48.5,51.5,SEMI URBAN
P.028_N.31,KELANTAN,P.028,PASIR PUTEH,N.31,SEMERAK,26781,97.48,0.43,0.05,0.01,0.05,0.03,1.95,99.90,0.00,0.10,0.00,6.9,23.1,24.3,17.6,13.6,8.9,4.1,1.1,0.2,48.6,51.4,SEMI URBAN
P.028_N.32,KELANTAN,P.028,PASIR PUTEH,N.32,GAAL,22671,98.62,0.30,0.03,0.02,0.04,0.04,0.96,99.93,0.00,0.06,0.00,6.6,22,24.1,17.3,13.6,9.9,4.8,1.5,0.3,47.9,52.1,RURAL
P.029_N.33,KELANTAN,P.029,MACHANG,N.33,PULAI CHONDONG,28169,96.97,2.67,0.04,0.01,0.04,0.07,0.19,99.96,0.01,0.04,0.00,6.5,23.1,23.4,16.6,13.7,10.7,4.4,1.4,0.2,49.1,50.9,RURAL
P.029_N.34,KELANTAN,P.029,MACHANG,N.34,TEMANGAN,26012,94.98,4.31,0.29,0.01,0.05,0.04,0.32,99.98,0.01,0.01,0.00,6,21.7,24.6,17.2,13.8,9.8,4.9,1.7,0.3,49.3,50.7,RURAL
P.029_N.35,KELANTAN,P.029,MACHANG,N.35,KEMUNING,35015,96.98,2.38,0.14,0.02,0.07,0.03,0.37,99.32,0.01,0.65,0.03,6.7,22.8,25,17.5,13.1,9.4,4.2,1.1,0.2,49.5,50.5,SEMI URBAN
P.030_N.36,KELANTAN,P.030,JELI,N.36,BUKIT BUNGA,21722,98.32,0.17,0.10,0.06,0.37,0.27,0.71,95.60,0.00,0.29,4.11,5.7,23.4,23.4,17.6,13.7,9.7,4.3,1.5,0.6,50.8,49.2,RURAL
P.030_N.37,KELANTAN,P.030,JELI,N.37,AIR LANAS,22468,96.81,0.23,0.06,2.08,0.14,0.06,0.62,99.18,0.00,0.81,0.00,7.2,23.5,24.6,17.4,13.6,8.4,3.9,1.1,0.3,49.9,50.1,RURAL
P.030_N.38,KELANTAN,P.030,JELI,N.38,KUALA BALAH,15704,98.68,0.10,0.15,0.10,0.34,0.21,0.42,95.75,0.01,0.10,4.15,6.2,23.1,25.7,18.5,12.2,9.1,3.9,1.1,0.2,50.7,49.3,RURAL
P.031_N.39,KELANTAN,P.031,KUALA KRAI,N.39,MENGKEBANG,26843,95.93,2.30,1.29,0.02,0.02,0.04,0.39,100.00,0.00,0.00,0.00,6.9,24.7,25.2,17.2,12.6,8.4,3.7,1.1,0.3,49.9,50.1,RURAL
P.031_N.40,KELANTAN,P.031,KUALA KRAI,N.40,GUCHIL,27785,86.10,11.04,2.08,0.02,0.09,0.07,0.60,99.10,0.00,0.90,0.00,6.7,22.3,24.5,16.7,13.5,10.3,4.5,1.3,0.3,50.2,49.8,SEMI URBAN
P.031_N.41,KELANTAN,P.031,KUALA KRAI,N.41,MANEK URAI,22611,98.89,0.24,0.25,0.01,0.06,0.02,0.52,99.89,0.00,0.11,0.00,6.9,23.3,26.1,18.7,11.5,8.3,3.8,1.2,0.2,49.7,50.3,RURAL
P.031_N.42,KELANTAN,P.031,KUALA KRAI,N.42,DABONG,15255,98.65,0.08,0.22,0.03,0.08,0.06,0.88,99.91,0.01,0.08,0.00,7,24,25.8,17.3,11.8,8.5,4,1.4,0.2,50.8,49.2,RURAL
P.032_N.43,KELANTAN,P.032,GUA MUSANG,N.43,NENGGIRI,20219,86.00,0.21,0.10,13.11,0.06,0.05,0.46,99.94,0.00,0.06,0.00,8.3,27.1,26.4,15.9,9.9,7.5,4.1,0.8,0.1,51,49,RURAL
P.032_N.44,KELANTAN,P.032,GUA MUSANG,N.44,PALOH,21162,97.30,0.08,0.01,2.23,0.04,0.02,0.33,99.92,0.00,0.08,0.00,6.3,24.1,30.9,16.1,7.9,10,4.3,0.4,0,50,50,RURAL
P.032_N.45,KELANTAN,P.032,GUA MUSANG,N.45,GALAS,29638,59.75,13.61,1.19,24.47,0.17,0.12,0.69,99.21,0.01,0.78,0.00,9.1,28,24.8,15.2,11.4,7.6,2.8,0.9,0.2,51.3,48.7,RURAL
P.033_N.01,TERENGGANU,P.033,BESUT,N.01,KUALA BESUT,26992,98.52,0.56,0.09,0.03,0.16,0.14,0.50,94.90,0.00,0.09,5.00,6.97,24.99,26.16,17.93,12.09,7.34,3.62,0.74,0.17,51,49,SEMI URBAN
P.033_N.02,TERENGGANU,P.033,BESUT,N.02,KOTA PUTERA,32792,98.73,0.51,0.05,0.02,0.06,0.05,0.59,99.15,0.00,0.81,0.03,7.91,25.97,25.68,16.46,11.76,7.9,3.3,0.86,0.16,49.8,50.2,SEMI URBAN
P.033_N.03,TERENGGANU,P.033,BESUT,N.03,JERTIH,29088,94.19,3.24,0.14,0.01,0.07,0.04,0.45,99.78,0.02,0.21,0.00,6.95,23.83,25.3,17.42,12.64,8.76,3.85,1.11,0.15,49,51,SEMI URBAN
P.033_N.04,TERENGGANU,P.033,BESUT,N.04,HULU BESUT,23846,98.74,0.79,0.04,0.09,0.07,0.01,0.26,99.92,0.01,0.07,0.00,6.7,23.52,26.52,17.19,12.39,8.45,4.03,1.03,0.18,49.7,50.3,RURAL
P.034_N.05,TERENGGANU,P.034,SETIU,N.05,JABI,25192,99.04,0.37,0.04,0.02,0.11,0.03,0.40,100.00,0.00,0.00,0.00,6.84,24.49,25.38,18.24,12.62,7.75,3.54,0.94,0.21,49.6,50.4,RURAL
P.034_N.06,TERENGGANU,P.034,SETIU,N.06,PERMAISURI,30739,99.10,0.40,0.03,0.02,0.08,0.06,0.31,99.27,0.01,0.66,0.07,7.16,26.03,26.26,17.35,11.67,7.52,2.96,0.89,0.15,49.8,50.2,RURAL
P.034_N.07,TERENGGANU,P.034,SETIU,N.07,LANGKAP,22439,99.30,0.04,0.03,0.02,0.10,0.06,0.45,99.92,0.00,0.08,0.00,6.66,22.86,26.21,19.12,11.81,7.54,4.35,1.25,0.2,49.9,50.1,RURAL
P.034_N.08,TERENGGANU,P.034,SETIU,N.08,BATU RAKIT,29919,99.40,0.23,0.04,0.02,0.10,0.07,0.14,99.82,0.00,0.18,0.00,6.64,23.01,26.66,17.8,12.24,8.85,3.66,0.98,0.14,49.3,50.7,SEMI URBAN
P.035_N.09,TERENGGANU,P.035,KUALA NERUS,N.09,TEPUH,30448,98.68,0.66,0.05,0.01,0.06,0.04,0.51,99.98,0.00,0.01,0.00,7.8,25.39,26.68,16.44,11.61,7.74,3.3,0.96,0.08,49.4,50.6,SEMI URBAN
P.035_N.10,TERENGGANU,P.035,KUALA NERUS,N.10,BULUH GADING,27845,98.15,1.56,0.05,0.01,0.05,0.03,0.15,100.00,0.00,0.00,0.00,6.75,22.96,26.09,18.14,12.46,8.49,3.81,1.16,0.13,49.6,50.4,SEMI URBAN
P.035_N.11,TERENGGANU,P.035,KUALA NERUS,N.11,SEBERANG TAKIR,27733,98.97,0.23,0.11,0.03,0.24,0.17,0.25,94.37,0.02,2.73,2.88,7.71,27.6,26.74,15.72,10.76,7.84,2.9,0.65,0.08,51,49,URBAN
P.035_N.12,TERENGGANU,P.035,KUALA NERUS,N.12,BUKIT TUNGGAL,21055,97.48,1.92,0.14,0.00,0.09,0.03,0.33,99.98,0.02,0.00,0.00,6.43,22.1,26.54,18.26,12.88,8.97,3.76,0.91,0.16,50.4,49.6,URBAN
P.036_N.13,TERENGGANU,P.036,KUALA TERENGGANU,N.13,WAKAF MEMPELAM,34509,99.17,0.45,0.10,0.01,0.03,0.02,0.23,99.98,0.02,0.00,0.00,6.1,21.78,26.91,18.63,12.39,8.81,4.09,1.17,0.14,49.2,50.8,URBAN
P.036_N.14,TERENGGANU,P.036,KUALA TERENGGANU,N.14,BANDAR,22057,66.65,31.52,1.17,0.00,0.07,0.05,0.55,99.66,0.01,0.33,0.00,3.57,14.33,20.9,16.85,16.98,16.26,7.8,2.64,0.67,49.8,50.2,URBAN
P.036_N.15,TERENGGANU,P.036,KUALA TERENGGANU,N.15,LADANG,26250,89.29,8.93,0.95,0.03,0.21,0.13,0.46,95.05,0.02,4.80,0.13,4.76,18.92,25.59,17.93,14.32,11.47,5.02,1.72,0.27,50.6,49.4,URBAN
P.036_N.16,TERENGGANU,P.036,KUALA TERENGGANU,N.16,BATU BURUK,40759,96.63,2.42,0.31,0.01,0.06,0.04,0.52,99.92,0.01,0.07,0.00,6.62,22.7,25.65,17.99,12.78,9.04,4.06,1.05,0.11,49.4,50.6,URBAN
P.037_N.17,TERENGGANU,P.037,MARANG,N.17,ALUR LIMBAT,36087,96.80,2.69,0.09,0.01,0.06,0.06,0.29,99.48,0.01,0.00,0.51,7.16,24.69,26.08,16.76,11.95,8.44,3.71,1.09,0.13,49.8,50.2,SEMI URBAN
P.037_N.18,TERENGGANU,P.037,MARANG,N.18,BUKIT PAYUNG,28823,99.02,0.29,0.07,0.01,0.04,0.05,0.53,99.92,0.01,0.06,0.00,7.27,24.16,25.83,16.47,12.68,8.76,3.71,1,0.13,49.1,50.9,SEMI URBAN
P.037_N.19,TERENGGANU,P.037,MARANG,N.19,RU RENDANG,32867,99.02,0.38,0.09,0.01,0.06,0.02,0.41,99.49,0.00,0.51,0.00,7.1,23.83,26.41,17.25,12.45,8.42,3.48,0.95,0.12,50,50,SEMI URBAN
P.037_N.20,TERENGGANU,P.037,MARANG,N.20,PENGKALAN BERANGAN,35248,95.73,3.59,0.07,0.01,0.09,0.05,0.38,98.98,0.01,1.00,0.00,6.71,23.58,26.17,17.39,13.15,8.42,3.23,1.22,0.14,49.7,50.3,RURAL
P.038_N.21,TERENGGANU,P.038,HULU TERENGGANU,N.21,TELEMUNG,21495,98.27,0.08,0.01,1.29,0.02,0.02,0.30,99.93,0.00,0.07,0.00,6.05,22.59,26.97,17.92,11.25,9.14,4.41,1.42,0.26,49.8,50.2,RURAL
P.038_N.22,TERENGGANU,P.038,HULU TERENGGANU,N.22,MANIR,20639,99.45,0.29,0.03,0.01,0.04,0.02,0.16,99.89,0.01,0.10,0.00,6.26,22.1,26.75,17.92,12.93,8.68,4.03,1.15,0.18,49.5,50.5,SEMI URBAN
P.038_N.23,TERENGGANU,P.038,HULU TERENGGANU,N.23,KUALA BERANG,21428,98.85,0.64,0.04,0.02,0.12,0.07,0.26,99.13,0.00,0.87,0.00,6.11,21.66,26.29,17.03,12.89,9.47,4.69,1.65,0.21,49.5,50.5,SEMI URBAN
P.038_N.24,TERENGGANU,P.038,HULU TERENGGANU,N.24,AJIL,24922,98.78,0.63,0.05,0.01,0.08,0.05,0.41,99.94,0.00,0.05,0.00,6.14,21.29,27.81,19.38,11.44,8.99,3.68,1.06,0.21,49.6,50.4,RURAL
P.039_N.25,TERENGGANU,P.039,DUNGUN,N.25,BUKIT BESI,18195,99.08,0.19,0.12,0.01,0.10,0.04,0.45,99.75,0.01,0.25,0.00,6.53,23.11,25.59,18.29,13.43,7.77,3.9,1.24,0.14,49.9,50.1,RURAL
P.039_N.26,TERENGGANU,P.039,DUNGUN,N.26,RANTAU ABANG,33394,97.95,0.47,0.09,0.03,0.10,0.06,1.29,98.55,0.00,1.45,0.00,8.15,26.18,25.99,16.4,12.18,7.57,2.84,0.63,0.07,50.3,49.7,SEMI URBAN
P.039_N.27,TERENGGANU,P.039,DUNGUN,N.27,SURA,30206,93.05,6.05,0.36,0.01,0.07,0.05,0.42,99.87,0.02,0.00,0.11,6.28,22.23,24.19,17.17,14.49,10.13,4.02,1.17,0.32,49.5,50.5,URBAN
P.039_N.28,TERENGGANU,P.039,DUNGUN,N.28,PAKA,34839,94.34,4.52,0.13,0.03,0.23,0.13,0.62,99.83,0.01,0.16,0.00,8.04,24.54,26.38,18.46,10.91,8,3.16,0.43,0.09,50.4,49.6,SEMI URBAN
P.040_N.29,TERENGGANU,P.040,KEMAMAN,N.29,KEMASIK,28618,96.18,2.76,0.31,0.03,0.08,0.09,0.55,99.84,0.02,0.14,0.00,7.47,23.19,26.2,18.21,12,9.08,2.99,0.74,0.12,50.8,49.2,SEMI URBAN
P.040_N.30,TERENGGANU,P.040,KEMAMAN,N.30,KIJAL,29491,96.94,1.63,0.18,0.02,0.09,0.13,1.11,99.92,0.00,0.04,0.03,7.69,23.9,25.37,17.87,13.26,8.19,2.85,0.74,0.14,50.6,49.4,RURAL
P.040_N.31,TERENGGANU,P.040,KEMAMAN,N.31,CUKAI,39153,86.82,11.41,0.84,0.01,0.17,0.19,0.56,99.18,0.01,0.81,0.00,7.3,22.48,22.99,17.27,14.22,10.16,4.28,1.02,0.28,50.7,49.3,URBAN
P.040_N.32,TERENGGANU,P.040,KEMAMAN,N.32,AIR PUTIH,43826,94.90,2.76,0.62,0.70,0.10,0.14,0.78,99.93,0.01,0.06,0.00,7.98,25.14,26.24,17.74,10.98,7.7,3.37,0.73,0.13,50.3,49.7,SEMI URBAN
P.041_N. 01,PULAU PINANG,P.041,KEPALA BATAS,N. 01,PENAGA,25468,92.98,6.31,0.41,0.01,0.07,0.03,0.20,100.00,0.00,0.00,0.00,7.24,23.06,19.84,17.82,16.16,9.29,4.95,1.43,0.21,48.8,51.2,SEMI URBAN
P.041_N. 02,PULAU PINANG,P.041,KEPALA BATAS,N. 02,BERTAM,23999,68.89,21.83,8.69,0.02,0.15,0.09,0.35,97.22,0.02,2.76,0.00,6.17,20.19,21.4,17.98,15.25,11.05,5.89,1.81,0.25,50.3,49.7,SEMI URBAN
P.041_N. 03,PULAU PINANG,P.041,KEPALA BATAS,N. 03,PINANG TUNGGAL,34723,78.81,17.13,3.65,0.01,0.08,0.05,0.28,100.00,0.00,0.00,0.00,8.63,25.35,20.36,16.74,13.67,9.13,4.59,1.36,0.17,49.2,50.8,SEMI URBAN
P.042_N. 04,PULAU PINANG,P.042,TASEK GELUGOR,N. 04,PERMATANG BERANGAN,28519,86.70,6.28,6.63,0.01,0.05,0.04,0.29,99.85,0.00,0.14,0.00,7.12,23.28,21.82,17.29,13.93,9.74,4.95,1.64,0.22,48.2,51.8,SEMI URBAN
P.042_N. 05,PULAU PINANG,P.042,TASEK GELUGOR,N. 05,SUNGAI DUA,28100,81.13,16.04,2.39,0.00,0.17,0.05,0.22,99.85,0.00,0.15,0.00,6.85,22.37,21.2,17.76,15.16,10.11,4.91,1.47,0.17,49,51,SEMI URBAN
P.042_N. 06,PULAU PINANG,P.042,TASEK GELUGOR,N. 06,TELOK AYER TAWAR,24784,64.82,23.82,10.13,0.04,0.32,0.38,0.48,90.38,0.02,0.12,9.49,5.01,20.53,24.56,18.74,13.55,10.31,5.46,1.58,0.26,51.3,48.7,SEMI URBAN
P.043_N. 07,PULAU PINANG,P.043,BAGAN,N. 07,SUNGAI PUYU,35904,8.41,83.11,8.11,0.00,0.12,0.02,0.23,99.99,0.01,0.00,0.00,5.29,17.29,19.14,18.73,17.29,13.26,6.67,2.04,0.28,49.7,50.3,URBAN
P.043_N. 08,PULAU PINANG,P.043,BAGAN,N. 08,BAGAN JERMAL,32529,15.98,66.67,16.75,0.01,0.12,0.07,0.40,99.98,0.02,0.00,0.00,4.74,16.66,17.61,18.47,17.07,14.21,8.38,2.37,0.5,48.8,51.2,URBAN
P.043_N. 09,PULAU PINANG,P.043,BAGAN,N. 09,BAGAN DALAM,21221,23.04,49.74,26.50,0.00,0.18,0.04,0.49,99.15,0.00,0.85,0.00,3.69,13.64,17.39,16.81,17.87,17.21,9.65,2.76,0.98,49.4,50.6,URBAN
P.044_N. 10,PULAU PINANG,P.044,PERMATANG PAUH,N. 10,SEBERANG JAYA,49215,68.55,18.25,12.11,0.03,0.25,0.13,0.67,98.58,0.01,1.41,0.00,6.57,21.9,21.4,17.95,14.53,11.38,5.09,1.04,0.13,49,51,URBAN
P.044_N. 11,PULAU PINANG,P.044,PERMATANG PAUH,N. 11,PERMATANG PASIR,30464,75.38,22.08,2.14,0.00,0.10,0.03,0.27,99.99,0.01,0.00,0.00,5.5,18.66,19.52,18.14,17.54,12.44,6.19,1.68,0.32,49.5,50.5,SEMI URBAN
P.044_N. 12,PULAU PINANG,P.044,PERMATANG PAUH,N. 12,PENANTI,28170,79.79,17.77,1.66,0.01,0.09,0.05,0.62,99.85,0.01,0.14,0.00,6.16,20.86,22.38,16.77,15.42,11.44,5.06,1.66,0.24,48.9,51.1,URBAN
P.045_N. 13,PULAU PINANG,P.045,BUKIT MERTAJAM,N. 13,BERAPIT,29076,5.05,83.59,10.77,0.00,0.10,0.05,0.43,99.93,0.01,0.05,0.00,4,14.87,17.88,17.34,17.2,16.03,9.24,2.95,0.49,48.6,51.4,URBAN
P.045_N. 14,PULAU PINANG,P.045,BUKIT MERTAJAM,N. 14,MACHANG BUBUK,56538,35.18,51.42,12.72,0.01,0.16,0.07,0.44,99.93,0.01,0.05,0.00,7.39,24.92,21.37,17.24,13.94,9.43,4.25,1.29,0.16,49,51,URBAN
P.045_N. 15,PULAU PINANG,P.045,BUKIT MERTAJAM,N. 15,PADANG LALANG,36001,12.94,78.43,8.18,0.00,0.09,0.01,0.34,99.98,0.02,0.00,0.00,4.52,16.11,19.6,18.33,15.82,14.09,8.65,2.41,0.48,48.9,51.1,URBAN
P.046_N. 16,PULAU PINANG,P.046,BATU KAWAN,N. 16,PERAI,20479,13.27,49.88,35.64,0.00,0.17,0.05,0.99,99.77,0.00,0.22,0.00,4.13,14.64,18.65,17.77,17.33,15.51,8.81,2.52,0.63,48.3,51.7,URBAN
P.046_N. 17,PULAU PINANG,P.046,BATU KAWAN,N. 17,BUKIT TENGAH,31635,36.06,46.08,16.76,0.03,0.28,0.11,0.68,99.90,0.00,0.10,0.00,7.1,21.25,20.6,18.16,15.6,10.38,5.21,1.46,0.24,49.1,50.9,URBAN
P.046_N. 18,PULAU PINANG,P.046,BATU KAWAN,N. 18,BUKIT TAMBUN,37496,17.70,62.54,19.28,0.01,0.16,0.04,0.27,99.66,0.00,0.34,0.00,6.85,22.47,19.84,17.73,15.76,10.47,5,1.59,0.27,49.4,50.6,URBAN
P.047_N. 19,PULAU PINANG,P.047,NIBONG TEBAL,N. 19,JAWI,36601,21.32,52.59,25.57,0.01,0.13,0.09,0.28,98.64,0.01,1.36,0.00,5.92,21.13,20.5,18,16.13,10.71,5.54,1.76,0.31,49.3,50.7,SEMI URBAN
P.047_N. 20,PULAU PINANG,P.047,NIBONG TEBAL,N. 20,SUNGAI BAKAP,38409,59.37,22.53,17.40,0.01,0.16,0.05,0.49,99.85,0.00,0.15,0.00,8.05,24.65,20.68,17.89,14.26,9.14,4.08,1.09,0.16,48.2,51.8,SEMI URBAN
P.047_N. 21,PULAU PINANG,P.047,NIBONG TEBAL,N. 21,SUNGAI ACHEH,26095,63.81,27.73,7.58,0.02,0.09,0.03,0.75,99.88,0.02,0.10,0.00,6.38,21.49,21.67,17.68,15.1,10.35,5.65,1.43,0.23,48.5,51.5,SEMI URBAN
P.048_N. 22,PULAU PINANG,P.048,BUKIT BENDERA,N. 22,TANJONG BUNGA,29477,25.92,59.47,12.10,0.01,0.23,0.17,2.11,99.10,0.04,0.25,0.61,4.62,16.48,17.38,17.05,16.91,14.43,9.2,3.25,0.69,48,52,URBAN
P.048_N. 23,PULAU PINANG,P.048,BUKIT BENDERA,N. 23,AIR PUTIH,15371,9.92,80.03,9.39,0.01,0.18,0.05,0.42,97.55,0.03,2.41,0.00,3.32,12.14,15.8,16.77,17.97,17.01,11.48,4.39,1.12,48.7,51.3,URBAN
P.048_N. 24,PULAU PINANG,P.048,BUKIT BENDERA,N. 24,KEBUN BUNGA,24532,7.20,74.97,16.93,0.00,0.04,0.05,0.80,99.98,0.02,0.00,0.00,2.88,10.95,13.97,16.04,19.9,18.04,11.99,5.27,0.96,46.7,53.3,URBAN
P.048_N. 25,PULAU PINANG,P.048,BUKIT BENDERA,N. 25,PULAU TIKUS,23257,13.74,75.23,8.60,0.02,0.43,0.30,1.68,97.93,0.03,0.59,1.45,3.21,12.91,16.35,15.58,16.5,16.06,12.03,5.83,1.54,46.1,53.9,URBAN
P.049_N. 26,PULAU PINANG,P.049,TANJONG,N. 26,PADANG KOTA,15165,8.06,72.55,18.50,0.01,0.09,0.07,0.73,99.40,0.00,0.40,0.20,1.87,7.52,9.85,13.16,18.1,22.35,15.27,6.57,5.33,51.5,48.5,URBAN
P.049_N. 27,PULAU PINANG,P.049,TANJONG,N. 27,PENGKALAN KOTA,21568,2.08,89.31,8.19,0.00,0.05,0.03,0.33,100.00,0.00,0.00,0.00,2.22,9.99,14.42,15.98,20.04,21.58,11.76,3.17,0.86,48.8,51.2,URBAN
P.049_N. 28,PULAU PINANG,P.049,TANJONG,N. 28,KOMTAR,15532,12.26,77.74,8.88,0.01,0.30,0.24,0.55,93.68,0.01,6.30,0.00,1.51,7.42,12.51,13.54,18.64,22.81,15.14,5.62,2.82,52.5,47.5,URBAN
P.050_N. 29,PULAU PINANG,P.050,JELUTONG,N. 29,DATOK KERAMAT,26791,27.02,55.44,16.51,0.03,0.28,0.13,0.59,96.44,0.01,3.55,0.00,3.46,14.12,17.84,16.94,17.54,16.49,9.53,3.15,0.93,49.2,50.8,URBAN
P.050_N. 30,PULAU PINANG,P.050,JELUTONG,N. 30,SUNGAI PINANG,34416,30.72,48.23,20.12,0.01,0.15,0.06,0.73,99.99,0.01,0.00,0.00,5.08,17.33,19.9,17.13,15.81,14.86,7.51,1.99,0.4,48.4,51.6,URBAN
P.050_N. 31,PULAU PINANG,P.050,JELUTONG,N. 31,BATU LANCANG,33106,6.63,84.33,8.30,0.00,0.09,0.07,0.58,99.76,0.02,0.22,0.00,3.58,14,17.38,18.84,16.91,15.45,9.6,3.54,0.7,46.9,53.1,URBAN
P.051_N. 32,PULAU PINANG,P.051,BUKIT GELUGOR,N. 32,SERI DELIMA,31574,22.15,64.56,12.38,0.00,0.05,0.05,0.81,99.81,0.05,0.00,0.14,4.55,14.58,16.84,18.15,16.47,13.9,10.38,4.29,0.84,47,53,URBAN
P.051_N. 33,PULAU PINANG,P.051,BUKIT GELUGOR,N. 33,AIR ITAM,23085,23.25,64.86,11.12,0.02,0.09,0.08,0.59,99.62,0.02,0.36,0.00,3.94,13.96,17.34,16.27,17.31,16.72,10,3.63,0.84,47.6,52.4,URBAN
P.051_N. 34,PULAU PINANG,P.051,BUKIT GELUGOR,N. 34,PAYA TERUBONG,62734,7.76,77.56,13.86,0.01,0.18,0.11,0.52,99.97,0.03,0.00,0.00,5.13,18.93,20.87,19.51,15.84,11.7,6.09,1.72,0.21,48.2,51.8,URBAN
P.052_N. 35,PULAU PINANG,P.052,BAYAN BARU,N. 35,BATU UBAN,43529,25.45,58.71,14.70,0.02,0.27,0.10,0.76,99.28,0.04,0.56,0.12,5.47,18.48,20.81,18.43,15.4,12.53,6.63,1.97,0.28,48.1,51.9,URBAN
P.052_N. 36,PULAU PINANG,P.052,BAYAN BARU,N. 36,PANTAI JEREJAK,29890,35.77,50.61,12.45,0.01,0.23,0.09,0.84,99.57,0.03,0.40,0.00,4.5,16.32,20.3,17.61,15.81,15.22,7.87,1.99,0.37,48.3,51.7,URBAN
P.052_N. 37,PULAU PINANG,P.052,BAYAN BARU,N. 37,BATU MAUNG,47226,53.11,36.15,9.49,0.02,0.36,0.28,0.58,96.07,0.02,0.00,3.91,6.02,20.51,22.47,18.75,14.91,10.96,4.86,1.32,0.18,49.2,50.8,URBAN
P.053_N. 38,PULAU PINANG,P.053,BALIK PULAU,N. 38,BAYAN LEPAS,39754,63.23,30.16,5.65,0.02,0.22,0.12,0.60,99.63,0.02,0.36,0.00,7.54,23.72,20.7,16.75,14.87,10.54,4.43,1.25,0.22,49.8,50.2,URBAN
P.053_N. 39,PULAU PINANG,P.053,BALIK PULAU,N. 39,PULAU BETONG,23838,66.32,28.44,4.27,0.03,0.33,0.21,0.40,97.16,0.01,2.83,0.00,5.73,21.1,21.08,16.88,15.91,11.22,5.7,2.02,0.34,50.5,49.5,SEMI URBAN
P.053_N. 40,PULAU PINANG,P.053,BALIK PULAU,N. 40,TELOK BAHANG,17927,68.14,27.58,3.65,0.02,0.13,0.07,0.41,99.86,0.01,0.13,0.00,5.59,18.19,19.94,17.97,17.36,12.76,6.09,1.77,0.33,49.3,50.7,SEMI URBAN
P.092_N. 01,SELANGOR,P.092,SABAK BERNAM,N. 01,SUNGAI AIR TAWAR,20026,84.36,12.18,2.73,0.01,0.05,0.08,0.59,99.9,0,0.1,0,5.8,19.4,23.1,17.2,14.9,10.5,6.5,2.2,0.4,49.6,50.4,RURAL
P.092_N. 02,SELANGOR,P.092,SABAK BERNAM,N. 02,SABAK,31816,79.57,13.45,6.22,0.02,0.12,0.08,0.53,99.88,0.01,0.1,0.01,6.1,21,23.7,16.7,14.3,10.5,5.7,1.6,0.4,48.9,51.1,SEMI URBAN
P.093_N. 03,SELANGOR,P.093,SUNGAI BESAR,N. 03,SUNGAI PANJANG,40786,81.28,16.07,1.58,0.02,0.14,0.06,0.85,99.27,0,0.73,0,6.4,23.2,24.9,16.5,13.7,9,4.8,1.4,0.3,50,50,SEMI URBAN
P.093_N. 04,SELANGOR,P.093,SUNGAI BESAR,N. 04,SEKINCHAN,23936,43.9,51.65,2.92,0.03,0.31,0.1,1.09,99.9,0.01,0.09,0,4.6,19.5,23.2,18.3,16.1,10.8,5.5,1.8,0.3,51.4,48.6,SEMI URBAN
P.094_N. 05,SELANGOR,P.094,HULU SELANGOR,N. 05,HULU BERNAM,30367,70.13,14.82,13.07,0.69,0.14,0.06,1.11,99.87,0.01,0.12,0,5.7,19.2,22.3,17.9,15.1,10.8,6.4,2.3,0.4,49.2,50.8,RURAL
P.094_N. 06,SELANGOR,P.094,HULU SELANGOR,N. 06,KUALA KUBU BAHARU,40015,46.42,30.65,18.06,2.94,0.29,0.35,1.28,97.97,0,1.39,0.64,6.2,21.5,21.9,16.6,15.4,11.4,5,1.7,0.4,50.1,49.9,SEMI URBAN
P.094_N. 07,SELANGOR,P.094,HULU SELANGOR,N. 07,BATANG KALI,86282,69.01,12.8,14.12,1.72,0.42,0.24,1.68,99.67,0.02,0.32,0,9.5,28.9,20,14.9,14.5,8.5,2.7,0.8,0.2,49.4,50.6,SEMI URBAN
P.095_N. 08,SELANGOR,P.095,TANJONG KARANG,N. 08,SUNGAI BURONG,31715,83.19,12.86,2.54,0.01,0.14,0.05,1.21,99.9,0.01,0.1,0,6,21.6,23.7,18,14.8,9.4,4.9,1.5,0.3,50.4,49.6,RURAL
P.095_N. 09,SELANGOR,P.095,TANJONG KARANG,N. 09,PERMATANG,30796,63.23,21.51,13.81,0.02,0.07,0.04,1.32,99.99,0.01,0,0,6,20.3,22.6,17.8,14.6,11.2,5.4,1.6,0.5,49.9,50.1,RURAL
P.096_N. 10,SELANGOR,P.096,KUALA SELANGOR,N. 10,BUKIT MELAWATI,37956,60.36,15.42,21.91,0.02,0.19,0.09,2.01,99.13,0.01,0.86,0,6.8,23.2,23.5,16.9,13.7,9.9,4.5,1.2,0.3,49.8,50.2,SEMI URBAN
P.096_N. 11,SELANGOR,P.096,KUALA SELANGOR,N. 11,IJOK,30662,61.63,13.18,24.2,0.01,0.14,0.05,0.8,99.92,0,0.08,0,6.4,21.4,22.5,17.9,15.2,10.1,4.8,1.4,0.3,49.2,50.8,SEMI URBAN
P.096_N. 12,SELANGOR,P.096,KUALA SELANGOR,N. 12,JERAM,36707,79.98,6.73,11.72,0.05,0.32,0.16,1.05,99.93,0.01,0.06,0,10.3,28,19.9,16.1,14.1,7.6,2.9,0.8,0.2,49.3,50.7,SEMI URBAN
P.097_N. 13,SELANGOR,P.097,SELAYANG,N. 13,KUANG,45606,76.87,9.9,8.37,0.82,0.39,0.25,3.4,99.93,0,0.07,0,10,28.3,20.7,15.8,13.1,8,3.2,0.7,0.1,49.2,50.8,SEMI URBAN
P.097_N. 14,SELANGOR,P.097,SELAYANG,N. 14,RAWANG,76841,31.92,38.7,25.71,0.04,0.49,0.28,2.86,99.74,0.02,0.14,0.1,8.3,25.8,20.1,16.4,14.4,9.5,4,1.3,0.3,49.8,50.2,URBAN
P.097_N. 15,SELANGOR,P.097,SELAYANG,N. 15,TAMAN TEMPLER,62978,59.17,22.08,14.59,0.15,0.38,0.2,3.44,98.79,0.01,1.2,0,6.8,21.8,23.3,16.9,14.7,11.4,4.1,1,0.1,49.6,50.4,URBAN
P.098_N. 16,SELANGOR,P.098,GOMBAK,N. 16,SUNGAI TUA,49055,57.36,12.44,23.2,0.12,0.31,0.14,6.42,99.68,0.02,0,0.31,6.5,20.6,21.8,18.8,15.2,11.1,4.8,1,0.2,49.7,50.3,URBAN
P.098_N. 17,SELANGOR,P.098,GOMBAK,N. 17,GOMBAK SETIA,88480,67.44,11.76,9.42,1.05,0.23,0.16,9.94,99.82,0.03,0.11,0.04,7.4,23.9,24,16.5,12.7,10.4,4.3,0.8,0.1,49.7,50.3,URBAN
P.098_N. 18,SELANGOR,P.098,GOMBAK,N. 18,HULU KELANG,71702,81.97,8.65,4.03,0.13,0.26,0.14,4.82,99.71,0.06,0.23,0,5.7,19.1,22.3,18.5,14,12.2,6.6,1.4,0.2,49.5,50.5,URBAN
P.099_N. 19,SELANGOR,P.099,AMPANG,N. 19,BUKIT ANTARABANGSA,69501,47.19,40.58,7.25,0.02,0.49,0.28,4.18,99.45,0.05,0.5,0,6.3,20,19.7,17.1,15.9,12.5,6.3,2,0.3,49.1,50.9,URBAN
P.099_N. 20,SELANGOR,P.099,AMPANG,N. 20,LEMBAH JAYA,65650,56.91,22.92,12.11,0.03,0.4,0.21,7.41,99.97,0.03,0,0,6.1,21.6,23.2,17.5,14.4,11.5,4.5,1,0.1,49.4,50.6,URBAN
P.100_N. 21,SELANGOR,P.100,PANDAN,N. 21,PANDAN INDAH,70776,55.18,30.9,7.54,0.03,0.91,0.33,5.1,99.25,0.03,0.73,0,5.2,19.7,23.5,18,15.5,12.3,4.4,1,0.1,49.8,50.2,URBAN
P.100_N. 22,SELANGOR,P.100,PANDAN,N. 22,TERATAI,79579,26.69,61.63,8.17,0.03,0.63,0.28,2.56,99.98,0.02,0,0,5.7,19.6,21.6,18.8,16.3,11.9,4.8,1.2,0.1,48.7,51.3,URBAN
P.101_N. 23,SELANGOR,P.101,HULU LANGAT,N. 23,DUSUN TUA,74419,57.29,28.45,7.54,1.23,0.5,0.31,4.68,96.63,0.02,3.35,0,6.7,23.1,23.1,16.4,14,10.9,4.5,1.2,0.2,50.6,49.4,URBAN
P.101_N. 24,SELANGOR,P.101,HULU LANGAT,N. 24,SEMENYIH,97300,69.1,14.8,12.88,0.64,0.47,0.28,1.83,99.08,0.02,0.9,0,10.3,27.7,20.3,16.2,13.3,8.4,3,0.8,0.1,49.6,50.4,URBAN
P.102_N. 25,SELANGOR,P.102,BANGI,N. 25,KAJANG,109785,39.09,43.44,14.39,0.03,0.56,0.3,2.19,99.2,0.03,0.74,0.03,7.8,24.9,21.8,17.2,13.7,9.6,3.9,1,0.1,49.5,50.5,URBAN
P.102_N. 26,SELANGOR,P.102,BANGI,N. 26,SUNGAI RAMAL,97415,76.56,9.45,9.19,0.05,0.66,0.41,3.67,99.23,0.05,0.12,0.59,9.8,27.4,22.4,16.1,12.7,8.3,2.8,0.4,0.1,49.7,50.3,URBAN
P.102_N. 27,SELANGOR,P.102,BANGI,N. 27,BALAKONG,104269,33.42,55.16,9.2,0.03,0.61,0.33,1.25,99.95,0.02,0.02,0,7.7,24.1,20.8,16.8,14.5,10.5,4.2,1.2,0.1,49.1,50.9,URBAN
P.103_N. 28,SELANGOR,P.103,PUCHONG,N. 28,SERI KEMBANGAN,62822,11.17,78.61,8.81,0.02,0.49,0.24,0.66,99.81,0.01,0.18,0,5.2,18.7,19.8,19,16.4,12.8,6,1.9,0.2,50,50,URBAN
P.103_N. 29,SELANGOR,P.103,PUCHONG,N. 29,SERI SERDANG,93235,55.28,29.47,12.27,0.32,0.82,0.35,1.48,99.75,0.02,0.2,0.04,9.1,25.6,19.2,19.4,14.5,8,3.3,0.7,0.1,50,50,URBAN
P.104_N. 30,SELANGOR,P.104,SUBANG,N. 30,KINRARA,123782,25.28,53.15,19.34,0.04,0.63,0.43,1.13,99.22,0.03,0.63,0.13,8.2,23.4,18.6,18.5,16.8,9.7,3.7,1,0.1,49.7,50.3,URBAN
P.104_N. 31,SELANGOR,P.104,SUBANG,N. 31,SUBANG JAYA,111970,27.44,55.23,13.97,0.02,1.02,0.45,1.86,99.06,0.08,0.86,0,4.5,18.6,21.5,16.4,15.6,15.7,6.2,1.4,0.2,48.9,51.1,URBAN
P.105_N. 32,SELANGOR,P.105,PETALING JAYA,N. 32,SERI SETIA,80371,52.15,20.62,23.44,0.04,1.11,0.48,2.16,95.33,0.03,0.23,4.41,6.1,20.5,22.7,18.5,15.4,10.9,4.5,1.2,0.2,50,50,URBAN
P.105_N. 33,SELANGOR,P.105,PETALING JAYA,N. 33,TAMAN MEDAN,61959,65.09,12.03,19.92,0.01,0.36,0.18,2.41,99.99,0.01,0,0,5.9,19.7,21.4,19.4,15.3,11.3,5.4,1.4,0.3,49.2,50.8,URBAN
P.105_N. 34,SELANGOR,P.105,PETALING JAYA,N. 34,BUKIT GASING,54238,16.98,62.1,17.66,0.06,0.33,0.21,2.66,98.43,0.05,1.52,0,2.8,10.4,13.6,15.4,18.1,18.9,13.3,5.8,1.7,48.4,51.6,URBAN
P.106_N. 35,SELANGOR,P.106,DAMANSARA,N. 35,KAMPUNG TUNKU,58357,15,72.51,10.22,0.01,0.3,0.16,1.8,99.51,0.03,0.46,0,2.9,9.6,13.1,17,18.2,17.9,14.3,6,1,47.6,52.4,URBAN
P.106_N. 36,SELANGOR,P.106,DAMANSARA,N. 36,BANDAR UTAMA,73038,15.07,72.63,8.61,0.01,0.33,0.18,3.19,99.67,0.05,0.28,0,4.5,15.7,18.6,18.4,15.8,15.3,9,2.3,0.4,48.8,51.2,URBAN
P.106_N. 37,SELANGOR,P.106,DAMANSARA,N. 37,BUKIT LANJAN,110583,27.71,58.24,10.78,0.55,0.71,0.33,1.68,99.92,0.04,0.04,0,7.5,23.2,21.1,18.9,14.9,9.3,3.8,1,0.1,49,51,URBAN
P.107_N. 38,SELANGOR,P.107,SUNGAI BULOH,N. 38,PAYA JARAS,72563,66.42,15.54,9.1,0.15,0.41,0.25,8.12,99.14,0.02,0.02,0.81,9.5,27.4,22.5,16.2,12.8,8,2.8,0.6,0.1,50,50,URBAN
P.107_N. 39,SELANGOR,P.107,SUNGAI BULOH,N. 39,KOTA DAMANSARA,90130,60.55,24.69,11.02,0.05,1.1,0.54,2.05,97.58,0.04,0.83,1.55,9.3,26.4,20.2,17.6,14.7,8.1,3,0.7,0.1,50.1,49.9,URBAN
P.108_N. 40,SELANGOR,P.108,SHAH ALAM,N. 40,KOTA ANGGERIK,95104,72.3,17.3,8.48,0.19,0.53,0.35,0.85,97.38,0.06,2.5,0.06,9.4,25.9,21.5,17.1,12.3,9,3.9,0.8,0.1,50.3,49.7,URBAN
P.108_N. 41,SELANGOR,P.108,SHAH ALAM,N. 41,BATU TIGA,75486,74.96,7.47,15.47,0.03,0.56,0.21,1.3,99.99,0.01,0,0,6.2,19.9,22.6,19.2,14.9,12,4.4,0.6,0.1,49.5,50.5,URBAN
P.109_N. 42,SELANGOR,P.109,KAPAR,N. 42,MERU,65801,57.17,16.74,24.48,0.03,0.38,0.18,1.02,98.97,0.01,1.02,0,8.8,27.3,22,17,13.5,7.8,2.9,0.6,0.1,49.4,50.6,URBAN
P.109_N. 43,SELANGOR,P.109,KAPAR,N. 43,SEMENTA,68969,74.49,13.33,10.15,0.02,0.26,0.13,1.62,99.99,0.01,0,0,8.5,25.9,22,17,14,8.4,3.4,0.8,0.1,50.1,49.9,URBAN
P.109_N. 44,SELANGOR,P.109,KAPAR,N. 44,SELAT KLANG,57613,73.99,15.05,6.78,0.18,0.97,0.14,2.9,99.94,0.01,0.05,0,7,22.5,21.8,17.5,15.2,10.3,4.5,1,0.2,49.7,50.3,URBAN
P.110_N. 45,SELANGOR,P.110,KLANG,N. 45,BANDAR BARU KLANG,82826,16.02,67.65,15.18,0.01,0.27,0.1,0.77,99.97,0.03,0,0,5,18.2,19.3,18.3,15.7,13.9,7.1,2.1,0.4,49.3,50.7,URBAN
P.110_N. 46,SELANGOR,P.110,KLANG,N. 46,PELABUHAN KLANG,51907,61.96,18.07,16.39,0.39,0.9,0.31,1.98,98.94,0.01,0.25,0.8,8.1,23.3,20.5,19.1,14.7,9.2,4,1,0.2,50.5,49.5,URBAN
P.110_N. 47,SELANGOR,P.110,KLANG,N. 47,PANDAMARAN,75777,15.37,59.26,22.81,0.02,1.04,0.22,1.29,98.97,0.02,1.01,0,4.3,15.1,18,18.2,17.1,15.4,8.7,2.6,0.7,49.9,50.1,URBAN
P.111_N. 48,SELANGOR,P.111,KOTA RAJA,N. 48,SENTOSA,90270,15.1,41.02,41.08,0.02,1.61,0.22,0.95,99.97,0.03,0,0,8.5,25.8,22.6,18.2,13.1,7.9,3.2,0.7,0.1,48.7,51.3,URBAN
P.111_N. 49,SELANGOR,P.111,KOTA RAJA,N. 49,SUNGAI KANDIS,78605,69.05,12.98,15.17,0.04,0.69,0.21,1.86,99.97,0.03,0,0,9,25.1,22,17.6,13.1,8.8,3.5,0.7,0.2,49.2,50.8,URBAN
P.111_N. 50,SELANGOR,P.111,KOTA RAJA,N. 50,KOTA KEMUNING,81946,39.92,33.37,23.12,0.04,1.57,0.48,1.5,99.9,0.05,0.05,0,9.5,25.9,18.9,17.5,15.5,8.8,3.1,0.7,0.1,50.1,49.9,URBAN
P.112_N. 51,SELANGOR,P.112,KUALA LANGAT,N. 51,SIJANGKANG,62907,71.28,7.98,14.34,3.98,0.51,0.15,1.77,99.95,0.01,0.04,0,8.9,25.1,21.9,18.2,13.3,8.1,3.3,0.9,0.3,49.5,50.5,SEMI URBAN
P.112_N. 52,SELANGOR,P.112,KUALA LANGAT,N. 52,BANTING,44972,18.11,57.41,22.49,0.61,0.49,0.09,0.8,99.91,0.01,0.08,0,6.3,20.3,22.2,19.1,14.4,11.2,4.8,1.5,0.2,49.8,50.2,SEMI URBAN
P.112_N. 53,SELANGOR,P.112,KUALA LANGAT,N. 53,MORIB,43828,71.12,10.64,15.44,0.58,0.29,0.2,1.73,97.64,0,0.83,1.53,7.1,23.7,23.9,16.9,13,9.7,4.3,1.3,0.2,50,50,SEMI URBAN
P.113_N. 54,SELANGOR,P.113,SEPANG,N. 54,TANJONG SEPAT,32312,57.85,26.2,11.71,3.37,0.12,0.03,0.71,99.99,0.01,0,0,6,21.2,21.7,17.6,15.4,10.8,5.1,1.8,0.3,50.3,49.7,SEMI URBAN
P.113_N. 55,SELANGOR,P.113,SEPANG,N. 55,DENGKIL,93931,69.04,14.6,10.68,2.6,0.84,0.42,1.82,99.74,0.04,0.22,0,10.7,26.7,20.9,18.2,12.5,7.2,2.9,0.8,0.2,50,50,SEMI URBAN
P.113_N. 56,SELANGOR,P.113,SEPANG,N. 56,SUNGAI PELEK,47335,56.9,22.56,17.59,0.12,0.86,0.48,1.49,96.6,0.03,3.37,0,7.9,23.9,22.3,17.1,13.8,9.6,3.8,1.2,0.2,50.6,49.4,SEMI URBAN
P.126_N.01,NEGERI SEMBILAN,P.126,JELEBU,N.01,CHENNAH,14554,46.34,44.26,2.10,5.90,0.10,0.10,1.21,99.77,0.01,0.22,0,4.6,15,20.7,17.9,16.6,13.7,7.7,3.2,0.5,51.6,48.4,RURAL
P.126_N.02,NEGERI SEMBILAN,P.126,JELEBU,N.02,PERTANG,12897,65.55,19.97,6.68,7.14,0.17,0.02,0.47,99.9,0.01,0.09,0,4.5,15.9,22.8,21.7,13.9,11.2,7.6,2.1,0.4,50.7,49.3,RURAL
P.126_N.03,NEGERI SEMBILAN,P.126,JELEBU,N.03,SUNGAI LUI,20206,79.23,5.72,8.70,5.67,0.19,0.13,0.36,92.16,0,7.84,0,4.6,21.1,26.3,20.8,8,10.7,7.1,1.1,0.1,50.6,49.4,RURAL
P.126_N.04,NEGERI SEMBILAN,P.126,JELEBU,N.04,KLAWANG,13163,65.40,28.06,3.87,1.84,0.15,0.07,0.61,98.34,0.02,1.65,0,5.3,18.7,20.2,17.2,15.2,13.2,6.6,3,0.6,50.1,49.9,RURAL
P.127_N.05,NEGERI SEMBILAN,P.127,JEMPOL,N.05,SERTING,30287,77.64,12.51,8.69,0.26,0.10,0.10,0.70,99,0.01,1,0,4.7,21,30.9,14,10.7,13,4.4,1.2,0.2,49.1,50.9,SEMI URBAN
P.127_N.06,NEGERI SEMBILAN,P.127,JEMPOL,N.06,PALONG,23494,92.09,1.63,5.85,0.10,0.07,0.04,0.22,100,0,0,0,3.9,16.2,32.1,19.5,5.8,15.2,6.9,0.4,0,48.6,51.4,RURAL
P.127_N.07,NEGERI SEMBILAN,P.127,JEMPOL,N.07,JERAM PADANG,16332,51.17,9.69,33.63,4.73,0.08,0.11,0.59,99.9,0.01,0.09,0,5.8,19.1,23.1,19.8,12.5,11.2,6.7,1.4,0.3,48,52,RURAL
P.127_N.08,NEGERI SEMBILAN,P.127,JEMPOL,N.08,BAHAU,25769,29.56,58.90,10.58,0.07,0.16,0.06,0.67,99.65,0,0.35,0,5.3,18.7,20.9,16.8,15.1,13.2,6.9,2.8,0.4,49.7,50.3,SEMI URBAN
P.128_N.09,NEGERI SEMBILAN,P.128,SEREMBAN,N.09,LENGGENG,27386,75.67,14.98,5.33,2.45,0.20,0.15,1.22,99.77,0.02,0.21,0,6.7,23.8,21.5,15.2,14.7,11.3,4.8,1.6,0.4,49.3,50.7,URBAN
P.128_N.10,NEGERI SEMBILAN,P.128,SEREMBAN,N.10,NILAI,42168,43.40,31.91,21.63,0.72,0.71,0.46,1.17,98.96,0.02,0.94,0.08,9.3,25,19.7,17.6,13.5,9.2,4.1,1.4,0.3,50.8,49.2,SEMI URBAN
P.128_N.11,NEGERI SEMBILAN,P.128,SEREMBAN,N.11,LOBAK,23193,4.29,72.10,21.53,1.02,0.20,0.07,0.78,99.97,0.03,0,0,3.7,13.4,18.2,18.4,16.5,15.7,9.5,3.7,1,48,52,URBAN
P.128_N.12,NEGERI SEMBILAN,P.128,SEREMBAN,N.12,TEMIANG,13085,37.66,44.60,14.86,0.34,0.36,0.27,1.92,92.26,0.04,7.7,0,3.6,13.3,21,17.2,14.9,16.5,9.4,3.3,0.9,52.3,47.7,URBAN
P.128_N.13,NEGERI SEMBILAN,P.128,SEREMBAN,N.13,SIKAMAT,32343,70.49,19.70,7.97,0.06,0.36,0.20,1.22,99.44,0.03,0.53,0,7.3,23.6,23,16.6,12.4,10.6,5,1.2,0.2,48.8,51.2,URBAN
P.128_N.14,NEGERI SEMBILAN,P.128,SEREMBAN,N.14,AMPANGAN,20992,72.17,15.92,8.49,0.03,0.19,0.10,3.10,99.96,0.04,0,0,5,18.3,20.2,16.9,16,14,6.6,2.5,0.6,48.9,51.1,URBAN
P.129_N.15,NEGERI SEMBILAN,P.129,KUALA PILAH,N.15,JUASSEH,13408,79.50,11.87,5.40,2.11,0.16,0.11,0.84,99.99,0.01,0,0,5.7,19.7,20.7,16.5,14.8,12.7,6,3.1,0.7,48.6,51.4,RURAL
P.129_N.16,NEGERI SEMBILAN,P.129,KUALA PILAH,N.16,SERI MENANTI,10045,91.62,2.46,0.39,4.74,0.08,0.12,0.60,99.76,0,0.24,0,5.1,16.8,18.1,18.1,16.4,13.6,6.9,3.9,0.9,48.9,51.1,RURAL
P.129_N.17,NEGERI SEMBILAN,P.129,KUALA PILAH,N.17,SENALING,9886,80.11,15.51,3.63,0.06,0.03,0.11,0.55,99.97,0.03,0,0,4.5,15.1,22.3,18.2,12.6,15.3,7.9,3.4,0.6,49.9,50.1,RURAL
P.129_N.18,NEGERI SEMBILAN,P.129,KUALA PILAH,N.18,PILAH,17692,65.26,24.92,8.79,0.05,0.25,0.11,0.62,98.2,0.01,1.8,0,4.8,18.8,22.4,16.1,14.5,13.4,6.6,2.8,0.6,49.5,50.5,RURAL
P.129_N.19,NEGERI SEMBILAN,P.129,KUALA PILAH,N.19,JOHOL,12313,72.84,16.28,5.21,5.11,0.10,0.06,0.40,99.85,0.01,0.15,0,5,17.5,19.7,17.9,16.9,12.5,6.6,3.3,0.6,50.3,49.7,RURAL
P.130_N.20,NEGERI SEMBILAN,P.130,RASAH,N.20,LABU,30478,74.72,7.92,13.87,1.69,0.58,0.27,0.95,99.92,0.02,0.05,0,9.4,26.3,19.4,16.1,14.5,9.3,3.5,1.2,0.4,49.7,50.3,SEMI URBAN
P.130_N.21,NEGERI SEMBILAN,P.130,RASAH,N.21,BUKIT KEPAYANG,46229,26.59,49.25,22.23,0.19,0.38,0.21,1.15,98.58,0.04,1.39,0,8.4,24.8,19.5,15.5,12.9,10.9,5.8,1.8,0.5,49.6,50.4,URBAN
P.130_N.22,NEGERI SEMBILAN,P.130,RASAH,N.22,RAHANG,20182,29.21,44.89,22.76,0.10,0.38,0.36,2.29,92.31,0.01,0.21,7.46,2.8,12.8,19.5,17.6,15.9,15.7,10.6,4.1,1,50.1,49.9,URBAN
P.130_N.23,NEGERI SEMBILAN,P.130,RASAH,N.23,MAMBAU,28952,13.56,58.71,25.78,0.01,0.25,0.14,1.55,99.89,0.03,0.08,0,4.5,17.9,21.9,19,15.1,12.6,6.6,2.1,0.3,48.7,51.3,URBAN
P.130_N.24,NEGERI SEMBILAN,P.130,RASAH,N.24,SEREMBAN JAYA,32290,24.05,47.14,27.24,0.02,0.19,0.46,0.90,99.98,0.02,0,0,7.1,22.9,21.8,17.5,14.1,10.5,4.3,1.5,0.2,48.8,51.2,URBAN
P.131_N.25,NEGERI SEMBILAN,P.131,REMBAU,N.25,PAROI,60704,77.58,6.22,14.94,0.04,0.24,0.16,0.82,98.52,0.04,0.24,1.2,8.7,27.5,22.4,15.3,12.7,9.5,3.2,0.6,0.1,49,51,URBAN
P.131_N.26,NEGERI SEMBILAN,P.131,REMBAU,N.26,CHEMBONG,25625,81.20,6.36,9.97,1.36,0.15,0.11,0.84,98.75,0.01,1.24,0,6.7,23,21.2,15.2,14.8,11.5,5,2.1,0.5,48.4,51.6,SEMI URBAN
P.131_N.27,NEGERI SEMBILAN,P.131,REMBAU,N.27,RANTAU,32890,55.15,15.73,27.44,0.04,0.41,0.28,0.95,96.39,0.01,0.08,3.51,6.6,21.5,22.5,18.2,13.9,10.6,4.7,1.6,0.4,50.2,49.8,SEMI URBAN
P.131_N.28,NEGERI SEMBILAN,P.131,REMBAU,N.28,KOTA,16510,86.01,6.70,5.17,1.14,0.13,0.06,0.78,99.9,0.02,0.08,0,4.6,16.8,20.9,17.2,16.1,13.3,7,3.4,0.7,48.8,51.2,RURAL
P.132_N.29,NEGERI SEMBILAN,P.132,PORT DICKSON,N.29,CHUAH,15095,23.70,54.08,21.40,0.08,0.13,0.12,0.49,99.8,0.01,0.19,0,4.8,16.2,20.1,19,17.1,12.7,7.2,2.6,0.4,50.8,49.2,RURAL
P.132_N.30,NEGERI SEMBILAN,P.132,PORT DICKSON,N.30,LUKUT,26806,22.98,49.22,26.21,0.01,0.24,0.25,1.09,99.9,0.01,0.09,0,6.9,23.1,21.7,17.7,14.4,9.9,4.7,1.4,0.3,49.8,50.2,SEMI URBAN
P.132_N.31,NEGERI SEMBILAN,P.132,PORT DICKSON,N.31,BAGAN PINANG,27790,75.85,6.90,10.01,2.00,1.84,1.88,1.51,68.49,0,0.1,31.41,16.1,30,19.9,12.5,10.1,7.1,3.1,1,0.3,59.7,40.3,SEMI URBAN
P.132_N.32,NEGERI SEMBILAN,P.132,PORT DICKSON,N.32,LINGGI,20696,61.03,17.23,17.62,1.38,0.72,0.94,1.09,87.58,0,0.2,12.21,4.2,19.1,25.5,18.6,13.6,10.9,5.7,1.8,0.5,50.8,49.2,RURAL
P.132_N.33,NEGERI SEMBILAN,P.132,PORT DICKSON,N.33,SRI TANJUNG,19431,37.46,31.39,28.10,0.01,0.99,0.47,1.58,98.08,0.01,1.91,0,5.2,18.5,20.3,17.5,14.3,14.1,7.1,2.3,0.6,49.7,50.3,SEMI URBAN
P.133_N.34,NEGERI SEMBILAN,P.133,TAMPIN,N.34,GEMAS,29648,83.37,7.74,4.85,0.21,1.21,2.00,0.61,82.8,0,0.11,17.08,4.5,21.7,30.5,19,8.1,10.2,4.8,1.1,0.2,52.1,47.9,SEMI URBAN
P.133_N.35,NEGERI SEMBILAN,P.133,TAMPIN,N.35,GEMENCHEH,24602,61.92,22.16,15.16,0.06,0.06,0.08,0.56,99.88,0.01,0.11,0,5.2,18.7,21.4,18.6,15.6,11.3,6,2.9,0.3,49.9,50.1,RURAL
P.133_N.36,NEGERI SEMBILAN,P.133,TAMPIN,N.36,REPAH,27284,39.54,41.39,17.60,0.42,0.13,0.08,0.85,98.86,0.01,1.13,0,5.3,20.4,22.8,16.7,14.1,12.5,6,2,0.3,49.4,50.6,SEMI URBAN