UNIQUE CODE,STATE,PARLIAMENTARY CODE,PARLIAMENTARY NAME,STATE CONSTITUENCY CODE,STATE CONSTITUENCY NAME,WINNING PARTY (2022),UNCONTESTED VICTORY,TOTAL ELECTORATE,WINNING MAJORITY,TURNOUT (%),TOTAL BALLOTS ISSUED,TOTAL UNRETURNED BALLOTS,TOTAL REJECTED VOTES,TOTAL VALID VOTES,BN,BN CANDIDATE,BN CANDIDATE GENDER,BN CANDIDATE AGE,BN VOTE,BN CANDIDATE LOST DEPOSIT,PH,PH CANDIDATE,PH CANDIDATE GENDER,PH CANDIDATE AGE,PH VOTE,PH CANDIDATE LOST DEPOSIT,PN,PN CANDIDATE,PN CANDIDATE GENDER,PN CANDIDATE AGE,PN CANDIDATE VOTE,PN CANDIDATE LOST DEPOSIT,PBM,PBM CANDIDATE,PBM CANDIDATE GENDER,PBM CANDIDATE AGE,PBM VOTE,PBM CANDIDATE LOST DEPOSIT,PEJUANG,PEJUANG CANDIDATE,PEJUANG CANDIDATE GENDER,PEJUANG CANDIDATE AGE,PEJUANG VOTE,PEJUANG CANDIDATE LOST DEPOSIT,MUDA,MUDA CANDIDATE,MUDA CANDIDATE GENDER,MUDA CANDIDATE AGE,MUDA VOTE,MUDA CANDIDATE  LOST DEPOSIT,WARISAN,WARISAN CANDIDATE,WARISAN CANDIDATE GENDER,WARISAN CANDIDATE AGE,WARSIAN VOTE,WARISAN CANDIDATE LOST DEPOSIT,PSM,PSM CANDIDATE,PSM CANDIDATE GENDER,PSM CANDIDATE AGE,PSM VOTE,PSM CANDIDATE LOST DEPOSIT,PUTRA,PUTRA CANDIDATE,PUTRA CANDIDATE GENDER,PUTRA CANDIDATE AGE,PUTRA VOTE,PUTRA CANDIDATE LOST DEPOSIT,INDEPENDENT 1,INDEPENDENT 1 CANDIDATE,INDEPENDENT 1 CANDIDATE GENDER,INDEPENDENT 1 CANDIDATE AGE,INDEPENDENT 1 VOTE,INDEPENDENT 1 CANDIDATE LOST DEPOSIT,INDEPENDENT 2,INDEPENDENT 2 CANDIDATE,INDEPENDENT 2 CANDIDATE GENDER,INDEPENDENT 2 CANDIDATE AGE,INDEPENDENT 2 VOTE,INDEPENDENT 2 CANDIDATE LOST DEPOSIT,INDEPENDENT 3,INDEPENDENT 3 CANDIDATE,INDEPENDENT 3 CANDIDATE GENDER,INDEPENDENT 3 CANDIDATE AGE,INDEPENDENT 3 CANDIDATE VOTE,INDEPENDENT 3 CANDIDATE LOST DEPOSIT
P.140_N. 01,JOHOR,P.140,SEGAMAT,N. 01,BULOH KASAP,BN-UMNO,,28481,5377,57.07,16255,67,464,15724,UMNO,ZAHARI SARIP,MALE,55,8956,,PKR,SUBRAMANI CHAMI,MALE,55,3579,,PPBM,NORAZMAN,MALE,51,2999,,,,,,,,PEJUANG,MOHD HANAFI BIN AHMAD,MALE,49,190,LOST DEPOSIT,,,,,,,,,,,,,,,,,,,,,,,,,,,,,,,,,,,,,,,,,,
P.140_N. 02,JOHOR,P.140,SEGAMAT,N. 02,JEMENTAH,PH-DAP,,41221,714,53.73,22146,104,348,21694,MCA,SEE ANN GIAP,MALE,31,8163,,DAP,NG KOR SIM,FEMALE,39,8877,,PAS,CIKGU MUNA,FEMALE,46,4654,,,,,,,,,,,,,,,,,,,,,,,,,,,,,,,,,,,,,,,,,,,,,,,,,,,,,,,
P.141_N. 03,JOHOR,P.141,SEKIJANG,N. 03,PEMANIS,BN-UMNO,,29923,4187,58.95,17640,98,301,17241,UMNO,ANUAR BIN ABD. MANAP,MALE,46,8678,,PKR,YOONG THAU,MALE,60,4491,,PPBM,UZZAIR BIN ISMAIL,MALE,39,3825,,,,,,,,PEJUANG,DR. HJ. AZITA BIN AMRIN,MALE,63,247,LOST DEPOSIT,,,,,,,,,,,,,,,,,,,,,,,,,,,,,,,,,,,,,,,,,,
P.141_N. 04,JOHOR,P.141,SEKIJANG,N. 04,KEMELAH,BN-MIC,,33702,1611,55.69,18770,80,412,18278,MIC,SARAS,FEMALE,58,7518,,PAN,DR. SULAIMAN MOHD NOH,MALE,62,5907,,PAS,CIKGU MALA,FEMALE,49,4639,,,,,,,,PEJUANG,NORIZAN BIN SAHARDIN,MALE,59,214,LOST DEPOSIT,,,,,,,,,,,,,,,,,,,,,,,,,,,,,,,,,,,,,,,,,,
P.142_N. 05,JOHOR,P.142,LABIS,N. 05,TENANG,BN-UMNO,,22613,1736,54.47,12317,59,281,11977,UMNO,HASLINDA BINTI SALLEH,FEMALE,48,5380,,,,,,,,PPBM,AHMAD HUMAIZI BIN UZIR,MALE,38,2729,,,,,,,,PEJUANG,MOHD FAUZI BIN BACHOK,MALE,44,224,LOST DEPOSIT,MUDA,LIM WEI JIET,MALE,31,3644,,,,,,,,,,,,,,,,,,,,,,,,,,,,,,,,,,,,,
P.142_N. 06,JOHOR,P.142,LABIS,N. 06,BEKOK,BN-MCA,,27426,3569,51.31,14071,86,271,13714,MCA,TAN CHONG,MALE,47,7036,,DAP,KANAN M.,MALE,,3467,,PPBM,TAN LEK KHANG,MALE,37,2881,,,,,,,,,,,,,,,,,,,,WARISAN,SANDARA SEGARAN A/L ARUMUGAM,MALE,54,330,LOST DEPOSIT,,,,,,,,,,,,,,,,,,,,,,,,,,,,,,
P.143_N. 07,JOHOR,P.143,PAGOH,N. 07,BUKIT KEPONG,PN-PPBM,,37495,710,61.01,22874,85,486,22303,UMNO,HJ ISMAIL BIN MOHAMED,MALE,51,9163,,,,,,,,PPBM,DATO' DR SAHRUDDIN BIN JAMAL,MALE,47,9873,,,,,,,,PEJUANG,HJ. MD TAIB SUHUT,MALE,60,191,LOST DEPOSIT,MUDA,AFIQAH ZULKIFLI,FEMALE,31,3076,,,,,,,,,,,,,,,,,,,,,,,,,,,,,,,,,,,,,
P.143_N. 08,JOHOR,P.143,PAGOH,N. 08,BUKIT PASIR,BN-UMNO,,32213,198,59.85,19281,63,381,18837,UMNO,MOHAMAD FAZLI BIN MOHAMAD SALLEH,MALE,35,6048,,PAN,ELIA NADIRA,FEMALE,38,4676,,PAS,IQBAL RAZAK,MALE,37,5850,,,,,,,,PEJUANG,MOHD AKHIRI BIN MAHMOOD,MALE,50,196,LOST DEPOSIT,,,,,,,,,,,,,,,,,,,,,,,,,INDEPENDENT - KEY,JOHAR BIN HAJI SIRAJ,MALE,,207,LOST DEPOSIT,INDEPENDENT - PENCIL,YB KAPT(B) NAJIB LEP,MALE,59,1860,LOST DEPOSIT,,,,,,
P.144_N. 09,JOHOR,P.144,LEDANG,N. 09,GAMBIR,BN-UMNO,,29434,3146,61.33,18053,245,305,17503,UMNO,SAHRIHAN JANI,MALE,44,7960,,PKR,NAIM JUSRI,MALE,38,4509,,PPBM,MOHD SOLIHAN BIN BADRI,MALE,65,4814,,,,,,,,PEJUANG,SURAYA BINTI SULAIMAN,FEMALE,41,220,LOST DEPOSIT,,,,,,,,,,,,,,,,,,,,,,,,,,,,,,,,,,,,,,,,,,
P.144_N. 10,JOHOR,P.144,LEDANG,N. 10,TANGKAK,PH-DAP,,35554,372,56.95,20247,81,326,19840,MCA,ONG CHEE SIANG,MALE,32,7733,,DAP,EE CHIN LI,MALE,40,8105,,PPBM,DR. CHONG,MALE,62,3092,,,,,,,,PEJUANG,MUHAMMAD AIREL ZABRIDIN,MALE,26,789,LOST DEPOSIT,,,,,,,,,,,,,,,,,,,,,,,,,INDEPENDENT - TREE,ZAINAL BAHROM BIN A KADIR,MALE,63,121,LOST DEPOSIT,,,,,,,,,,,,
P.144_N. 11,JOHOR,P.144,LEDANG,N. 11,SEROM,BN-UMNO,,39018,699,58.05,22651,108,387,22156,UMNO,KHAIRIN-NISA,FEMALE,57,8507,,PAN,ASIM ABDULLAH,MALE,32,5509,,PAS,USTAZ TOK RAHMAT,MALE,51,7808,,,,,,,,PEJUANG,ABDUL AZIM BIN ABDUL MALEK,MALE,34,332,LOST DEPOSIT,,,,,,,,,,,,,,,,,,,,,,,,,,,,,,,,,,,,,,,,,,
P.145_N. 12,JOHOR,P.145,BAKRI,N. 12,BENTAYAN,PH-DAP,,34728,7476,49.91,17334,91,239,17004,MCA,GAN Q'I RU,FEMALE,39,3497,,DAP,NG YAK HOWE,MALE,49,10973,,GERAKAN,EDDY TAN KOK HONG,MALE,39,2534,,,,,,,,,,,,,,,,,,,,,,,,,,,,,,,,,,,,,,,,,,,,,,,,,,,,,,,
P.145_N. 13,JOHOR,P.145,BAKRI,N. 13,SIMPANG JERAM,PH-PAN,,40014,2399,54.72,21897,141,387,21369,UMNO,DATUK LOKMAN MD DON,MALE,60,6062,,PAN,DATUK SERI SALAHUDDIN AYUB,MALE,60,8749,,PAS,USTAZ ZARUL BIN SALLEH,MALE,43,6350,,,,,,,,PEJUANG,MAHAIZAL BIN MAHMOR,MALE,50,208,LOST DEPOSIT,,,,,,,,,,,,,,,,,,,,,,,,,,,,,,,,,,,,,,,,,,
P.145_N. 14,JOHOR,P.145,BAKRI,N. 14,BUKIT NANING,BN-UMNO,,22594,1535,64.4,14550,56,238,14256,UMNO,DATUK HJ MOHD FUAD,MALE,53,5437,,PKR,MD YSAHRUDIN BIN KUSNI,MALE,43,3317,,PPBM,HJ. MAHADZIR BIN HJ ABU SAID,MALE,56,3902,,,,,,,,PEJUANG,DATO' IBRAHIM BIN SHAFE'E,MALE,57,86,LOST DEPOSIT,,,,,,,,,,,,,,,,,,,,,,,,,INDEPENDENT - ELEPHANT,S. JEGANATHAN,MALE,53,1514,LOST DEPOSIT,,,,,,,,,,,,
P.146_N. 15,JOHOR,P.146,MUAR,N. 15,MAHARANI,PN-PAS,,38596,1037,55.76,21523,151,356,21016,UMNO,NOOR FARAH BINTI SHAMSUDIN,FEMALE,36,5861,,PAN,NOR HAYATI BACHOK,FEMALE,60,6522,,PAS,HJ. ABDUL AZIZ TALIB,MALE,64,7559,,PBM,HANIS ASMUI,MALE,27,190,LOST DEPOSIT,PEJUANG,RIAD BIN AHMAD,MALE,37,292,LOST DEPOSIT,,,,,,,,,,,,,,,,,,,,,,,,,INDEPENDENT - ELEPHANT,LIM KIM JOO,MALE,58,592,LOST DEPOSIT,,,,,,,,,,,,
P.146_N. 16,JOHOR,P.146,MUAR,N. 16,SUNGAI BALANG,BN-UMNO,,30121,2293,61.83,18624,93,331,18200,UMNO,SELAMAT BIN TAKIM,MALE,56,8294,,PKR,CIKGU ABDULLAH,MALE,59,3576,,PPBM,DATUK HJ ZAINUDIN BIN SAYUTI,MALE,61,6001,,,,,,,,PEJUANG,INTAN NADIRA SHAFIKA,FEMALE,28,329,LOST DEPOSIT,,,,,,,,,,,,,,,,,,,,,,,,,,,,,,,,,,,,,,,,,,
P.147_N. 17,JOHOR,P.147,PARIT SULONG,N. 17,SEMERAH,BN-UMNO,,46640,4041,61.36,28620,161,543,27916,UMNO,MOHD FARED KHALID,MALE,42,12542,,PKR,KHUZZAN,MALE,54,6265,,PPBM,DATUK ARISS BIN SAMSUDIN,MALE,66,8501,,,,,,,,PEJUANG,MAHDZIR BIN IBRAHIM,MALE,46,361,LOST DEPOSIT,,,,,,,,,,,,,,,,,,,PUTRA,KAMAROLZAMAN BIN MOHD JIDI,MALE,65,247,LOST DEPOSIT,,,,,,,,,,,,,,,,,,
P.147_N. 18,JOHOR,P.147,PARIT SULONG,N. 18,SRI MEDAN,BN-UMNO,,32696,6274,68.02,22241,139,350,21752,UMNO,DATO' ZULKURNAIN BIN HJ.KAMISAN,MALE,50,13165,,PKR,AZMI BIN MASRANI,MALE,68,1537,LOST DEPOSIT,PAS,HALIM OTHMAN BIN KEPOL,MALE,57,6891,,,,,,,,PEJUANG,MOHD FIRDAUS BIN ABDUL MALEK,MALE,39,159,LOST DEPOSIT,,,,,,,,,,,,,,,,,,,,,,,,,,,,,,,,,,,,,,,,,,
P.148_N. 19,JOHOR,P.148,AYER HITAM,N. 19,YONG PENG,BN-MCA,,33053,2741,57.53,19017,83,254,18680,MCA,AH SOON,MALE,38,9870,,DAP,ALAN TEE BOON TSONG,MALE,43,7129,,GERAKAN,SUSAN YONG,FEMALE,54,1681,LOST DEPOSIT,,,,,,,,,,,,,,,,,,,,,,,,,,,,,,,,,,,,,,,,,,,,,,,,,,,,,,
P.148_N. 20,JOHOR,P.148,AYER HITAM,N. 20,SEMARANG,BN-UMNO,,27734,5846,66.75,18513,224,330,17959,UMNO,DATUK SAMSOLBARI,MALE,62,11122,,PKR,HARYATI ABU NASIR,FEMALE,52,1331,LOST DEPOSIT,PPBM,SHAZANI A HAMID,FEMALE,31,5276,,,,,,,,PEJUANG,ADZLAN BIN HJ RAJU,MALE,52,230,LOST DEPOSIT,,,,,,,,,,,,,,,,,,,,,,,,,,,,,,,,,,,,,,,,,,
P.149_N. 21,JOHOR,P.149,SRI GADING,N. 21,PARIT YAANI,BN-UMNO,,41851,294,57.59,24101,157,424,23520,UMNO,DATUK NAJIB SAMURI,MALE,39,9070,,PAN,CIKGU AMINOLHUDA,MALE,63,8776,,PAS,AHMAD NAWFAL DATO' MAHFODZ,MALE,38,5435,,,,,,,,PEJUANG,RIDHAUDDIN TAHIR,MALE,45,239,LOST DEPOSIT,,,,,,,,,,,,,,,,,,,,,,,,,,,,,,,,,,,,,,,,,,
P.149_N. 22,JOHOR,P.149,SRI GADING,N. 22,PARIT RAJA,BN-UMNO,,36059,4219,60.89,21957,164,341,21452,UMNO,RASHIDAH RAMLI,FEMALE,43,10634,,,,,,,,PPBM,ZULKIFLI B MAT DAUD,MALE,61,6415,,,,,,,,PEJUANG,LATEEF MAHRANI,MALE,43,510,LOST DEPOSIT,MUDA,FIKRI MUSA,MALE,27,3893,,,,,,,,,,,,,,,,,,,,,,,,,,,,,,,,,,,,,
P.150_N. 23,JOHOR,P.150,BATU PAHAT,N. 23,PENGGARAM,PH-DAP,,69092,9956,50.69,35024,228,870,33926,MCA,TER HWA KWONG,MALE,,8252,,DAP,GAN PECK CHENG,FEMALE,55,18208,,PPBM,RONALD SIA WEE YET,MALE,45,5276,,,,,,,,,,,,,,,,,,,,,,,,,,,,,,,,,,,,,,INDEPENDENT - KEY ,TUAN HAJI ZAHARI BIN HAJI OSMAN,MALE,,2190,LOST DEPOSIT,,,,,,,,,,,,
P.150_N. 24,JOHOR,P.150,BATU PAHAT,N. 24,SENGGARANG,BN-UMNO,,37374,3912,59.24,22139,158,424,21557,UMNO,YUSLA ISMAIL,MALE,54,9725,,PAN,HAMID JAMAH,MALE,51,5813,,PAS,KHAIRUL FAIZI BIN AHMAD KAMIL,MALE,49,5624,,,,,,,,PEJUANG,ZALIHAH BINTI JAFFAR,FEMALE,51,168,LOST DEPOSIT,,,,,,,,,,,,,,,,,,,,,,,,,INDEPENDENT - CLOCK,BAHARUDIN ABDULLAH,MALE,,227,LOST DEPOSIT,,,,,,,,,,,,
P.150_N. 25,JOHOR,P.150,BATU PAHAT,N. 25,RENGIT,BN-UMNO,,27123,1920,61.2,16598,95,346,16157,UMNO,MOHD PUAD ZARKASHI,MALE,65,7903,,PKR,KHAIRUDDIN A RAHIM,MALE,62,2065,,PPBM,MOHAMMAD HUZAIR BIN LAJIS,MALE,57,5983,,,,,,,,PEJUANG,NIZAM BASHIR BIN ABDUL KARIEM BASHIR,MALE,49,206,LOST DEPOSIT,,,,,,,,,,,,,,,,,,,,,,,,,,,,,,,,,,,,,,,,,,
P.151_N. 26,JOHOR,P.151,SIMPANG RENGGAM,N. 26,MACHAP,BN-UMNO,,33764,6543,59.29,20018,120,425,19473,UMNO,ONN HAFIZ GHAZI,MALE,42,11029,,,,,,,,PAS,AZLISHAM BIN AZAHAR,MALE,47,4486,,,,,,,,PEJUANG,DATUK DR SHARUDDIN BIN MD SALLEH,MALE,65,465,LOST DEPOSIT,MUDA,R. SANGARAN,MALE,32,3493,,,,,,,,,,,,,,,,,,,,,,,,,,,,,,,,,,,,,
P.151_N. 27,JOHOR,P.151,SIMPANG RENGGAM,N. 27,LAYANG-LAYANG,BN-UMNO,,25147,2815,56.39,14181,71,381,13729,UMNO,ABD MUTALIP BIN ABD RAHIM,MALE,,7551,,PKR,DR MASZLEE MALIK,MALE,48,4736,,PPBM,ALAGENTHIRAN KRISHNAN,MALE,36,1278,LOST DEPOSIT,,,,,,,PEJUANG,AHMAD SHAFIQ OTHAMAN,MALE,33,164,LOST DEPOSIT,,,,,,,,,,,,,,,,,,,,,,,,,,,,,,,,,,,,,,,,,,
P.152_N. 28,JOHOR,P.152,KLUANG,N. 28,MENGKIBOL,PH-DAP,,66362,10107,51.92,34455,246,574,33635,MCA,KELLY CHYE PEI YEE,FEMALE,26,9706,,DAP,CHEW CHONG SIN,MALE,48,19813,,PPBM,WONG CHAN GIAP,MALE,32,4116,LOST DEPOSIT,,,,,,,,,,,,,,,,,,,,,,,,,,,,,,,,,,,,,,,,,,,,,,,,,,,,,,
P.152_N. 29,JOHOR,P.152,KLUANG,N. 29,MAHKOTA,BN-UMNO,,65074,5166,57.34,37316,286,805,36225,UMNO,DATO' SAHRIFAH AZIZAH BINTI DATO' SYED ZAIN,FEMALE,61,16611,,PAN,TAQIUDDIN CHEMAN,MALE,33,11445,,PPBM,MOHAMAD NOR LINGAN,MALE,45,7614,,,,,,,,,,,,,,,,,,,,WARISAN,MOHAMED NOOR BIN SULEIMAN,MALE,61,555,LOST DEPOSIT,,,,,,,,,,,,,,,,,,,,,,,,,,,,,,
P.153_N. 30,JOHOR,P.153,SEMBRONG,N. 30,PALOH,BN-MCA,,25831,3176,58.75,15176,81,424,14671,MCA,LEE TING HAN,MALE,31,8077,,DAP,SHEIKH OMAR ALI,MALE,37,4901,,PAS,SELVENDRAN A/L VELU,MALE,44,1512,LOST DEPOSIT,,,,,,,PEJUANG,AMINUDDIN BIN JOHAR,MALE,30,181,LOST DEPOSIT,,,,,,,,,,,,,,,,,,,,,,,,,,,,,,,,,,,,,,,,,,
P.153_N. 31,JOHOR,P.153,SEMBRONG,N. 31,KAHANG,BN-MIC,,29343,6698,58.92,17288,95,465,16728,MIC,R. VIDYANANTHAN,MALE,49,10486,,PAN,ROHANI BANU,FEMALE,48,2181,,PPBM,DAUD,MALE,51,3788,,,,,,,,PEJUANG,ROSDI AMIR,MALE,50,273,LOST DEPOSIT,,,,,,,,,,,,,,,,,,,,,,,,,,,,,,,,,,,,,,,,,,
P.154_N. 32,JOHOR,P.154,MERSING,N. 32,ENDAU,PN-PPBM,,27924,3041,55.41,15474,61,212,15201,UMNO,YOUZAIMI,MALE,48,5392,,PAN,MOHAMMAD FAKRULRADZI,MALE,32,1154,LOST DEPOSIT,PPBM,ALWIYAH TALIB,FEMALE,60,8433,,,,,,,,PEJUANG,MOHD NOORHISYAM BIN IBRAHIM,MALE,36,145,LOST DEPOSIT,,,,,,,,,,,,,,,,,,,,,,,,,INDEPENDENT - LORRY,ISMAIL BIN DON,MALE,,77,LOST DEPOSIT,,,,,,,,,,,,
P.154_N. 33,JOHOR,P.154,MERSING,N. 33,TENGGAROH,BN-MIC,,38408,1356,57.23,21982,117,423,21442,MIC,RAVEN KUMAR KRISHNASAMY,MALE,40,10528,,PKR,ZULINAH BINTI A JOHARI,FEMALE,47,1529,LOST DEPOSIT,PAS,CIKGU LAN,MALE,61,9172,,,,,,,,PEJUANG,MOHD FIRDAUS BIN ABD RAHMAN,MALE,37,213,LOST DEPOSIT,,,,,,,,,,,,,,,,,,,,,,,,,,,,,,,,,,,,,,,,,,
P.155_N. 34,JOHOR,P.155,TENGGARA,N. 34,PANTI,BN-UMNO,,38408,5854,58.41,22435,102,341,21992,UMNO,HAHASRIN BIN HASHIM,MALE,,12599,,PAN,AHMAD DANIEL,MALE,50,2314,LOST DEPOSIT,PPBM,HASSAN BIN RASID,MALE,49,6745,,,,,,,,PEJUANG,AHMADE BIN MOHD. DIN,MALE,35,334,LOST DEPOSIT,,,,,,,,,,,,,,,,,,,,,,,,,,,,,,,,,,,,,,,,,,
P.155_N. 35,JOHOR,P.155,TENGGARA,N. 35,PASIR RAJA,BN-UMNO,,28045,4888,58.81,16492,88,289,16115,UMNO,RASHIDAH BINTI ISMAIL,FEMALE,,9381,,PKR,FAKHARUDDIN MOSLIM,MALE,34,1976,LOST DEPOSIT,PPBM,INTAN JAWAHIR,FEMALE,45,4493,,,,,,,,PEJUANG,MOHD YUSRI BIN YUSOF,MALE,50,265,LOST DEPOSIT,,,,,,,,,,,,,,,,,,,,,,,,,,,,,,,,,,,,,,,,,,
P.156_N. 36,JOHOR,P.156,KOTA TINGGI,N. 36,SEDILI,BN-UMNO,,28659,5679,67.61,19377,77,309,18991,UMNO,MUSZAIDE BIN MAKMOR,MALE,,12063,,PAN,TOK MAT KHAIRI,MALE,66,333,LOST DEPOSIT,PPBM,ABANG HASNOL,MALE,36,6384,,,,,,,,PEJUANG,TARIQ ISMAIL BIN MUSTAFA,MALE,44,211,LOST DEPOSIT,,,,,,,,,,,,,,,,,,,,,,,,,,,,,,,,,,,,,,,,,,
P.156_N. 37,JOHOR,P.156,KOTA TINGGI,N. 37,JOHOR LAMA,BN-UMNO,,32658,6039,62.6,20444,73,273,20098,UMNO,NORLIZAH BINTI NOH,FEMALE,38,12171,,PKR,OMAR MOKHTAR,MALE,29,1527,LOST DEPOSIT,PPBM,ALIAS RASMAN,MALE,31,6132,,,,,,,,PEJUANG,MOHD SHUKOR BIN AHMAD,MALE,61,268,LOST DEPOSIT,,,,,,,,,,,,,,,,,,,,,,,,,,,,,,,,,,,,,,,,,,
P.157_N. 38,JOHOR,P.157,PENGERANG,N. 38,PENAWAR,BN-UMNO,,29933,7505,63.13,18897,70,300,18527,UMNO,FAUZIAH BINTI MISRI,FEMALE,45,12409,,PAN,NORAZILA SANIP,FEMALE,51,693,LOST DEPOSIT,PPBM,MOHD FAIZAL ASMAR,MALE,46,4904,,,,,,,,PEJUANG,RAHMATTULLAH KAMILIN,MALE,35,521,LOST DEPOSIT,,,,,,,,,,,,,,,,,,,,,,,,,,,,,,,,,,,,,,,,,,
P.157_N. 39,JOHOR,P.157,PENGERANG,N. 39,TANJUNG SURAT,BN-UMNO,,25132,5903,59.88,15048,81,260,14707,UMNO,AZNAN BIN TAMIN,MALE,37,9850,,PKR,ROSMAN TAHIR,MALE,53,800,LOST DEPOSIT,PAS,CIKGU SELAMAT UJUD,MALE,59,3947,,,,,,,,PEJUANG,SAMAT BIN ATAN,MALE,68,110,LOST DEPOSIT,,,,,,,,,,,,,,,,,,,,,,,,,,,,,,,,,,,,,,,,,,
P.158_N. 40,JOHOR,P.158,TEBRAU,N. 40,TIRAM,BN-UMNO,,105707,5281,54.81,57938,468,1053,56417,UMNO,HJ. AZIZUL BIN BACHOK,MALE,43,22939,,PKR,S. GOPALAKRISHNAN,MALE,60,12550,,PAS,DR. KARIM,MALE,64,17658,,PBM,MOHD AZMI BIN ALI,MALE,51,860,LOST DEPOSIT,PEJUANG,DATO' ABDUL AZIZ BIN HJ. HARUN,MALE,47,1391,LOST DEPOSIT,,,,,,,,,,,,,,,,,,,,,,,,,INDEPENDENT - ELEPHANT,BALA SUNDARAM PERUMAL,MALE,49,365,LOST DEPOSIT,INDEPENDENT - PENCIL,JAYASANGKAR A/L JERAMAN,MALE,,654,LOST DEPOSIT,,,,,,
P.158_N. 41,JOHOR,P.158,TEBRAU,N. 41,PUTERI WANGSA,MUDA,,112804,7114,47.93,54063,341,774,52948,MCA,NG YEW AIK,MALE,58,15770,,,,,,,,GERAKAN,LOH KAH YONG,MALE,49,8957,,PBM,STEVEN CHOONG,MALE,64,2471,LOST DEPOSIT,PEJUANG,DR. KHAIRIL ANWAR RAZALI,MALE,50,2468,LOST DEPOSIT,MUDA,AMIRA AISYA,FEMALE,27,22884,,,,,,,,,,,,,,,,,,,,INDEPENDENT - CLOCK,ADZRIN BIN ADAM,MALE,,398,LOST DEPOSIT,,,,,,,,,,,,
P.159_N. 42,JOHOR,P.159,PASIR GUDANG,N. 42,JOHOR JAYA,PH-DAP,,91882,1922,53.22,48902,243,1262,47397,MCA,CHAN SAN SAN,FEMALE,,17860,,DAP,LIOW CAI TUNG,FEMALE,36,19782,,GERAKAN,DR. KER CHING SHENG,MALE,63,8307,,,,,,,,,,,,,,,,,,,,WARISAN,VICTOR CHEN HAIN KAI,MALE,53,1448,LOST DEPOSIT,,,,,,,,,,,,,,,,,,,,,,,,,,,,,,
P.159_N. 43,JOHOR,P.159,PASIR GUDANG,N. 43,PERMAS,BN-UMNO,,103598,7926,55.66,57658,607,1024,56027,UMNO,BAHARUDIN BIN MOHAMED TAIB,MALE,,23492,,PAN,SYED OTHMAN (ARAB),MALE,52,14521,,PPBM,TAZUL ARIFIN BIN NASRI,MALE,43,15566,,,,,,,,PEJUANG,MAHAYA BINTI AHAD,FEMALE,44,1036,LOST DEPOSIT,,,,,,,WARISAN,MOHAMED RIDZA BIN BUSU,MALE,54,1412,LOST DEPOSIT,,,,,,,,,,,,,,,,,,,,,,,,,,,,,,
P.160_N. 44,JOHOR,P.160,JOHOR BAHRU,N. 44,LARKIN,BN-UMNO,,76004,6178,51.75,39329,264,632,38433,UMNO,MOHD HAIRI BIN MAD SHAH,MALE,37,16053,,PKR,DR ZAMIL NAJWAH ARBAIN,MALE,48,6448,,PPBM,ZULKIFLI BUJANG,MALE,44,9875,,,,,,,,PEJUANG,MOHAMAD RIADZ BIN MOHAMAD HASHIM,MALE,49,810,LOST DEPOSIT,MUDA,RASID ABU BAKAR,MALE,28,4948,,,,,,,,,,,,,,,,,,,,INDEPENDENT - BOOK,USTAZ NORRAMADAN BIN BUAN,MALE,45,299,LOST DEPOSIT,,,,,,,,,,,,
P.160_N. 45,JOHOR,P.160,JOHOR BAHRU,N. 45,STULANG,PH-DAP,,60577,2866,47.03,28490,184,432,27874,MCA,ANG BOON HENG,MALE,57,9633,,DAP,ANDREW CHEN KAH ENG,MALE,47,12499,,GERAKAN,YOUIS YAP,MALE,36,3789,,PBM,SAIFUL BAHARI,MALE,33,1359,LOST DEPOSIT,,,,,,,,,,,,,,,,,,,,,,,,,,,,,,,INDEPENDENT - SHIRT,MOHARAM BIN BAHAROM,MALE,,594,LOST DEPOSIT,,,,,,,,,,,,
P.161_N. 46,JOHOR,P.161,PULAI,N. 46,PERLING,PH-DAP,,101263,3347,43.28,43826,393,695,42738,MCA,TAN HIANG KEE,FEMALE,,15281,,DAP,LIEW CHIN TONG,MALE,45,18628,,GERAKAN,KHOO SHIAW LEE,MALE,50,8829,,,,,,,,,,,,,,,,,,,,,,,,,,,,,,,,,,,,,,,,,,,,,,,,,,,,,,,
P.161_N. 47,JOHOR,P.161,PULAI,N. 47,KEMPAS,BN-UMNO,,62011,3514,50.4,31254,235,392,30627,UMNO,RAMLEE BOHANI,MALE,50,11919,,PKR,NAPSIAH KHAMIS,FEMALE,42,8405,,PPBM,TPR. HJ. NUR FAIZAL B. ABDULLAH,MALE,49,8036,,,,,,,,PEJUANG,NORNEKMAN BIN DATO' OSMAN,MALE,48,1358,LOST DEPOSIT,,,,,,,,,,,,,,,,,,,,,,,,,INDEPENDENT - PENCIL,CIKGU AZWAN B. ABD RAHMAN,MALE,40,271,LOST DEPOSIT,INDEPENDENT - SHIRT,MOHD SUHIMI BIN A.RAHMAN,MALE,,158,LOST DEPOSIT,INDEPENDENT - HOUSE,TOK HAMBALI,MALE,62,480,LOST DEPOSIT
P.162_N. 48,JOHOR,P.162,ISKANDAR PUTERI,N. 48,SKUDAI,PH-DAP,,102828,13943,44.87,46144,507,604,45033,MCA,LIM SOON HAI,MALE,,12416,,DAP,MARINA BINTI IBRAHIM,FEMALE,35,26359,,PPBM,KHOO KONG EK,MALE,61,6258,,,,,,,,,,,,,,,,,,,,,,,,,,,,,,,,,,,,,,,,,,,,,,,,,,,,,,,
P.162_N. 49,JOHOR,P.162,ISKANDAR PUTERI,N. 49,KOTA ISKANDAR,BN-UMNO,,116415,4360,50.26,58507,755,1038,56714,UMNO,PANDAK BIN AHMAD,MALE,58,23133,,PAN,SR. HJ DZULKEFLY BIN AHMAD,MALE,56,18773,,PPBM,SAMSUDIN BIN ISMAIL,MALE,55,12503,,,,,,,,PEJUANG,DR. HJ. ZAINI BIN HJ. ABU BAKAR,MALE,63,1308,LOST DEPOSIT,,,,,,,,,,,,,PSM,ARA,MALE,46,997,LOST DEPOSIT,,,,,,,,,,,,,,,,,,,,,,,,
P.163_N. 50,JOHOR,P.163,KULAI,N. 50,BUKIT PERMAI,BN-UMNO,,39611,4755,58.29,23088,115,457,22516,UMNO,DATO' MOHD JAFNI MD SHUKOR,MALE,,10889,,,,,,,,PPBM,TOSRIN BIN JARVANTHI,MALE,72,5108,,,,,,,,PEJUANG,MOKHTAR ABDUL WAHAB,MALE,54,385,LOST DEPOSIT,MUDA,AZROL HJ. RAHANI,MALE,41,6134,,,,,,,,,,,,,,,,,,,,,,,,,,,,,,,,,,,,,
P.163_N. 51,JOHOR,P.163,KULAI,N. 51,BUKIT BATU,PH-PKR,,46237,137,53.68,24820,117,624,24079,MIC,S. SUPAYYAH,MALE,57,9302,,PKR,ARTHUR CHIONG SEN SERN,MALE,32,9439,,GERAKAN,TAN HENG CHOON,MALE,51,3989,,,,,,,,,,,,,,,,,,,,WARISAN,LEE MING WEN,MALE,38,1349,LOST DEPOSIT,,,,,,,,,,,,,,,,,,,,,,,,,,,,,,
P.163_N. 52,JOHOR,P.163,KULAI,N. 52,SENAI,PH-DAP,,63717,5921,51.13,32580,192,457,31931,MCA,KENNY SHEN POH KUAN,MALE,45,10604,,DAP,WONG BOR YANG,MALE,36,16525,,PPBM,YEO KWEE KWANG,MALE,52,4802,,,,,,,,,,,,,,,,,,,,,,,,,,,,,,,,,,,,,,,,,,,,,,,,,,,,,,,
P.164_N. 53,JOHOR,P.164,PONTIAN,N. 53,BENUT,BN-UMNO,,28165,5859,62.77,17678,106,300,17272,UMNO,HASNI BIN MOHAMMAD,MALE,63,10896,,PKR,HANIFF GHAZALI HOSMAN,MALE,42,1200,LOST DEPOSIT,PPBM, DATO' ISA BIN AB HAMID,MALE,56,5037,,,,,,,,PEJUANG,ISKANDAR NOOR BIN IBRAHIM,MALE,66,139,LOST DEPOSIT,,,,,,,,,,,,,,,,,,,,,,,,,,,,,,,,,,,,,,,,,,
P.164_N. 54,JOHOR,P.164,PONTIAN,N. 54,PULAI SEBATANG,BN-UMNO,,46991,6325,54.51,25616,156,543,24917,UMNO,HASRUNIZAH HASSAN (AZAH),FEMALE,45,12473,,PAN,YB SPEAKER SUHAIZAN,MALE,49,6148,,PAS,USTAZ ABDULLAH,MALE,61,5967,,,,,,,,PEJUANG,HJ. ABD. RASHID BIN ABD. HADI,MALE,61,329,LOST DEPOSIT,,,,,,,,,,,,,,,,,,,,,,,,,,,,,,,,,,,,,,,,,,
P.165_N. 55,JOHOR,P.165,TANJUNG PIAI,N. 55,PEKAN NANAS,BN-MCA,,35865,4835,60.88,21835,108,335,21392,MCA,TAN ENG MENG,MALE,60,11024,,DAP,YEO TUNG SIONG,MALE,43,6189,,GERAKAN,DATO' TAN,MALE,61,2741,,,,,,,,,,,,,,,,,,,,WARISAN,HISHAMUDDIN BIN BUSRI (KINO),MALE,50,1438,LOST DEPOSIT,,,,,,,,,,,,,,,,,,,,,,,,,,,,,,
P.165_N. 56,JOHOR,P.165,TANJUNG PIAI,N. 56,KUKUP,BN-UMNO,,34624,8201,57.24,19819,82,455,19282,UMNO,DATO' JEFRIDIN ATAN,MALE,54,11640,,PKR, ZAIFUL BAKRI @ EPUL,MALE,43,3276,,PPBM, MAHATHIR ISKANDAR BIN MUHAMMAD,MALE,35,3439,,,,,,,,PEJUANG,ZAMZAM BIN HASHIM,MALE,53,927,LOST DEPOSIT,,,,,,,,,,,,,,,,,,,,,,,,,,,,,,,,,,,,,,,,,,
